organism,specimen,antibiotic,susceptibility_percent,resistance_percent,susceptible_count,tested_count,year,reporting_period,geography,facility_or_network,source_page,source_section,notes
Escherichia coli,blood,Amikacin,75.5,,277,367,2023,2023-01-01 to 2023-12-31,India,ICMR AMRSN network,60,Table 2.7,ICMR AMRSN network surveillance data from tertiary-care hospitals; not hospital-specific; not community-representative. Context=OPD.
Escherichia coli,blood,Ceftriaxone,29.8,,70,235,2023,2023-01-01 to 2023-12-31,India,ICMR AMRSN network,60,Table 2.7,ICMR AMRSN network surveillance data from tertiary-care hospitals; not hospital-specific; not community-representative. Context=OPD.
Escherichia coli,blood,Ciprofloxacin,16.8,,62,369,2023,2023-01-01 to 2023-12-31,India,ICMR AMRSN network,60,Table 2.7,ICMR AMRSN network surveillance data from tertiary-care hospitals; not hospital-specific; not community-representative. Context=OPD.
Escherichia coli,blood,Colistin,98.8,,166,168,2023,2023-01-01 to 2023-12-31,India,ICMR AMRSN network,60,Table 2.7,ICMR AMRSN network surveillance data from tertiary-care hospitals; not hospital-specific; not community-representative. Context=OPD.
Escherichia coli,blood,Ertapenem,76.8,,232,302,2023,2023-01-01 to 2023-12-31,India,ICMR AMRSN network,60,Table 2.7,ICMR AMRSN network surveillance data from tertiary-care hospitals; not hospital-specific; not community-representative. Context=OPD.
Escherichia coli,blood,Fosfomycin,96.8,,30,31,2023,2023-01-01 to 2023-12-31,India,ICMR AMRSN network,60,Table 2.7,ICMR AMRSN network surveillance data from tertiary-care hospitals; not hospital-specific; not community-representative. Context=OPD.
Escherichia coli,blood,Imipenem,75.6,,273,361,2023,2023-01-01 to 2023-12-31,India,ICMR AMRSN network,60,Table 2.7,ICMR AMRSN network surveillance data from tertiary-care hospitals; not hospital-specific; not community-representative. Context=OPD.
Escherichia coli,blood,Levofloxacin,19.1,,35,183,2023,2023-01-01 to 2023-12-31,India,ICMR AMRSN network,60,Table 2.7,ICMR AMRSN network surveillance data from tertiary-care hospitals; not hospital-specific; not community-representative. Context=OPD.
Escherichia coli,blood,Meropenem,77.7,,283,364,2023,2023-01-01 to 2023-12-31,India,ICMR AMRSN network,60,Table 2.7,ICMR AMRSN network surveillance data from tertiary-care hospitals; not hospital-specific; not community-representative. Context=OPD.
Escherichia coli,blood,Minocycline,88.2,,186,211,2023,2023-01-01 to 2023-12-31,India,ICMR AMRSN network,60,Table 2.7,ICMR AMRSN network surveillance data from tertiary-care hospitals; not hospital-specific; not community-representative. Context=OPD.
Escherichia coli,blood,Piperacillin-tazobactam,56.9,,207,364,2023,2023-01-01 to 2023-12-31,India,ICMR AMRSN network,60,Table 2.7,ICMR AMRSN network surveillance data from tertiary-care hospitals; not hospital-specific; not community-representative. Context=OPD.
Escherichia coli,blood,Trimethoprim- sulfamethoxazole,42.6,,29,68,2023,2023-01-01 to 2023-12-31,India,ICMR AMRSN network,60,Table 2.7,ICMR AMRSN network surveillance data from tertiary-care hospitals; not hospital-specific; not community-representative. Context=OPD.
Klebsiella pneumoniae,blood,Amikacin,42.2,,84,199,2023,2023-01-01 to 2023-12-31,India,ICMR AMRSN network,61,Table 2.8,ICMR AMRSN network surveillance data from tertiary-care hospitals; not hospital-specific; not community-representative. Context=OPD.
Klebsiella pneumoniae,blood,Ceftriaxone,22.8,,37,162,2023,2023-01-01 to 2023-12-31,India,ICMR AMRSN network,61,Table 2.8,ICMR AMRSN network surveillance data from tertiary-care hospitals; not hospital-specific; not community-representative. Context=OPD.
Klebsiella pneumoniae,blood,Ciprofloxacin,22.2,,44,198,2023,2023-01-01 to 2023-12-31,India,ICMR AMRSN network,61,Table 2.8,ICMR AMRSN network surveillance data from tertiary-care hospitals; not hospital-specific; not community-representative. Context=OPD.
Klebsiella pneumoniae,blood,Colistin,99.2,,129,130,2023,2023-01-01 to 2023-12-31,India,ICMR AMRSN network,61,Table 2.8,ICMR AMRSN network surveillance data from tertiary-care hospitals; not hospital-specific; not community-representative. Context=OPD.
Klebsiella pneumoniae,blood,Ertapenem,49.7,,78,157,2023,2023-01-01 to 2023-12-31,India,ICMR AMRSN network,61,Table 2.8,ICMR AMRSN network surveillance data from tertiary-care hospitals; not hospital-specific; not community-representative. Context=OPD.
Klebsiella pneumoniae,blood,Fosfomycin,64.3,,9,14,2023,2023-01-01 to 2023-12-31,India,ICMR AMRSN network,61,Table 2.8,ICMR AMRSN network surveillance data from tertiary-care hospitals; not hospital-specific; not community-representative. Context=OPD.
Klebsiella pneumoniae,blood,Imipenem,37.9,,74,195,2023,2023-01-01 to 2023-12-31,India,ICMR AMRSN network,61,Table 2.8,ICMR AMRSN network surveillance data from tertiary-care hospitals; not hospital-specific; not community-representative. Context=OPD.
Klebsiella pneumoniae,blood,Levofloxacin,29.8,,31,104,2023,2023-01-01 to 2023-12-31,India,ICMR AMRSN network,61,Table 2.8,ICMR AMRSN network surveillance data from tertiary-care hospitals; not hospital-specific; not community-representative. Context=OPD.
Klebsiella pneumoniae,blood,Meropenem,39.8,,78,196,2023,2023-01-01 to 2023-12-31,India,ICMR AMRSN network,61,Table 2.8,ICMR AMRSN network surveillance data from tertiary-care hospitals; not hospital-specific; not community-representative. Context=OPD.
Klebsiella pneumoniae,blood,Minocycline,77.6,,97,125,2023,2023-01-01 to 2023-12-31,India,ICMR AMRSN network,61,Table 2.8,ICMR AMRSN network surveillance data from tertiary-care hospitals; not hospital-specific; not community-representative. Context=OPD.
Klebsiella pneumoniae,blood,Piperacillin- tazobactam,33.3,,67,201,2023,2023-01-01 to 2023-12-31,India,ICMR AMRSN network,61,Table 2.8,ICMR AMRSN network surveillance data from tertiary-care hospitals; not hospital-specific; not community-representative. Context=OPD.
Klebsiella pneumoniae,blood,Trimethoprim- sulfamethoxazole,34.4,,11,32,2023,2023-01-01 to 2023-12-31,India,ICMR AMRSN network,61,Table 2.8,ICMR AMRSN network surveillance data from tertiary-care hospitals; not hospital-specific; not community-representative. Context=OPD.
Acinetobacter baumannii,blood,Amikacin,38.1,,32,84,2023,2023-01-01 to 2023-12-31,India,ICMR AMRSN network,62,Table 2.9,ICMR AMRSN network surveillance data from tertiary-care hospitals; not hospital-specific; not community-representative. Context=OPD.
Acinetobacter baumannii,blood,Cefepime,28.6,,24,84,2023,2023-01-01 to 2023-12-31,India,ICMR AMRSN network,62,Table 2.9,ICMR AMRSN network surveillance data from tertiary-care hospitals; not hospital-specific; not community-representative. Context=OPD.
Acinetobacter baumannii,blood,Ceftazidime,25.0,,21,84,2023,2023-01-01 to 2023-12-31,India,ICMR AMRSN network,62,Table 2.9,ICMR AMRSN network surveillance data from tertiary-care hospitals; not hospital-specific; not community-representative. Context=OPD.
Acinetobacter baumannii,blood,Colistin,100.0,,58,58,2023,2023-01-01 to 2023-12-31,India,ICMR AMRSN network,62,Table 2.9,ICMR AMRSN network surveillance data from tertiary-care hospitals; not hospital-specific; not community-representative. Context=OPD.
Acinetobacter baumannii,blood,Imipenem,23.8,,20,84,2023,2023-01-01 to 2023-12-31,India,ICMR AMRSN network,62,Table 2.9,ICMR AMRSN network surveillance data from tertiary-care hospitals; not hospital-specific; not community-representative. Context=OPD.
Acinetobacter baumannii,blood,Levofloxacin,30.6,,15,49,2023,2023-01-01 to 2023-12-31,India,ICMR AMRSN network,62,Table 2.9,ICMR AMRSN network surveillance data from tertiary-care hospitals; not hospital-specific; not community-representative. Context=OPD.
Acinetobacter baumannii,blood,Meropenem,23.8,,20,84,2023,2023-01-01 to 2023-12-31,India,ICMR AMRSN network,62,Table 2.9,ICMR AMRSN network surveillance data from tertiary-care hospitals; not hospital-specific; not community-representative. Context=OPD.
Acinetobacter baumannii,blood,Minocycline,65.8,,52,79,2023,2023-01-01 to 2023-12-31,India,ICMR AMRSN network,62,Table 2.9,ICMR AMRSN network surveillance data from tertiary-care hospitals; not hospital-specific; not community-representative. Context=OPD.
Acinetobacter baumannii,blood,Piperacillin-,29.8,,25,84,2023,2023-01-01 to 2023-12-31,India,ICMR AMRSN network,62,Table 2.9,ICMR AMRSN network surveillance data from tertiary-care hospitals; not hospital-specific; not community-representative. Context=OPD.
Acinetobacter baumannii,blood,Piperacillin- tazobactam,14.4,,91,634,2023,2023-01-01 to 2023-12-31,India,ICMR AMRSN network,62,Table 2.9,ICMR AMRSN network surveillance data from tertiary-care hospitals; not hospital-specific; not community-representative. Context=ICU.
Salmonella Typhi,blood,Ampicillin,97.4,,414,425,2023,2023-01-01 to 2023-12-31,India,ICMR AMRSN network,63,Table 2.10,ICMR AMRSN network surveillance data from tertiary-care hospitals; not hospital-specific; not community-representative. Context=OPD.
Salmonella Typhi,blood,Azithromycin,96.3,,420,436,2023,2023-01-01 to 2023-12-31,India,ICMR AMRSN network,63,Table 2.10,ICMR AMRSN network surveillance data from tertiary-care hospitals; not hospital-specific; not community-representative. Context=OPD.
Salmonella Typhi,blood,Cefixime,96.2,,380,395,2023,2023-01-01 to 2023-12-31,India,ICMR AMRSN network,63,Table 2.10,ICMR AMRSN network surveillance data from tertiary-care hospitals; not hospital-specific; not community-representative. Context=OPD.
Salmonella Typhi,blood,Cefotaxime,96.8,,209,216,2023,2023-01-01 to 2023-12-31,India,ICMR AMRSN network,63,Table 2.10,ICMR AMRSN network surveillance data from tertiary-care hospitals; not hospital-specific; not community-representative. Context=OPD.
Salmonella Typhi,blood,Ceftriaxone,97.3,,427,439,2023,2023-01-01 to 2023-12-31,India,ICMR AMRSN network,63,Table 2.10,ICMR AMRSN network surveillance data from tertiary-care hospitals; not hospital-specific; not community-representative. Context=OPD.
Salmonella Typhi,blood,Chloramphenicol,98.1,,406,414,2023,2023-01-01 to 2023-12-31,India,ICMR AMRSN network,63,Table 2.10,ICMR AMRSN network surveillance data from tertiary-care hospitals; not hospital-specific; not community-representative. Context=OPD.
Salmonella Typhi,blood,Ciprofloxacin,1.8,,8,446,2023,2023-01-01 to 2023-12-31,India,ICMR AMRSN network,63,Table 2.10,ICMR AMRSN network surveillance data from tertiary-care hospitals; not hospital-specific; not community-representative. Context=OPD.
Salmonella Typhi,blood,Levofloxacin,22.2,,10,45,2023,2023-01-01 to 2023-12-31,India,ICMR AMRSN network,63,Table 2.10,ICMR AMRSN network surveillance data from tertiary-care hospitals; not hospital-specific; not community-representative. Context=OPD.
Salmonella Typhi,blood,Trimethoprim-,97.0,,423,436,2023,2023-01-01 to 2023-12-31,India,ICMR AMRSN network,63,Table 2.10,ICMR AMRSN network surveillance data from tertiary-care hospitals; not hospital-specific; not community-representative. Context=OPD.
Salmonella Typhi,blood,Trimethoprim- sulfamethoxazole,97.0,,195,201,2023,2023-01-01 to 2023-12-31,India,ICMR AMRSN network,63,Table 2.10,ICMR AMRSN network surveillance data from tertiary-care hospitals; not hospital-specific; not community-representative. Context=Ward.
Escherichia coli,urine,Amikacin,75.2,,2541,3378,2023,2023-01-01 to 2023-12-31,India,ICMR AMRSN network,64,Table 2.11,ICMR AMRSN network surveillance data from tertiary-care hospitals; not hospital-specific; not community-representative. Context=OPD.
Escherichia coli,urine,Cefazolin,11.0,,156,1413,2023,2023-01-01 to 2023-12-31,India,ICMR AMRSN network,64,Table 2.11,ICMR AMRSN network surveillance data from tertiary-care hospitals; not hospital-specific; not community-representative. Context=OPD.
Escherichia coli,urine,Ceftriaxone,29.0,,766,2645,2023,2023-01-01 to 2023-12-31,India,ICMR AMRSN network,64,Table 2.11,ICMR AMRSN network surveillance data from tertiary-care hospitals; not hospital-specific; not community-representative. Context=OPD.
Escherichia coli,urine,Ciprofloxacin,20.0,,676,3378,2023,2023-01-01 to 2023-12-31,India,ICMR AMRSN network,64,Table 2.11,ICMR AMRSN network surveillance data from tertiary-care hospitals; not hospital-specific; not community-representative. Context=OPD.
Escherichia coli,urine,Colistin,99.7,,1945,1970,2023,2023-01-01 to 2023-12-31,India,ICMR AMRSN network,64,Table 2.11,ICMR AMRSN network surveillance data from tertiary-care hospitals; not hospital-specific; not community-representative. Context=OPD.
Escherichia coli,urine,Ertapenem,79.3,,2322,2929,2023,2023-01-01 to 2023-12-31,India,ICMR AMRSN network,64,Table 2.11,ICMR AMRSN network surveillance data from tertiary-care hospitals; not hospital-specific; not community-representative. Context=OPD.
Escherichia coli,urine,Fosfomycin,93.7,,2011,2147,2023,2023-01-01 to 2023-12-31,India,ICMR AMRSN network,64,Table 2.11,ICMR AMRSN network surveillance data from tertiary-care hospitals; not hospital-specific; not community-representative. Context=OPD.
Escherichia coli,urine,Imipenem,76.5,,2451,3206,2023,2023-01-01 to 2023-12-31,India,ICMR AMRSN network,64,Table 2.11,ICMR AMRSN network surveillance data from tertiary-care hospitals; not hospital-specific; not community-representative. Context=OPD.
Escherichia coli,urine,Levofloxacin,20.5,,318,1549,2023,2023-01-01 to 2023-12-31,India,ICMR AMRSN network,64,Table 2.11,ICMR AMRSN network surveillance data from tertiary-care hospitals; not hospital-specific; not community-representative. Context=OPD.
Escherichia coli,urine,Meropenem,81.7,,2762,3379,2023,2023-01-01 to 2023-12-31,India,ICMR AMRSN network,64,Table 2.11,ICMR AMRSN network surveillance data from tertiary-care hospitals; not hospital-specific; not community-representative. Context=OPD.
Escherichia coli,urine,Minocycline,78.4,,1356,1729,2023,2023-01-01 to 2023-12-31,India,ICMR AMRSN network,64,Table 2.11,ICMR AMRSN network surveillance data from tertiary-care hospitals; not hospital-specific; not community-representative. Context=OPD.
Escherichia coli,urine,Nitrofurantoin,86.6,,2504,2891,2023,2023-01-01 to 2023-12-31,India,ICMR AMRSN network,64,Table 2.11,ICMR AMRSN network surveillance data from tertiary-care hospitals; not hospital-specific; not community-representative. Context=OPD.
Escherichia coli,urine,Piperacillin-,61.1,,2059,3371,2023,2023-01-01 to 2023-12-31,India,ICMR AMRSN network,64,Table 2.11,ICMR AMRSN network surveillance data from tertiary-care hospitals; not hospital-specific; not community-representative. Context=OPD.
Escherichia coli,urine,Piperacillin- tazobactam,48.2,,202,419,2023,2023-01-01 to 2023-12-31,India,ICMR AMRSN network,64,Table 2.11,ICMR AMRSN network surveillance data from tertiary-care hospitals; not hospital-specific; not community-representative. Context=ICU.
Escherichia coli,urine,Trimethoprim-,39.4,,1146,2911,2023,2023-01-01 to 2023-12-31,India,ICMR AMRSN network,64,Table 2.11,ICMR AMRSN network surveillance data from tertiary-care hospitals; not hospital-specific; not community-representative. Context=OPD.
Escherichia coli,urine,Trimethoprim- sulfamethoxazole,40.4,,154,381,2023,2023-01-01 to 2023-12-31,India,ICMR AMRSN network,64,Table 2.11,ICMR AMRSN network surveillance data from tertiary-care hospitals; not hospital-specific; not community-representative. Context=ICU.
Klebsiella pneumoniae,urine,Amikacin,53.3,,456,855,2023,2023-01-01 to 2023-12-31,India,ICMR AMRSN network,65,Table 2.12,ICMR AMRSN network surveillance data from tertiary-care hospitals; not hospital-specific; not community-representative. Context=OPD.
Klebsiella pneumoniae,urine,Cefazolin,10.7,,39,364,2023,2023-01-01 to 2023-12-31,India,ICMR AMRSN network,65,Table 2.12,ICMR AMRSN network surveillance data from tertiary-care hospitals; not hospital-specific; not community-representative. Context=OPD.
Klebsiella pneumoniae,urine,Ceftriaxone,40.5,,238,587,2023,2023-01-01 to 2023-12-31,India,ICMR AMRSN network,65,Table 2.12,ICMR AMRSN network surveillance data from tertiary-care hospitals; not hospital-specific; not community-representative. Context=OPD.
Klebsiella pneumoniae,urine,Ciprofloxacin,28.1,,240,854,2023,2023-01-01 to 2023-12-31,India,ICMR AMRSN network,65,Table 2.12,ICMR AMRSN network surveillance data from tertiary-care hospitals; not hospital-specific; not community-representative. Context=OPD.
Klebsiella pneumoniae,urine,Colistin,97.3,,535,554,2023,2023-01-01 to 2023-12-31,India,ICMR AMRSN network,65,Table 2.12,ICMR AMRSN network surveillance data from tertiary-care hospitals; not hospital-specific; not community-representative. Context=OPD.
Klebsiella pneumoniae,urine,Ertapenem,55.9,,418,748,2023,2023-01-01 to 2023-12-31,India,ICMR AMRSN network,65,Table 2.12,ICMR AMRSN network surveillance data from tertiary-care hospitals; not hospital-specific; not community-representative. Context=OPD.
Klebsiella pneumoniae,urine,Fosfomycin,61.9,,341,551,2023,2023-01-01 to 2023-12-31,India,ICMR AMRSN network,65,Table 2.12,ICMR AMRSN network surveillance data from tertiary-care hospitals; not hospital-specific; not community-representative. Context=OPD.
Klebsiella pneumoniae,urine,Imipenem,50.4,,408,809,2023,2023-01-01 to 2023-12-31,India,ICMR AMRSN network,65,Table 2.12,ICMR AMRSN network surveillance data from tertiary-care hospitals; not hospital-specific; not community-representative. Context=OPD.
Klebsiella pneumoniae,urine,Levofloxacin,18.4,,80,434,2023,2023-01-01 to 2023-12-31,India,ICMR AMRSN network,65,Table 2.12,ICMR AMRSN network surveillance data from tertiary-care hospitals; not hospital-specific; not community-representative. Context=OPD.
Klebsiella pneumoniae,urine,Meropenem,55.7,,476,854,2023,2023-01-01 to 2023-12-31,India,ICMR AMRSN network,65,Table 2.12,ICMR AMRSN network surveillance data from tertiary-care hospitals; not hospital-specific; not community-representative. Context=OPD.
Klebsiella pneumoniae,urine,Minocycline,73.4,,318,433,2023,2023-01-01 to 2023-12-31,India,ICMR AMRSN network,65,Table 2.12,ICMR AMRSN network surveillance data from tertiary-care hospitals; not hospital-specific; not community-representative. Context=OPD.
Klebsiella pneumoniae,urine,Nitrofurantoin,45.6,,328,720,2023,2023-01-01 to 2023-12-31,India,ICMR AMRSN network,65,Table 2.12,ICMR AMRSN network surveillance data from tertiary-care hospitals; not hospital-specific; not community-representative. Context=OPD.
Klebsiella pneumoniae,urine,Piperacillin-tazobactam,44.4,,378,852,2023,2023-01-01 to 2023-12-31,India,ICMR AMRSN network,65,Table 2.12,ICMR AMRSN network surveillance data from tertiary-care hospitals; not hospital-specific; not community-representative. Context=OPD.
Klebsiella pneumoniae,urine,Trimethoprim-,48.7,,364,748,2023,2023-01-01 to 2023-12-31,India,ICMR AMRSN network,65,Table 2.12,ICMR AMRSN network surveillance data from tertiary-care hospitals; not hospital-specific; not community-representative. Context=OPD.
Klebsiella pneumoniae,urine,Trimethoprim- sulfamethoxazole,29.3,,66,225,2023,2023-01-01 to 2023-12-31,India,ICMR AMRSN network,65,Table 2.12,ICMR AMRSN network surveillance data from tertiary-care hospitals; not hospital-specific; not community-representative. Context=ICU.
Pseudomonas aeruginosa,urine,Amikacin,68.6,,177,258,2023,2023-01-01 to 2023-12-31,India,ICMR AMRSN network,66,Table 2.13,ICMR AMRSN network surveillance data from tertiary-care hospitals; not hospital-specific; not community-representative. Context=OPD.
Pseudomonas aeruginosa,urine,Cefepime,63.5,,158,249,2023,2023-01-01 to 2023-12-31,India,ICMR AMRSN network,66,Table 2.13,ICMR AMRSN network surveillance data from tertiary-care hospitals; not hospital-specific; not community-representative. Context=OPD.
Pseudomonas aeruginosa,urine,Ceftazidime,59.5,,154,259,2023,2023-01-01 to 2023-12-31,India,ICMR AMRSN network,66,Table 2.13,ICMR AMRSN network surveillance data from tertiary-care hospitals; not hospital-specific; not community-representative. Context=OPD.
Pseudomonas aeruginosa,urine,Ciprofloxacin,45.2,,117,259,2023,2023-01-01 to 2023-12-31,India,ICMR AMRSN network,66,Table 2.13,ICMR AMRSN network surveillance data from tertiary-care hospitals; not hospital-specific; not community-representative. Context=OPD.
Pseudomonas aeruginosa,urine,Colistin,95.4,,195,198,2023,2023-01-01 to 2023-12-31,India,ICMR AMRSN network,66,Table 2.13,ICMR AMRSN network surveillance data from tertiary-care hospitals; not hospital-specific; not community-representative. Context=OPD.
Pseudomonas aeruginosa,urine,Gentamicin,60.5,,127,210,2023,2023-01-01 to 2023-12-31,India,ICMR AMRSN network,66,Table 2.13,ICMR AMRSN network surveillance data from tertiary-care hospitals; not hospital-specific; not community-representative. Context=OPD.
Pseudomonas aeruginosa,urine,Imipenem,61.4,,159,259,2023,2023-01-01 to 2023-12-31,India,ICMR AMRSN network,66,Table 2.13,ICMR AMRSN network surveillance data from tertiary-care hospitals; not hospital-specific; not community-representative. Context=OPD.
Pseudomonas aeruginosa,urine,Levofloxacin,35.5,,71,200,2023,2023-01-01 to 2023-12-31,India,ICMR AMRSN network,66,Table 2.13,ICMR AMRSN network surveillance data from tertiary-care hospitals; not hospital-specific; not community-representative. Context=OPD.
Pseudomonas aeruginosa,urine,Meropenem,68.0,,176,259,2023,2023-01-01 to 2023-12-31,India,ICMR AMRSN network,66,Table 2.13,ICMR AMRSN network surveillance data from tertiary-care hospitals; not hospital-specific; not community-representative. Context=OPD.
Pseudomonas aeruginosa,urine,Piperacillin-tazobactam,77.2,,200,259,2023,2023-01-01 to 2023-12-31,India,ICMR AMRSN network,66,Table 2.13,ICMR AMRSN network surveillance data from tertiary-care hospitals; not hospital-specific; not community-representative. Context=OPD.
Pseudomonas aeruginosa,urine,Tobramycin,56.3,,76,135,2023,2023-01-01 to 2023-12-31,India,ICMR AMRSN network,66,Table 2.13,ICMR AMRSN network surveillance data from tertiary-care hospitals; not hospital-specific; not community-representative. Context=OPD.
Enterococcus faecalis,urine,Ampicillin,77.5,,573,739,2023,2023-01-01 to 2023-12-31,India,ICMR AMRSN network,67,Table 2.14,ICMR AMRSN network surveillance data from tertiary-care hospitals; not hospital-specific; not community-representative. Context=OPD.
Enterococcus faecalis,urine,Ciprofloxacin,12.3,,89,724,2023,2023-01-01 to 2023-12-31,India,ICMR AMRSN network,67,Table 2.14,ICMR AMRSN network surveillance data from tertiary-care hospitals; not hospital-specific; not community-representative. Context=OPD.
Enterococcus faecalis,urine,Fosfomycin,75.2,,398,529,2023,2023-01-01 to 2023-12-31,India,ICMR AMRSN network,67,Table 2.14,ICMR AMRSN network surveillance data from tertiary-care hospitals; not hospital-specific; not community-representative. Context=OPD.
Enterococcus faecalis,urine,Gentamicin HL _,49.7,,301,606,2023,2023-01-01 to 2023-12-31,India,ICMR AMRSN network,67,Table 2.14,ICMR AMRSN network surveillance data from tertiary-care hospitals; not hospital-specific; not community-representative. Context=OPD.
Enterococcus faecalis,urine,Linezolid,96.6,,729,755,2023,2023-01-01 to 2023-12-31,India,ICMR AMRSN network,67,Table 2.14,ICMR AMRSN network surveillance data from tertiary-care hospitals; not hospital-specific; not community-representative. Context=OPD.
Enterococcus faecalis,urine,Nitrofurantoin,86.9,,628,723,2023,2023-01-01 to 2023-12-31,India,ICMR AMRSN network,67,Table 2.14,ICMR AMRSN network surveillance data from tertiary-care hospitals; not hospital-specific; not community-representative. Context=OPD.
Enterococcus faecalis,urine,Penicillin,47.8,,293,613,2023,2023-01-01 to 2023-12-31,India,ICMR AMRSN network,67,Table 2.14,ICMR AMRSN network surveillance data from tertiary-care hospitals; not hospital-specific; not community-representative. Context=OPD.
Enterococcus faecalis,urine,Teicoplanin,92.8,,675,727,2023,2023-01-01 to 2023-12-31,India,ICMR AMRSN network,67,Table 2.14,ICMR AMRSN network surveillance data from tertiary-care hospitals; not hospital-specific; not community-representative. Context=OPD.
Enterococcus faecalis,urine,Vancomycin,96.2,,726,755,2023,2023-01-01 to 2023-12-31,India,ICMR AMRSN network,67,Table 2.14,ICMR AMRSN network surveillance data from tertiary-care hospitals; not hospital-specific; not community-representative. Context=OPD.
Enterococcus faecium,urine,Ampicillin,34.1,,71,208,2023,2023-01-01 to 2023-12-31,India,ICMR AMRSN network,68,Table 2.15,ICMR AMRSN network surveillance data from tertiary-care hospitals; not hospital-specific; not community-representative. Context=OPD.
Enterococcus faecium,urine,Ciprofloxacin,9.2,,18,196,2023,2023-01-01 to 2023-12-31,India,ICMR AMRSN network,68,Table 2.15,ICMR AMRSN network surveillance data from tertiary-care hospitals; not hospital-specific; not community-representative. Context=OPD.
Enterococcus faecium,urine,Fosfomycin,,,0,3,2023,2023-01-01 to 2023-12-31,India,ICMR AMRSN network,68,Table 2.15,ICMR AMRSN network surveillance data from tertiary-care hospitals; not hospital-specific; not community-representative. Context=OPD.
Enterococcus faecium,urine,Gentamicin HL _,52.4,,97,185,2023,2023-01-01 to 2023-12-31,India,ICMR AMRSN network,68,Table 2.15,ICMR AMRSN network surveillance data from tertiary-care hospitals; not hospital-specific; not community-representative. Context=OPD.
Enterococcus faecium,urine,Linezolid,91.2,,198,217,2023,2023-01-01 to 2023-12-31,India,ICMR AMRSN network,68,Table 2.15,ICMR AMRSN network surveillance data from tertiary-care hospitals; not hospital-specific; not community-representative. Context=OPD.
Enterococcus faecium,urine,Nitrofurantoin,48.7,,94,193,2023,2023-01-01 to 2023-12-31,India,ICMR AMRSN network,68,Table 2.15,ICMR AMRSN network surveillance data from tertiary-care hospitals; not hospital-specific; not community-representative. Context=OPD.
Enterococcus faecium,urine,Penicillin,23.1,,37,160,2023,2023-01-01 to 2023-12-31,India,ICMR AMRSN network,68,Table 2.15,ICMR AMRSN network surveillance data from tertiary-care hospitals; not hospital-specific; not community-representative. Context=OPD.
Enterococcus faecium,urine,Teicoplanin,81.5,,167,205,2023,2023-01-01 to 2023-12-31,India,ICMR AMRSN network,68,Table 2.15,ICMR AMRSN network surveillance data from tertiary-care hospitals; not hospital-specific; not community-representative. Context=OPD.
Enterococcus faecium,urine,Vancomycin,83.4,,181,217,2023,2023-01-01 to 2023-12-31,India,ICMR AMRSN network,68,Table 2.15,ICMR AMRSN network surveillance data from tertiary-care hospitals; not hospital-specific; not community-representative. Context=OPD.
Escherichia coli,pus/exudates,Amikacin,62.8,,221,352,2023,2023-01-01 to 2023-12-31,India,ICMR AMRSN network,69,Table 2.16,ICMR AMRSN network surveillance data from tertiary-care hospitals; not hospital-specific; not community-representative. Context=OPD.
Escherichia coli,pus/exudates,Ceftriaxone,22.9,,51,223,2023,2023-01-01 to 2023-12-31,India,ICMR AMRSN network,69,Table 2.16,ICMR AMRSN network surveillance data from tertiary-care hospitals; not hospital-specific; not community-representative. Context=OPD.
Escherichia coli,pus/exudates,Ciprofloxacin,13.9,,49,352,2023,2023-01-01 to 2023-12-31,India,ICMR AMRSN network,69,Table 2.16,ICMR AMRSN network surveillance data from tertiary-care hospitals; not hospital-specific; not community-representative. Context=OPD.
Escherichia coli,pus/exudates,Colistin,99.0,,192,194,2023,2023-01-01 to 2023-12-31,India,ICMR AMRSN network,69,Table 2.16,ICMR AMRSN network surveillance data from tertiary-care hospitals; not hospital-specific; not community-representative. Context=OPD.
Escherichia coli,pus/exudates,Ertapenem,63.1,,197,312,2023,2023-01-01 to 2023-12-31,India,ICMR AMRSN network,69,Table 2.16,ICMR AMRSN network surveillance data from tertiary-care hospitals; not hospital-specific; not community-representative. Context=OPD.
Escherichia coli,pus/exudates,Fosfomycin,,,12,12,2023,2023-01-01 to 2023-12-31,India,ICMR AMRSN network,69,Table 2.16,ICMR AMRSN network surveillance data from tertiary-care hospitals; not hospital-specific; not community-representative. Context=OPD.
Escherichia coli,pus/exudates,Imipenem,58.9,,205,348,2023,2023-01-01 to 2023-12-31,India,ICMR AMRSN network,69,Table 2.16,ICMR AMRSN network surveillance data from tertiary-care hospitals; not hospital-specific; not community-representative. Context=OPD.
Escherichia coli,pus/exudates,Levofloxacin,21.4,,51,238,2023,2023-01-01 to 2023-12-31,India,ICMR AMRSN network,69,Table 2.16,ICMR AMRSN network surveillance data from tertiary-care hospitals; not hospital-specific; not community-representative. Context=OPD.
Escherichia coli,pus/exudates,Meropenem,65.6,,231,352,2023,2023-01-01 to 2023-12-31,India,ICMR AMRSN network,69,Table 2.16,ICMR AMRSN network surveillance data from tertiary-care hospitals; not hospital-specific; not community-representative. Context=OPD.
Escherichia coli,pus/exudates,Minocycline,92.3,,156,169,2023,2023-01-01 to 2023-12-31,India,ICMR AMRSN network,69,Table 2.16,ICMR AMRSN network surveillance data from tertiary-care hospitals; not hospital-specific; not community-representative. Context=OPD.
Escherichia coli,pus/exudates,Nitrofurantoin,,,0,0,2023,2023-01-01 to 2023-12-31,India,ICMR AMRSN network,69,Table 2.16,ICMR AMRSN network surveillance data from tertiary-care hospitals; not hospital-specific; not community-representative. Context=OPD.
Escherichia coli,pus/exudates,Piperacillin-tazobacta,48.6,,171,352,2023,2023-01-01 to 2023-12-31,India,ICMR AMRSN network,69,Table 2.16,ICMR AMRSN network surveillance data from tertiary-care hospitals; not hospital-specific; not community-representative. Context=OPD.
Escherichia coli,pus/exudates,Trimethoprim-,57.1,,24,42,2023,2023-01-01 to 2023-12-31,India,ICMR AMRSN network,69,Table 2.16,ICMR AMRSN network surveillance data from tertiary-care hospitals; not hospital-specific; not community-representative. Context=OPD.
Escherichia coli,pus/exudates,Trimethoprim- sulfamethoxazole,,,8,17,2023,2023-01-01 to 2023-12-31,India,ICMR AMRSN network,69,Table 2.16,ICMR AMRSN network surveillance data from tertiary-care hospitals; not hospital-specific; not community-representative. Context=ICU.
Staphylococcus aureus,pus/exudates,Cefoxitin,49.3,,328,665,2023,2023-01-01 to 2023-12-31,India,ICMR AMRSN network,70,Table 2.17,ICMR AMRSN network surveillance data from tertiary-care hospitals; not hospital-specific; not community-representative. Context=OPD.
Staphylococcus aureus,pus/exudates,Ciprofloxacin,14.0,,95,680,2023,2023-01-01 to 2023-12-31,India,ICMR AMRSN network,70,Table 2.17,ICMR AMRSN network surveillance data from tertiary-care hospitals; not hospital-specific; not community-representative. Context=OPD.
Staphylococcus aureus,pus/exudates,Clindamycin,76.6,,520,679,2023,2023-01-01 to 2023-12-31,India,ICMR AMRSN network,70,Table 2.17,ICMR AMRSN network surveillance data from tertiary-care hospitals; not hospital-specific; not community-representative. Context=OPD.
Staphylococcus aureus,pus/exudates,Daptomycin,93.0,,186,200,2023,2023-01-01 to 2023-12-31,India,ICMR AMRSN network,70,Table 2.17,ICMR AMRSN network surveillance data from tertiary-care hospitals; not hospital-specific; not community-representative. Context=OPD.
Staphylococcus aureus,pus/exudates,Erythromycin,36.8,,249,676,2023,2023-01-01 to 2023-12-31,India,ICMR AMRSN network,70,Table 2.17,ICMR AMRSN network surveillance data from tertiary-care hospitals; not hospital-specific; not community-representative. Context=OPD.
Staphylococcus aureus,pus/exudates,Linezolid,97.5,,661,678,2023,2023-01-01 to 2023-12-31,India,ICMR AMRSN network,70,Table 2.17,ICMR AMRSN network surveillance data from tertiary-care hospitals; not hospital-specific; not community-representative. Context=OPD.
Staphylococcus aureus,pus/exudates,Oxacillin,57.3,,90,157,2023,2023-01-01 to 2023-12-31,India,ICMR AMRSN network,70,Table 2.17,ICMR AMRSN network surveillance data from tertiary-care hospitals; not hospital-specific; not community-representative. Context=OPD.
Staphylococcus aureus,pus/exudates,Teicoplanin,100.0,,256,256,2023,2023-01-01 to 2023-12-31,India,ICMR AMRSN network,70,Table 2.17,ICMR AMRSN network surveillance data from tertiary-care hospitals; not hospital-specific; not community-representative. Context=OPD.
Staphylococcus aureus,pus/exudates,Tetracycline,79.9,,513,642,2023,2023-01-01 to 2023-12-31,India,ICMR AMRSN network,70,Table 2.17,ICMR AMRSN network surveillance data from tertiary-care hospitals; not hospital-specific; not community-representative. Context=OPD.
Staphylococcus aureus,pus/exudates,Tigecycline,100.0,,148,148,2023,2023-01-01 to 2023-12-31,India,ICMR AMRSN network,70,Table 2.17,ICMR AMRSN network surveillance data from tertiary-care hospitals; not hospital-specific; not community-representative. Context=OPD.
Staphylococcus aureus,pus/exudates,Trimethoprim- sulfamethoxazole,76.6,,520,679,2023,2023-01-01 to 2023-12-31,India,ICMR AMRSN network,70,Table 2.17,ICMR AMRSN network surveillance data from tertiary-care hospitals; not hospital-specific; not community-representative. Context=OPD.
Staphylococcus aureus,pus/exudates,Vancomycin,100.0,,677,677,2023,2023-01-01 to 2023-12-31,India,ICMR AMRSN network,70,Table 2.17,ICMR AMRSN network surveillance data from tertiary-care hospitals; not hospital-specific; not community-representative. Context=OPD.
Klebsiella pneumoniae,pus/exudates,Amikacin,44.3,,108,244,2023,2023-01-01 to 2023-12-31,India,ICMR AMRSN network,71,Table 2.18,ICMR AMRSN network surveillance data from tertiary-care hospitals; not hospital-specific; not community-representative. Context=OPD.
Klebsiella pneumoniae,pus/exudates,Ceftriaxone,37.6,,59,157,2023,2023-01-01 to 2023-12-31,India,ICMR AMRSN network,71,Table 2.18,ICMR AMRSN network surveillance data from tertiary-care hospitals; not hospital-specific; not community-representative. Context=OPD.
Klebsiella pneumoniae,pus/exudates,Ciprofloxacin,22.1,,54,244,2023,2023-01-01 to 2023-12-31,India,ICMR AMRSN network,71,Table 2.18,ICMR AMRSN network surveillance data from tertiary-care hospitals; not hospital-specific; not community-representative. Context=OPD.
Klebsiella pneumoniae,pus/exudates,Colistin,97.3,,146,150,2023,2023-01-01 to 2023-12-31,India,ICMR AMRSN network,71,Table 2.18,ICMR AMRSN network surveillance data from tertiary-care hospitals; not hospital-specific; not community-representative. Context=OPD.
Klebsiella pneumoniae,pus/exudates,Ertapenem,45.9,,95,207,2023,2023-01-01 to 2023-12-31,India,ICMR AMRSN network,71,Table 2.18,ICMR AMRSN network surveillance data from tertiary-care hospitals; not hospital-specific; not community-representative. Context=OPD.
Klebsiella pneumoniae,pus/exudates,Fosfomycin,,,15,20,2023,2023-01-01 to 2023-12-31,India,ICMR AMRSN network,71,Table 2.18,ICMR AMRSN network surveillance data from tertiary-care hospitals; not hospital-specific; not community-representative. Context=OPD.
Klebsiella pneumoniae,pus/exudates,Imipenem,43.9,,105,239,2023,2023-01-01 to 2023-12-31,India,ICMR AMRSN network,71,Table 2.18,ICMR AMRSN network surveillance data from tertiary-care hospitals; not hospital-specific; not community-representative. Context=OPD.
Klebsiella pneumoniae,pus/exudates,Levofloxacin,19.9,,30,151,2023,2023-01-01 to 2023-12-31,India,ICMR AMRSN network,71,Table 2.18,ICMR AMRSN network surveillance data from tertiary-care hospitals; not hospital-specific; not community-representative. Context=OPD.
Klebsiella pneumoniae,pus/exudates,Meropenem,47.5,,116,244,2023,2023-01-01 to 2023-12-31,India,ICMR AMRSN network,71,Table 2.18,ICMR AMRSN network surveillance data from tertiary-care hospitals; not hospital-specific; not community-representative. Context=OPD.
Klebsiella pneumoniae,pus/exudates,Minocycline,83.1,,113,136,2023,2023-01-01 to 2023-12-31,India,ICMR AMRSN network,71,Table 2.18,ICMR AMRSN network surveillance data from tertiary-care hospitals; not hospital-specific; not community-representative. Context=OPD.
Klebsiella pneumoniae,pus/exudates,Piperacillin-tazobactam,35.5,,86,242,2023,2023-01-01 to 2023-12-31,India,ICMR AMRSN network,71,Table 2.18,ICMR AMRSN network surveillance data from tertiary-care hospitals; not hospital-specific; not community-representative. Context=OPD.
Klebsiella pneumoniae,pus/exudates,Trimethoprim-,52.4,,22,42,2023,2023-01-01 to 2023-12-31,India,ICMR AMRSN network,71,Table 2.18,ICMR AMRSN network surveillance data from tertiary-care hospitals; not hospital-specific; not community-representative. Context=OPD.
Klebsiella pneumoniae,pus/exudates,Trimethoprim- sulfamethoxazole,,,6,19,2023,2023-01-01 to 2023-12-31,India,ICMR AMRSN network,71,Table 2.18,ICMR AMRSN network surveillance data from tertiary-care hospitals; not hospital-specific; not community-representative. Context=ICU.
Acinetobacter baumannii,pus/exudates,Amikacin,19.3,,16,83,2023,2023-01-01 to 2023-12-31,India,ICMR AMRSN network,72,Table 2.19,ICMR AMRSN network surveillance data from tertiary-care hospitals; not hospital-specific; not community-representative. Context=OPD.
Acinetobacter baumannii,pus/exudates,Cefepime,26.5,,22,83,2023,2023-01-01 to 2023-12-31,India,ICMR AMRSN network,72,Table 2.19,ICMR AMRSN network surveillance data from tertiary-care hospitals; not hospital-specific; not community-representative. Context=OPD.
Acinetobacter baumannii,pus/exudates,Ceftazidime,19.3,,16,83,2023,2023-01-01 to 2023-12-31,India,ICMR AMRSN network,72,Table 2.19,ICMR AMRSN network surveillance data from tertiary-care hospitals; not hospital-specific; not community-representative. Context=OPD.
Acinetobacter baumannii,pus/exudates,Colistin,100.0,,76,76,2023,2023-01-01 to 2023-12-31,India,ICMR AMRSN network,72,Table 2.19,ICMR AMRSN network surveillance data from tertiary-care hospitals; not hospital-specific; not community-representative. Context=OPD.
Acinetobacter baumannii,pus/exudates,Imipenem,20.5,,17,83,2023,2023-01-01 to 2023-12-31,India,ICMR AMRSN network,72,Table 2.19,ICMR AMRSN network surveillance data from tertiary-care hospitals; not hospital-specific; not community-representative. Context=OPD.
Acinetobacter baumannii,pus/exudates,Levofloxacin,11.1,,9,81,2023,2023-01-01 to 2023-12-31,India,ICMR AMRSN network,72,Table 2.19,ICMR AMRSN network surveillance data from tertiary-care hospitals; not hospital-specific; not community-representative. Context=OPD.
Acinetobacter baumannii,pus/exudates,Meropenem,18.1,,15,83,2023,2023-01-01 to 2023-12-31,India,ICMR AMRSN network,72,Table 2.19,ICMR AMRSN network surveillance data from tertiary-care hospitals; not hospital-specific; not community-representative. Context=OPD.
Acinetobacter baumannii,pus/exudates,Minocycline,75.3,,61,81,2023,2023-01-01 to 2023-12-31,India,ICMR AMRSN network,72,Table 2.19,ICMR AMRSN network surveillance data from tertiary-care hospitals; not hospital-specific; not community-representative. Context=OPD.
Acinetobacter baumannii,pus/exudates,Piperacillin-,30.1,,25,83,2023,2023-01-01 to 2023-12-31,India,ICMR AMRSN network,72,Table 2.19,ICMR AMRSN network surveillance data from tertiary-care hospitals; not hospital-specific; not community-representative. Context=OPD.
Acinetobacter baumannii,pus/exudates,Piperacillin- tazobactam,8.8,,8,91,2023,2023-01-01 to 2023-12-31,India,ICMR AMRSN network,72,Table 2.19,ICMR AMRSN network surveillance data from tertiary-care hospitals; not hospital-specific; not community-representative. Context=ICU.
Pseudomonas aeruginosa,pus/exudates,Amikacin,72.6,,220,303,2023,2023-01-01 to 2023-12-31,India,ICMR AMRSN network,73,Table 2.20,ICMR AMRSN network surveillance data from tertiary-care hospitals; not hospital-specific; not community-representative. Context=OPD.
Pseudomonas aeruginosa,pus/exudates,Cefepime,68.3,,194,284,2023,2023-01-01 to 2023-12-31,India,ICMR AMRSN network,73,Table 2.20,ICMR AMRSN network surveillance data from tertiary-care hospitals; not hospital-specific; not community-representative. Context=OPD.
Pseudomonas aeruginosa,pus/exudates,Ceftazidime,68.6,,214,312,2023,2023-01-01 to 2023-12-31,India,ICMR AMRSN network,73,Table 2.20,ICMR AMRSN network surveillance data from tertiary-care hospitals; not hospital-specific; not community-representative. Context=OPD.
Pseudomonas aeruginosa,pus/exudates,Ciprofloxacin,49.0,,153,312,2023,2023-01-01 to 2023-12-31,India,ICMR AMRSN network,73,Table 2.20,ICMR AMRSN network surveillance data from tertiary-care hospitals; not hospital-specific; not community-representative. Context=OPD.
Pseudomonas aeruginosa,pus/exudates,Colistin,95.6,,237,248,2023,2023-01-01 to 2023-12-31,India,ICMR AMRSN network,73,Table 2.20,ICMR AMRSN network surveillance data from tertiary-care hospitals; not hospital-specific; not community-representative. Context=OPD.
Pseudomonas aeruginosa,pus/exudates,Gentamicin,63.9,,163,255,2023,2023-01-01 to 2023-12-31,India,ICMR AMRSN network,73,Table 2.20,ICMR AMRSN network surveillance data from tertiary-care hospitals; not hospital-specific; not community-representative. Context=OPD.
Pseudomonas aeruginosa,pus/exudates,Imipenem,65.7,,205,312,2023,2023-01-01 to 2023-12-31,India,ICMR AMRSN network,73,Table 2.20,ICMR AMRSN network surveillance data from tertiary-care hospitals; not hospital-specific; not community-representative. Context=OPD.
Pseudomonas aeruginosa,pus/exudates,Levofloxacin,46.6,,136,292,2023,2023-01-01 to 2023-12-31,India,ICMR AMRSN network,73,Table 2.20,ICMR AMRSN network surveillance data from tertiary-care hospitals; not hospital-specific; not community-representative. Context=OPD.
Pseudomonas aeruginosa,pus/exudates,Meropenem,73.4,,229,312,2023,2023-01-01 to 2023-12-31,India,ICMR AMRSN network,73,Table 2.20,ICMR AMRSN network surveillance data from tertiary-care hospitals; not hospital-specific; not community-representative. Context=OPD.
Pseudomonas aeruginosa,pus/exudates,Piperacillin-tazobactam,80.8,,252,312,2023,2023-01-01 to 2023-12-31,India,ICMR AMRSN network,73,Table 2.20,ICMR AMRSN network surveillance data from tertiary-care hospitals; not hospital-specific; not community-representative. Context=OPD.
Pseudomonas aeruginosa,pus/exudates,Tobramycin,68.0,,134,197,2023,2023-01-01 to 2023-12-31,India,ICMR AMRSN network,73,Table 2.20,ICMR AMRSN network surveillance data from tertiary-care hospitals; not hospital-specific; not community-representative. Context=OPD.
Salmonella spp.,faeces,Ampicillin,89.7,,35,39,2023,2023-01-01 to 2023-12-31,India,ICMR AMRSN network,74,Table 2.21,ICMR AMRSN network surveillance data from tertiary-care hospitals; not hospital-specific; not community-representative. Context=OPD.
Salmonella spp.,faeces,Chloramphenicol,100.0,,38,38,2023,2023-01-01 to 2023-12-31,India,ICMR AMRSN network,74,Table 2.21,ICMR AMRSN network surveillance data from tertiary-care hospitals; not hospital-specific; not community-representative. Context=OPD.
Salmonella spp.,faeces,Ciprofloxacin,35.0,,14,40,2023,2023-01-01 to 2023-12-31,India,ICMR AMRSN network,74,Table 2.21,ICMR AMRSN network surveillance data from tertiary-care hospitals; not hospital-specific; not community-representative. Context=OPD.
Salmonella spp.,faeces,Trimethoprim- sulfamethoxazole,80.6,,29,36,2023,2023-01-01 to 2023-12-31,India,ICMR AMRSN network,74,Table 2.21,ICMR AMRSN network surveillance data from tertiary-care hospitals; not hospital-specific; not community-representative. Context=OPD.
Aeromonas spp.,faeces,Ciprofloxacin,26.7,,8,30,2023,2023-01-01 to 2023-12-31,India,ICMR AMRSN network,74,Table 2.22,ICMR AMRSN network surveillance data from tertiary-care hospitals; not hospital-specific; not community-representative. Context=OPD.
Aeromonas spp.,faeces,Imipenem,53.3,,16,30,2023,2023-01-01 to 2023-12-31,India,ICMR AMRSN network,74,Table 2.22,ICMR AMRSN network surveillance data from tertiary-care hospitals; not hospital-specific; not community-representative. Context=OPD.
Aeromonas spp.,faeces,Meropenem,93.3,,28,30,2023,2023-01-01 to 2023-12-31,India,ICMR AMRSN network,74,Table 2.22,ICMR AMRSN network surveillance data from tertiary-care hospitals; not hospital-specific; not community-representative. Context=OPD.
Aeromonas spp.,faeces,Tetracycline,76.7,,23,30,2023,2023-01-01 to 2023-12-31,India,ICMR AMRSN network,74,Table 2.22,ICMR AMRSN network surveillance data from tertiary-care hospitals; not hospital-specific; not community-representative. Context=OPD.
Shigella flexneri,faeces,Ampicillin,,,2,10,2023,2023-01-01 to 2023-12-31,India,ICMR AMRSN network,75,Table 2.23,ICMR AMRSN network surveillance data from tertiary-care hospitals; not hospital-specific; not community-representative. Context=OPD.
Shigella flexneri,faeces,Azithromycin,,,7,9,2023,2023-01-01 to 2023-12-31,India,ICMR AMRSN network,75,Table 2.23,ICMR AMRSN network surveillance data from tertiary-care hospitals; not hospital-specific; not community-representative. Context=OPD.
Shigella flexneri,faeces,Cefixime,,,7,10,2023,2023-01-01 to 2023-12-31,India,ICMR AMRSN network,75,Table 2.23,ICMR AMRSN network surveillance data from tertiary-care hospitals; not hospital-specific; not community-representative. Context=OPD.
Shigella flexneri,faeces,Ciprofloxacin,,,0,10,2023,2023-01-01 to 2023-12-31,India,ICMR AMRSN network,75,Table 2.23,ICMR AMRSN network surveillance data from tertiary-care hospitals; not hospital-specific; not community-representative. Context=OPD.
Shigella flexneri,faeces,Nalidixic acid,,,0,2,2023,2023-01-01 to 2023-12-31,India,ICMR AMRSN network,75,Table 2.23,ICMR AMRSN network surveillance data from tertiary-care hospitals; not hospital-specific; not community-representative. Context=OPD.
Shigella flexneri,faeces,Trimethoprim-,,,7,10,2023,2023-01-01 to 2023-12-31,India,ICMR AMRSN network,75,Table 2.23,ICMR AMRSN network surveillance data from tertiary-care hospitals; not hospital-specific; not community-representative. Context=OPD.
Shigella flexneri,faeces,Trimethoprim- sulfamethoxazole,,,12,14,2023,2023-01-01 to 2023-12-31,India,ICMR AMRSN network,75,Table 2.23,ICMR AMRSN network surveillance data from tertiary-care hospitals; not hospital-specific; not community-representative. Context=Ward.
Citrobacter freundii,all specimens except urine and faeces,Amikacin,69.2,,36,52,2023,2023-01-01 to 2023-12-31,India,ICMR AMRSN network,77,Table 3.1,ICMR AMRSN network surveillance data from tertiary-care hospitals; not hospital-specific; not community-representative.
Citrobacter freundii,all specimens except urine and faeces,Cefotaxime,28.9,,13,45,2023,2023-01-01 to 2023-12-31,India,ICMR AMRSN network,77,Table 3.1,ICMR AMRSN network surveillance data from tertiary-care hospitals; not hospital-specific; not community-representative.
Citrobacter freundii,all specimens except urine and faeces,Ceftazidime,27.8,,10,36,2023,2023-01-01 to 2023-12-31,India,ICMR AMRSN network,77,Table 3.1,ICMR AMRSN network surveillance data from tertiary-care hospitals; not hospital-specific; not community-representative.
Citrobacter freundii,all specimens except urine and faeces,Ciprofloxacin,36.5,,19,52,2023,2023-01-01 to 2023-12-31,India,ICMR AMRSN network,77,Table 3.1,ICMR AMRSN network surveillance data from tertiary-care hospitals; not hospital-specific; not community-representative.
Citrobacter freundii,all specimens except urine and faeces,Colistin*,,,29,30,2023,2023-01-01 to 2023-12-31,India,ICMR AMRSN network,77,Table 3.1,ICMR AMRSN network surveillance data from tertiary-care hospitals; not hospital-specific; not community-representative.
Citrobacter freundii,all specimens except urine and faeces,Ertapenem,76.5,,26,34,2023,2023-01-01 to 2023-12-31,India,ICMR AMRSN network,77,Table 3.1,ICMR AMRSN network surveillance data from tertiary-care hospitals; not hospital-specific; not community-representative.
Citrobacter freundii,all specimens except urine and faeces,Imipenem,64.0,,32,50,2023,2023-01-01 to 2023-12-31,India,ICMR AMRSN network,77,Table 3.1,ICMR AMRSN network surveillance data from tertiary-care hospitals; not hospital-specific; not community-representative.
Citrobacter freundii,all specimens except urine and faeces,Levofloxacin,,,9,27,2023,2023-01-01 to 2023-12-31,India,ICMR AMRSN network,77,Table 3.1,ICMR AMRSN network surveillance data from tertiary-care hospitals; not hospital-specific; not community-representative.
Citrobacter freundii,all specimens except urine and faeces,Meropenem,69.2,,36,52,2023,2023-01-01 to 2023-12-31,India,ICMR AMRSN network,77,Table 3.1,ICMR AMRSN network surveillance data from tertiary-care hospitals; not hospital-specific; not community-representative.
Citrobacter freundii,all specimens except urine and faeces,Piperacillin- tazobactam,48.1,,25,52,2023,2023-01-01 to 2023-12-31,India,ICMR AMRSN network,77,Table 3.1,ICMR AMRSN network surveillance data from tertiary-care hospitals; not hospital-specific; not community-representative.
Citrobacter koseri,all specimens except urine and faeces,Amikacin,70.4,,159,226,2023,2023-01-01 to 2023-12-31,India,ICMR AMRSN network,77,Table 3.1,ICMR AMRSN network surveillance data from tertiary-care hospitals; not hospital-specific; not community-representative.
Citrobacter koseri,all specimens except urine and faeces,Cefotaxime,52.5,,117,223,2023,2023-01-01 to 2023-12-31,India,ICMR AMRSN network,77,Table 3.1,ICMR AMRSN network surveillance data from tertiary-care hospitals; not hospital-specific; not community-representative.
Citrobacter koseri,all specimens except urine and faeces,Ceftazidime,48.8,,84,172,2023,2023-01-01 to 2023-12-31,India,ICMR AMRSN network,77,Table 3.1,ICMR AMRSN network surveillance data from tertiary-care hospitals; not hospital-specific; not community-representative.
Citrobacter koseri,all specimens except urine and faeces,Ciprofloxacin,61.5,,139,226,2023,2023-01-01 to 2023-12-31,India,ICMR AMRSN network,77,Table 3.1,ICMR AMRSN network surveillance data from tertiary-care hospitals; not hospital-specific; not community-representative.
Citrobacter koseri,all specimens except urine and faeces,Colistin*,100.0,,58,58,2023,2023-01-01 to 2023-12-31,India,ICMR AMRSN network,77,Table 3.1,ICMR AMRSN network surveillance data from tertiary-care hospitals; not hospital-specific; not community-representative.
Citrobacter koseri,all specimens except urine and faeces,Ertapenem,67.9,,127,187,2023,2023-01-01 to 2023-12-31,India,ICMR AMRSN network,77,Table 3.1,ICMR AMRSN network surveillance data from tertiary-care hospitals; not hospital-specific; not community-representative.
Citrobacter koseri,all specimens except urine and faeces,Imipenem,67.6,,140,207,2023,2023-01-01 to 2023-12-31,India,ICMR AMRSN network,77,Table 3.1,ICMR AMRSN network surveillance data from tertiary-care hospitals; not hospital-specific; not community-representative.
Citrobacter koseri,all specimens except urine and faeces,Levofloxacin,46.3,,62,134,2023,2023-01-01 to 2023-12-31,India,ICMR AMRSN network,77,Table 3.1,ICMR AMRSN network surveillance data from tertiary-care hospitals; not hospital-specific; not community-representative.
Citrobacter koseri,all specimens except urine and faeces,Meropenem,73.0,,165,226,2023,2023-01-01 to 2023-12-31,India,ICMR AMRSN network,77,Table 3.1,ICMR AMRSN network surveillance data from tertiary-care hospitals; not hospital-specific; not community-representative.
Citrobacter koseri,all specimens except urine and faeces,Piperacillin- tazobactam,63.7,,144,226,2023,2023-01-01 to 2023-12-31,India,ICMR AMRSN network,77,Table 3.1,ICMR AMRSN network surveillance data from tertiary-care hospitals; not hospital-specific; not community-representative.
Citrobacter spp.,all specimens except urine and faeces,Amikacin,73.8,,31,42,2023,2023-01-01 to 2023-12-31,India,ICMR AMRSN network,77,Table 3.1,ICMR AMRSN network surveillance data from tertiary-care hospitals; not hospital-specific; not community-representative.
Citrobacter spp.,all specimens except urine and faeces,Cefotaxime,47.1,,16,34,2023,2023-01-01 to 2023-12-31,India,ICMR AMRSN network,77,Table 3.1,ICMR AMRSN network surveillance data from tertiary-care hospitals; not hospital-specific; not community-representative.
Citrobacter spp.,all specimens except urine and faeces,Ceftazidime,,,5,17,2023,2023-01-01 to 2023-12-31,India,ICMR AMRSN network,77,Table 3.1,ICMR AMRSN network surveillance data from tertiary-care hospitals; not hospital-specific; not community-representative.
Citrobacter spp.,all specimens except urine and faeces,Ciprofloxacin,57.1,,24,42,2023,2023-01-01 to 2023-12-31,India,ICMR AMRSN network,77,Table 3.1,ICMR AMRSN network surveillance data from tertiary-care hospitals; not hospital-specific; not community-representative.
Citrobacter spp.,all specimens except urine and faeces,Colistin*,,,27,28,2023,2023-01-01 to 2023-12-31,India,ICMR AMRSN network,77,Table 3.1,ICMR AMRSN network surveillance data from tertiary-care hospitals; not hospital-specific; not community-representative.
Citrobacter spp.,all specimens except urine and faeces,Ertapenem,80.6,,29,36,2023,2023-01-01 to 2023-12-31,India,ICMR AMRSN network,77,Table 3.1,ICMR AMRSN network surveillance data from tertiary-care hospitals; not hospital-specific; not community-representative.
Citrobacter spp.,all specimens except urine and faeces,Imipenem,70.3,,26,37,2023,2023-01-01 to 2023-12-31,India,ICMR AMRSN network,77,Table 3.1,ICMR AMRSN network surveillance data from tertiary-care hospitals; not hospital-specific; not community-representative.
Citrobacter spp.,all specimens except urine and faeces,Levofloxacin,,,5,12,2023,2023-01-01 to 2023-12-31,India,ICMR AMRSN network,77,Table 3.1,ICMR AMRSN network surveillance data from tertiary-care hospitals; not hospital-specific; not community-representative.
Citrobacter spp.,all specimens except urine and faeces,Meropenem,73.8,,31,42,2023,2023-01-01 to 2023-12-31,India,ICMR AMRSN network,77,Table 3.1,ICMR AMRSN network surveillance data from tertiary-care hospitals; not hospital-specific; not community-representative.
Citrobacter spp.,all specimens except urine and faeces,Piperacillin- tazobactam,59.5,,25,42,2023,2023-01-01 to 2023-12-31,India,ICMR AMRSN network,77,Table 3.1,ICMR AMRSN network surveillance data from tertiary-care hospitals; not hospital-specific; not community-representative.
Enterobacter cloacae,all specimens except urine and faeces,Amikacin,66.0,,517,783,2023,2023-01-01 to 2023-12-31,India,ICMR AMRSN network,77,Table 3.1,ICMR AMRSN network surveillance data from tertiary-care hospitals; not hospital-specific; not community-representative.
Enterobacter cloacae,all specimens except urine and faeces,Cefotaxime,45.2,,307,679,2023,2023-01-01 to 2023-12-31,India,ICMR AMRSN network,77,Table 3.1,ICMR AMRSN network surveillance data from tertiary-care hospitals; not hospital-specific; not community-representative.
Enterobacter cloacae,all specimens except urine and faeces,Ceftazidime,47.1,,241,512,2023,2023-01-01 to 2023-12-31,India,ICMR AMRSN network,77,Table 3.1,ICMR AMRSN network surveillance data from tertiary-care hospitals; not hospital-specific; not community-representative.
Enterobacter cloacae,all specimens except urine and faeces,Ciprofloxacin,49.2,,386,784,2023,2023-01-01 to 2023-12-31,India,ICMR AMRSN network,77,Table 3.1,ICMR AMRSN network surveillance data from tertiary-care hospitals; not hospital-specific; not community-representative.
Enterobacter cloacae,all specimens except urine and faeces,Colistin*,93.3,,305,327,2023,2023-01-01 to 2023-12-31,India,ICMR AMRSN network,77,Table 3.1,ICMR AMRSN network surveillance data from tertiary-care hospitals; not hospital-specific; not community-representative.
Enterobacter cloacae,all specimens except urine and faeces,Ertapenem,73.5,,368,501,2023,2023-01-01 to 2023-12-31,India,ICMR AMRSN network,77,Table 3.1,ICMR AMRSN network surveillance data from tertiary-care hospitals; not hospital-specific; not community-representative.
Enterobacter cloacae,all specimens except urine and faeces,Imipenem,72.3,,558,772,2023,2023-01-01 to 2023-12-31,India,ICMR AMRSN network,77,Table 3.1,ICMR AMRSN network surveillance data from tertiary-care hospitals; not hospital-specific; not community-representative.
Enterobacter cloacae,all specimens except urine and faeces,Levofloxacin,49.5,,135,273,2023,2023-01-01 to 2023-12-31,India,ICMR AMRSN network,77,Table 3.1,ICMR AMRSN network surveillance data from tertiary-care hospitals; not hospital-specific; not community-representative.
Enterobacter cloacae,all specimens except urine and faeces,Meropenem,74.5,,580,779,2023,2023-01-01 to 2023-12-31,India,ICMR AMRSN network,77,Table 3.1,ICMR AMRSN network surveillance data from tertiary-care hospitals; not hospital-specific; not community-representative.
Enterobacter cloacae,all specimens except urine and faeces,Piperacillin- tazobactam,63.2,,495,783,2023,2023-01-01 to 2023-12-31,India,ICMR AMRSN network,77,Table 3.1,ICMR AMRSN network surveillance data from tertiary-care hospitals; not hospital-specific; not community-representative.
Enterobacter spp.,all specimens except urine and faeces,Amikacin,62.3,,76,122,2023,2023-01-01 to 2023-12-31,India,ICMR AMRSN network,77,Table 3.1,ICMR AMRSN network surveillance data from tertiary-care hospitals; not hospital-specific; not community-representative.
Enterobacter spp.,all specimens except urine and faeces,Cefotaxime,13.1,,13,99,2023,2023-01-01 to 2023-12-31,India,ICMR AMRSN network,77,Table 3.1,ICMR AMRSN network surveillance data from tertiary-care hospitals; not hospital-specific; not community-representative.
Enterobacter spp.,all specimens except urine and faeces,Ceftazidime,21.2,,24,113,2023,2023-01-01 to 2023-12-31,India,ICMR AMRSN network,77,Table 3.1,ICMR AMRSN network surveillance data from tertiary-care hospitals; not hospital-specific; not community-representative.
Enterobacter spp.,all specimens except urine and faeces,Ciprofloxacin,50.0,,61,122,2023,2023-01-01 to 2023-12-31,India,ICMR AMRSN network,77,Table 3.1,ICMR AMRSN network surveillance data from tertiary-care hospitals; not hospital-specific; not community-representative.
Enterobacter spp.,all specimens except urine and faeces,Colistin*,93.3,,305,327,2023,2023-01-01 to 2023-12-31,India,ICMR AMRSN network,77,Table 3.1,ICMR AMRSN network surveillance data from tertiary-care hospitals; not hospital-specific; not community-representative.
Enterobacter spp.,all specimens except urine and faeces,Ertapenem,75.9,,60,79,2023,2023-01-01 to 2023-12-31,India,ICMR AMRSN network,77,Table 3.1,ICMR AMRSN network surveillance data from tertiary-care hospitals; not hospital-specific; not community-representative.
Enterobacter spp.,all specimens except urine and faeces,Imipenem,68.0,,83,122,2023,2023-01-01 to 2023-12-31,India,ICMR AMRSN network,77,Table 3.1,ICMR AMRSN network surveillance data from tertiary-care hospitals; not hospital-specific; not community-representative.
Enterobacter spp.,all specimens except urine and faeces,Levofloxacin,62.3,,43,69,2023,2023-01-01 to 2023-12-31,India,ICMR AMRSN network,77,Table 3.1,ICMR AMRSN network surveillance data from tertiary-care hospitals; not hospital-specific; not community-representative.
Enterobacter spp.,all specimens except urine and faeces,Meropenem,71.3,,87,122,2023,2023-01-01 to 2023-12-31,India,ICMR AMRSN network,77,Table 3.1,ICMR AMRSN network surveillance data from tertiary-care hospitals; not hospital-specific; not community-representative.
Enterobacter spp.,all specimens except urine and faeces,Piperacillin- tazobactam,46.7,,56,120,2023,2023-01-01 to 2023-12-31,India,ICMR AMRSN network,77,Table 3.1,ICMR AMRSN network surveillance data from tertiary-care hospitals; not hospital-specific; not community-representative.
Escherichia coli,all specimens except urine and faeces,Amikacin,68.3,,5196,7611,2023,2023-01-01 to 2023-12-31,India,ICMR AMRSN network,77,Table 3.1,ICMR AMRSN network surveillance data from tertiary-care hospitals; not hospital-specific; not community-representative.
Escherichia coli,all specimens except urine and faeces,Cefotaxime,14.9,,1021,6833,2023,2023-01-01 to 2023-12-31,India,ICMR AMRSN network,77,Table 3.1,ICMR AMRSN network surveillance data from tertiary-care hospitals; not hospital-specific; not community-representative.
Escherichia coli,all specimens except urine and faeces,Ceftazidime,19.2,,935,4859,2023,2023-01-01 to 2023-12-31,India,ICMR AMRSN network,77,Table 3.1,ICMR AMRSN network surveillance data from tertiary-care hospitals; not hospital-specific; not community-representative.
Escherichia coli,all specimens except urine and faeces,Ciprofloxacin,12.8,,969,7597,2023,2023-01-01 to 2023-12-31,India,ICMR AMRSN network,77,Table 3.1,ICMR AMRSN network surveillance data from tertiary-care hospitals; not hospital-specific; not community-representative.
Escherichia coli,all specimens except urine and faeces,Colistin*,99.3,,3806,3832,2023,2023-01-01 to 2023-12-31,India,ICMR AMRSN network,77,Table 3.1,ICMR AMRSN network surveillance data from tertiary-care hospitals; not hospital-specific; not community-representative.
Escherichia coli,all specimens except urine and faeces,Ertapenem,59.8,,3364,5625,2023,2023-01-01 to 2023-12-31,India,ICMR AMRSN network,77,Table 3.1,ICMR AMRSN network surveillance data from tertiary-care hospitals; not hospital-specific; not community-representative.
Escherichia coli,all specimens except urine and faeces,Imipenem,62.7,,4686,7472,2023,2023-01-01 to 2023-12-31,India,ICMR AMRSN network,77,Table 3.1,ICMR AMRSN network surveillance data from tertiary-care hospitals; not hospital-specific; not community-representative.
Escherichia coli,all specimens except urine and faeces,Levofloxacin,16.2,,567,3500,2023,2023-01-01 to 2023-12-31,India,ICMR AMRSN network,77,Table 3.1,ICMR AMRSN network surveillance data from tertiary-care hospitals; not hospital-specific; not community-representative.
Escherichia coli,all specimens except urine and faeces,Meropenem,66.0,,5006,7582,2023,2023-01-01 to 2023-12-31,India,ICMR AMRSN network,77,Table 3.1,ICMR AMRSN network surveillance data from tertiary-care hospitals; not hospital-specific; not community-representative.
Escherichia coli,all specimens except urine and faeces,Piperacillin- tazobactam,42.4,,3205,7559,2023,2023-01-01 to 2023-12-31,India,ICMR AMRSN network,77,Table 3.1,ICMR AMRSN network surveillance data from tertiary-care hospitals; not hospital-specific; not community-representative.
Klebsiella (Enterobacter) aerogenes,all specimens except urine and faeces,Amikacin,71.4,,35,49,2023,2023-01-01 to 2023-12-31,India,ICMR AMRSN network,77,Table 3.1,ICMR AMRSN network surveillance data from tertiary-care hospitals; not hospital-specific; not community-representative.
Klebsiella (Enterobacter) aerogenes,all specimens except urine and faeces,Cefotaxime,28.6,,12,42,2023,2023-01-01 to 2023-12-31,India,ICMR AMRSN network,77,Table 3.1,ICMR AMRSN network surveillance data from tertiary-care hospitals; not hospital-specific; not community-representative.
Klebsiella (Enterobacter) aerogenes,all specimens except urine and faeces,Ceftazidime,37.5,,12,32,2023,2023-01-01 to 2023-12-31,India,ICMR AMRSN network,77,Table 3.1,ICMR AMRSN network surveillance data from tertiary-care hospitals; not hospital-specific; not community-representative.
Klebsiella (Enterobacter) aerogenes,all specimens except urine and faeces,Ciprofloxacin,46.9,,23,49,2023,2023-01-01 to 2023-12-31,India,ICMR AMRSN network,77,Table 3.1,ICMR AMRSN network surveillance data from tertiary-care hospitals; not hospital-specific; not community-representative.
Klebsiella (Enterobacter) aerogenes,all specimens except urine and faeces,Colistin*,,,19,19,2023,2023-01-01 to 2023-12-31,India,ICMR AMRSN network,77,Table 3.1,ICMR AMRSN network surveillance data from tertiary-care hospitals; not hospital-specific; not community-representative.
Klebsiella (Enterobacter) aerogenes,all specimens except urine and faeces,Ertapenem,65.6,,21,32,2023,2023-01-01 to 2023-12-31,India,ICMR AMRSN network,77,Table 3.1,ICMR AMRSN network surveillance data from tertiary-care hospitals; not hospital-specific; not community-representative.
Klebsiella (Enterobacter) aerogenes,all specimens except urine and faeces,Imipenem,71.4,,35,49,2023,2023-01-01 to 2023-12-31,India,ICMR AMRSN network,77,Table 3.1,ICMR AMRSN network surveillance data from tertiary-care hospitals; not hospital-specific; not community-representative.
Klebsiella (Enterobacter) aerogenes,all specimens except urine and faeces,Levofloxacin,42.9,,15,35,2023,2023-01-01 to 2023-12-31,India,ICMR AMRSN network,77,Table 3.1,ICMR AMRSN network surveillance data from tertiary-care hospitals; not hospital-specific; not community-representative.
Klebsiella (Enterobacter) aerogenes,all specimens except urine and faeces,Meropenem,81.6,,40,49,2023,2023-01-01 to 2023-12-31,India,ICMR AMRSN network,77,Table 3.1,ICMR AMRSN network surveillance data from tertiary-care hospitals; not hospital-specific; not community-representative.
Klebsiella (Enterobacter) aerogenes,all specimens except urine and faeces,Piperacillin- tazobactam,42.9,,21,49,2023,2023-01-01 to 2023-12-31,India,ICMR AMRSN network,77,Table 3.1,ICMR AMRSN network surveillance data from tertiary-care hospitals; not hospital-specific; not community-representative.
Klebsiella oxytoca,all specimens except urine and faeces,Amikacin,48.5,,64,132,2023,2023-01-01 to 2023-12-31,India,ICMR AMRSN network,77,Table 3.1,ICMR AMRSN network surveillance data from tertiary-care hospitals; not hospital-specific; not community-representative.
Klebsiella oxytoca,all specimens except urine and faeces,Cefotaxime,27.5,,33,120,2023,2023-01-01 to 2023-12-31,India,ICMR AMRSN network,77,Table 3.1,ICMR AMRSN network surveillance data from tertiary-care hospitals; not hospital-specific; not community-representative.
Klebsiella oxytoca,all specimens except urine and faeces,Ceftazidime,32.2,,37,115,2023,2023-01-01 to 2023-12-31,India,ICMR AMRSN network,77,Table 3.1,ICMR AMRSN network surveillance data from tertiary-care hospitals; not hospital-specific; not community-representative.
Klebsiella oxytoca,all specimens except urine and faeces,Ciprofloxacin,32.6,,43,132,2023,2023-01-01 to 2023-12-31,India,ICMR AMRSN network,77,Table 3.1,ICMR AMRSN network surveillance data from tertiary-care hospitals; not hospital-specific; not community-representative.
Klebsiella oxytoca,all specimens except urine and faeces,Colistin*,100.0,,69,69,2023,2023-01-01 to 2023-12-31,India,ICMR AMRSN network,77,Table 3.1,ICMR AMRSN network surveillance data from tertiary-care hospitals; not hospital-specific; not community-representative.
Klebsiella oxytoca,all specimens except urine and faeces,Ertapenem,49.0,,48,98,2023,2023-01-01 to 2023-12-31,India,ICMR AMRSN network,77,Table 3.1,ICMR AMRSN network surveillance data from tertiary-care hospitals; not hospital-specific; not community-representative.
Klebsiella oxytoca,all specimens except urine and faeces,Imipenem,46.8,,58,124,2023,2023-01-01 to 2023-12-31,India,ICMR AMRSN network,77,Table 3.1,ICMR AMRSN network surveillance data from tertiary-care hospitals; not hospital-specific; not community-representative.
Klebsiella oxytoca,all specimens except urine and faeces,Levofloxacin,27.7,,28,101,2023,2023-01-01 to 2023-12-31,India,ICMR AMRSN network,77,Table 3.1,ICMR AMRSN network surveillance data from tertiary-care hospitals; not hospital-specific; not community-representative.
Klebsiella oxytoca,all specimens except urine and faeces,Meropenem,51.5,,68,132,2023,2023-01-01 to 2023-12-31,India,ICMR AMRSN network,77,Table 3.1,ICMR AMRSN network surveillance data from tertiary-care hospitals; not hospital-specific; not community-representative.
Klebsiella oxytoca,all specimens except urine and faeces,Piperacillin- tazobactam,36.6,,48,131,2023,2023-01-01 to 2023-12-31,India,ICMR AMRSN network,77,Table 3.1,ICMR AMRSN network surveillance data from tertiary-care hospitals; not hospital-specific; not community-representative.
Klebsiella pneumoniae,all specimens except urine and faeces,Amikacin,34.5,,2539,7357,2023,2023-01-01 to 2023-12-31,India,ICMR AMRSN network,77,Table 3.1,ICMR AMRSN network surveillance data from tertiary-care hospitals; not hospital-specific; not community-representative.
Klebsiella pneumoniae,all specimens except urine and faeces,Cefotaxime,17.3,,1119,6479,2023,2023-01-01 to 2023-12-31,India,ICMR AMRSN network,77,Table 3.1,ICMR AMRSN network surveillance data from tertiary-care hospitals; not hospital-specific; not community-representative.
Klebsiella pneumoniae,all specimens except urine and faeces,Ceftazidime,18.1,,915,5063,2023,2023-01-01 to 2023-12-31,India,ICMR AMRSN network,77,Table 3.1,ICMR AMRSN network surveillance data from tertiary-care hospitals; not hospital-specific; not community-representative.
Klebsiella pneumoniae,all specimens except urine and faeces,Ciprofloxacin,17.1,,1258,7341,2023,2023-01-01 to 2023-12-31,India,ICMR AMRSN network,77,Table 3.1,ICMR AMRSN network surveillance data from tertiary-care hospitals; not hospital-specific; not community-representative.
Klebsiella pneumoniae,all specimens except urine and faeces,Colistin*,96.2,,4048,4206,2023,2023-01-01 to 2023-12-31,India,ICMR AMRSN network,77,Table 3.1,ICMR AMRSN network surveillance data from tertiary-care hospitals; not hospital-specific; not community-representative.
Klebsiella pneumoniae,all specimens except urine and faeces,Ertapenem,34.2,,1803,5275,2023,2023-01-01 to 2023-12-31,India,ICMR AMRSN network,77,Table 3.1,ICMR AMRSN network surveillance data from tertiary-care hospitals; not hospital-specific; not community-representative.
Klebsiella pneumoniae,all specimens except urine and faeces,Imipenem,35.6,,2568,7211,2023,2023-01-01 to 2023-12-31,India,ICMR AMRSN network,77,Table 3.1,ICMR AMRSN network surveillance data from tertiary-care hospitals; not hospital-specific; not community-representative.
Klebsiella pneumoniae,all specimens except urine and faeces,Levofloxacin,17.4,,647,3709,2023,2023-01-01 to 2023-12-31,India,ICMR AMRSN network,77,Table 3.1,ICMR AMRSN network surveillance data from tertiary-care hospitals; not hospital-specific; not community-representative.
Klebsiella pneumoniae,all specimens except urine and faeces,Meropenem,37.7,,2764,7335,2023,2023-01-01 to 2023-12-31,India,ICMR AMRSN network,77,Table 3.1,ICMR AMRSN network surveillance data from tertiary-care hospitals; not hospital-specific; not community-representative.
Klebsiella pneumoniae,all specimens except urine and faeces,Piperacillin- tazobactam,26.5,,1939,7312,2023,2023-01-01 to 2023-12-31,India,ICMR AMRSN network,77,Table 3.1,ICMR AMRSN network surveillance data from tertiary-care hospitals; not hospital-specific; not community-representative.
Klebsiella spp.,all specimens except urine and faeces,Amikacin,56.5,,104,184,2023,2023-01-01 to 2023-12-31,India,ICMR AMRSN network,77,Table 3.1,ICMR AMRSN network surveillance data from tertiary-care hospitals; not hospital-specific; not community-representative.
Klebsiella spp.,all specimens except urine and faeces,Cefotaxime,46.7,,84,180,2023,2023-01-01 to 2023-12-31,India,ICMR AMRSN network,77,Table 3.1,ICMR AMRSN network surveillance data from tertiary-care hospitals; not hospital-specific; not community-representative.
Klebsiella spp.,all specimens except urine and faeces,Ceftazidime,43.7,,69,158,2023,2023-01-01 to 2023-12-31,India,ICMR AMRSN network,77,Table 3.1,ICMR AMRSN network surveillance data from tertiary-care hospitals; not hospital-specific; not community-representative.
Klebsiella spp.,all specimens except urine and faeces,Ciprofloxacin,50.0,,92,184,2023,2023-01-01 to 2023-12-31,India,ICMR AMRSN network,77,Table 3.1,ICMR AMRSN network surveillance data from tertiary-care hospitals; not hospital-specific; not community-representative.
Klebsiella spp.,all specimens except urine and faeces,Colistin*,92.0,,46,50,2023,2023-01-01 to 2023-12-31,India,ICMR AMRSN network,77,Table 3.1,ICMR AMRSN network surveillance data from tertiary-care hospitals; not hospital-specific; not community-representative.
Klebsiella spp.,all specimens except urine and faeces,Ertapenem,65.4,,119,182,2023,2023-01-01 to 2023-12-31,India,ICMR AMRSN network,77,Table 3.1,ICMR AMRSN network surveillance data from tertiary-care hospitals; not hospital-specific; not community-representative.
Klebsiella spp.,all specimens except urine and faeces,Imipenem,60.2,,106,176,2023,2023-01-01 to 2023-12-31,India,ICMR AMRSN network,77,Table 3.1,ICMR AMRSN network surveillance data from tertiary-care hospitals; not hospital-specific; not community-representative.
Klebsiella spp.,all specimens except urine and faeces,Levofloxacin,46.5,,73,157,2023,2023-01-01 to 2023-12-31,India,ICMR AMRSN network,77,Table 3.1,ICMR AMRSN network surveillance data from tertiary-care hospitals; not hospital-specific; not community-representative.
Klebsiella spp.,all specimens except urine and faeces,Meropenem,67.9,,125,184,2023,2023-01-01 to 2023-12-31,India,ICMR AMRSN network,77,Table 3.1,ICMR AMRSN network surveillance data from tertiary-care hospitals; not hospital-specific; not community-representative.
Klebsiella spp.,all specimens except urine and faeces,Piperacillin- tazobactam,27.5,,50,182,2023,2023-01-01 to 2023-12-31,India,ICMR AMRSN network,77,Table 3.1,ICMR AMRSN network surveillance data from tertiary-care hospitals; not hospital-specific; not community-representative.
Morganella morganii,all specimens except urine and faeces,Amikacin,72.1,,165,229,2023,2023-01-01 to 2023-12-31,India,ICMR AMRSN network,77,Table 3.1,ICMR AMRSN network surveillance data from tertiary-care hospitals; not hospital-specific; not community-representative.
Morganella morganii,all specimens except urine and faeces,Cefotaxime,54.7,,110,201,2023,2023-01-01 to 2023-12-31,India,ICMR AMRSN network,77,Table 3.1,ICMR AMRSN network surveillance data from tertiary-care hospitals; not hospital-specific; not community-representative.
Morganella morganii,all specimens except urine and faeces,Ceftazidime,54.2,,83,153,2023,2023-01-01 to 2023-12-31,India,ICMR AMRSN network,77,Table 3.1,ICMR AMRSN network surveillance data from tertiary-care hospitals; not hospital-specific; not community-representative.
Morganella morganii,all specimens except urine and faeces,Ciprofloxacin,30.6,,70,229,2023,2023-01-01 to 2023-12-31,India,ICMR AMRSN network,77,Table 3.1,ICMR AMRSN network surveillance data from tertiary-care hospitals; not hospital-specific; not community-representative.
Morganella morganii,all specimens except urine and faeces,Ertapenem,85.5,,112,131,2023,2023-01-01 to 2023-12-31,India,ICMR AMRSN network,77,Table 3.1,ICMR AMRSN network surveillance data from tertiary-care hospitals; not hospital-specific; not community-representative.
Morganella morganii,all specimens except urine and faeces,Imipenem,59.8,,122,204,2023,2023-01-01 to 2023-12-31,India,ICMR AMRSN network,77,Table 3.1,ICMR AMRSN network surveillance data from tertiary-care hospitals; not hospital-specific; not community-representative.
Morganella morganii,all specimens except urine and faeces,Levofloxacin,39.5,,30,76,2023,2023-01-01 to 2023-12-31,India,ICMR AMRSN network,77,Table 3.1,ICMR AMRSN network surveillance data from tertiary-care hospitals; not hospital-specific; not community-representative.
Morganella morganii,all specimens except urine and faeces,Meropenem,85.6,,196,229,2023,2023-01-01 to 2023-12-31,India,ICMR AMRSN network,77,Table 3.1,ICMR AMRSN network surveillance data from tertiary-care hospitals; not hospital-specific; not community-representative.
Morganella morganii,all specimens except urine and faeces,Piperacillin- tazobactam,80.8,,185,229,2023,2023-01-01 to 2023-12-31,India,ICMR AMRSN network,77,Table 3.1,ICMR AMRSN network surveillance data from tertiary-care hospitals; not hospital-specific; not community-representative.
Proteus mirabilis,all specimens except urine and faeces,Amikacin,52.2,,349,668,2023,2023-01-01 to 2023-12-31,India,ICMR AMRSN network,77,Table 3.1,ICMR AMRSN network surveillance data from tertiary-care hospitals; not hospital-specific; not community-representative.
Proteus mirabilis,all specimens except urine and faeces,Cefotaxime,44.5,,261,586,2023,2023-01-01 to 2023-12-31,India,ICMR AMRSN network,77,Table 3.1,ICMR AMRSN network surveillance data from tertiary-care hospitals; not hospital-specific; not community-representative.
Proteus mirabilis,all specimens except urine and faeces,Ceftazidime,44.9,,233,519,2023,2023-01-01 to 2023-12-31,India,ICMR AMRSN network,77,Table 3.1,ICMR AMRSN network surveillance data from tertiary-care hospitals; not hospital-specific; not community-representative.
Proteus mirabilis,all specimens except urine and faeces,Ciprofloxacin,27.2,,181,666,2023,2023-01-01 to 2023-12-31,India,ICMR AMRSN network,77,Table 3.1,ICMR AMRSN network surveillance data from tertiary-care hospitals; not hospital-specific; not community-representative.
Proteus mirabilis,all specimens except urine and faeces,Colistin*,93.3,,305,327,2023,2023-01-01 to 2023-12-31,India,ICMR AMRSN network,77,Table 3.1,ICMR AMRSN network surveillance data from tertiary-care hospitals; not hospital-specific; not community-representative.
Proteus mirabilis,all specimens except urine and faeces,Ertapenem,81.0,,282,348,2023,2023-01-01 to 2023-12-31,India,ICMR AMRSN network,77,Table 3.1,ICMR AMRSN network surveillance data from tertiary-care hospitals; not hospital-specific; not community-representative.
Proteus mirabilis,all specimens except urine and faeces,Imipenem,64.7,,411,635,2023,2023-01-01 to 2023-12-31,India,ICMR AMRSN network,77,Table 3.1,ICMR AMRSN network surveillance data from tertiary-care hospitals; not hospital-specific; not community-representative.
Proteus mirabilis,all specimens except urine and faeces,Levofloxacin,21.8,,72,331,2023,2023-01-01 to 2023-12-31,India,ICMR AMRSN network,77,Table 3.1,ICMR AMRSN network surveillance data from tertiary-care hospitals; not hospital-specific; not community-representative.
Proteus mirabilis,all specimens except urine and faeces,Meropenem,79.0,,528,668,2023,2023-01-01 to 2023-12-31,India,ICMR AMRSN network,77,Table 3.1,ICMR AMRSN network surveillance data from tertiary-care hospitals; not hospital-specific; not community-representative.
Proteus mirabilis,all specimens except urine and faeces,Piperacillin- tazobactam,84.1,,555,660,2023,2023-01-01 to 2023-12-31,India,ICMR AMRSN network,77,Table 3.1,ICMR AMRSN network surveillance data from tertiary-care hospitals; not hospital-specific; not community-representative.
Providencia rettgeri,all specimens except urine and faeces,Amikacin,58.3,,21,36,2023,2023-01-01 to 2023-12-31,India,ICMR AMRSN network,77,Table 3.1,ICMR AMRSN network surveillance data from tertiary-care hospitals; not hospital-specific; not community-representative.
Providencia rettgeri,all specimens except urine and faeces,Cefotaxime,29.0,,9,31,2023,2023-01-01 to 2023-12-31,India,ICMR AMRSN network,77,Table 3.1,ICMR AMRSN network surveillance data from tertiary-care hospitals; not hospital-specific; not community-representative.
Providencia rettgeri,all specimens except urine and faeces,Ceftazidime,32.3,,10,31,2023,2023-01-01 to 2023-12-31,India,ICMR AMRSN network,77,Table 3.1,ICMR AMRSN network surveillance data from tertiary-care hospitals; not hospital-specific; not community-representative.
Providencia rettgeri,all specimens except urine and faeces,Ciprofloxacin,33.3,,12,36,2023,2023-01-01 to 2023-12-31,India,ICMR AMRSN network,77,Table 3.1,ICMR AMRSN network surveillance data from tertiary-care hospitals; not hospital-specific; not community-representative.
Providencia rettgeri,all specimens except urine and faeces,Ertapenem,,,13,23,2023,2023-01-01 to 2023-12-31,India,ICMR AMRSN network,77,Table 3.1,ICMR AMRSN network surveillance data from tertiary-care hospitals; not hospital-specific; not community-representative.
Providencia rettgeri,all specimens except urine and faeces,Imipenem,54.3,,19,35,2023,2023-01-01 to 2023-12-31,India,ICMR AMRSN network,77,Table 3.1,ICMR AMRSN network surveillance data from tertiary-care hospitals; not hospital-specific; not community-representative.
Providencia rettgeri,all specimens except urine and faeces,Levofloxacin,,,4,23,2023,2023-01-01 to 2023-12-31,India,ICMR AMRSN network,77,Table 3.1,ICMR AMRSN network surveillance data from tertiary-care hospitals; not hospital-specific; not community-representative.
Providencia rettgeri,all specimens except urine and faeces,Meropenem,58.3,,21,36,2023,2023-01-01 to 2023-12-31,India,ICMR AMRSN network,77,Table 3.1,ICMR AMRSN network surveillance data from tertiary-care hospitals; not hospital-specific; not community-representative.
Providencia rettgeri,all specimens except urine and faeces,Piperacillin- tazobactam,52.8,,19,36,2023,2023-01-01 to 2023-12-31,India,ICMR AMRSN network,77,Table 3.1,ICMR AMRSN network surveillance data from tertiary-care hospitals; not hospital-specific; not community-representative.
Providencia stuartii,all specimens except urine and faeces,Amikacin,52.9,,27,51,2023,2023-01-01 to 2023-12-31,India,ICMR AMRSN network,77,Table 3.1,ICMR AMRSN network surveillance data from tertiary-care hospitals; not hospital-specific; not community-representative.
Providencia stuartii,all specimens except urine and faeces,Cefotaxime,34.0,,17,50,2023,2023-01-01 to 2023-12-31,India,ICMR AMRSN network,77,Table 3.1,ICMR AMRSN network surveillance data from tertiary-care hospitals; not hospital-specific; not community-representative.
Providencia stuartii,all specimens except urine and faeces,Ceftazidime,29.3,,12,41,2023,2023-01-01 to 2023-12-31,India,ICMR AMRSN network,77,Table 3.1,ICMR AMRSN network surveillance data from tertiary-care hospitals; not hospital-specific; not community-representative.
Providencia stuartii,all specimens except urine and faeces,Ciprofloxacin,31.4,,16,51,2023,2023-01-01 to 2023-12-31,India,ICMR AMRSN network,77,Table 3.1,ICMR AMRSN network surveillance data from tertiary-care hospitals; not hospital-specific; not community-representative.
Providencia stuartii,all specimens except urine and faeces,Ertapenem,,,10,14,2023,2023-01-01 to 2023-12-31,India,ICMR AMRSN network,77,Table 3.1,ICMR AMRSN network surveillance data from tertiary-care hospitals; not hospital-specific; not community-representative.
Providencia stuartii,all specimens except urine and faeces,Imipenem,47.9,,23,48,2023,2023-01-01 to 2023-12-31,India,ICMR AMRSN network,77,Table 3.1,ICMR AMRSN network surveillance data from tertiary-care hospitals; not hospital-specific; not community-representative.
Providencia stuartii,all specimens except urine and faeces,Levofloxacin,,,1,15,2023,2023-01-01 to 2023-12-31,India,ICMR AMRSN network,77,Table 3.1,ICMR AMRSN network surveillance data from tertiary-care hospitals; not hospital-specific; not community-representative.
Providencia stuartii,all specimens except urine and faeces,Meropenem,64.7,,33,51,2023,2023-01-01 to 2023-12-31,India,ICMR AMRSN network,77,Table 3.1,ICMR AMRSN network surveillance data from tertiary-care hospitals; not hospital-specific; not community-representative.
Providencia stuartii,all specimens except urine and faeces,Piperacillin- tazobactam,47.1,,24,51,2023,2023-01-01 to 2023-12-31,India,ICMR AMRSN network,77,Table 3.1,ICMR AMRSN network surveillance data from tertiary-care hospitals; not hospital-specific; not community-representative.
Serratia marcescens,all specimens except urine and faeces,Amikacin,65.7,,182,277,2023,2023-01-01 to 2023-12-31,India,ICMR AMRSN network,77,Table 3.1,ICMR AMRSN network surveillance data from tertiary-care hospitals; not hospital-specific; not community-representative.
Serratia marcescens,all specimens except urine and faeces,Cefotaxime,29.2,,63,216,2023,2023-01-01 to 2023-12-31,India,ICMR AMRSN network,77,Table 3.1,ICMR AMRSN network surveillance data from tertiary-care hospitals; not hospital-specific; not community-representative.
Serratia marcescens,all specimens except urine and faeces,Ceftazidime,42.6,,84,197,2023,2023-01-01 to 2023-12-31,India,ICMR AMRSN network,77,Table 3.1,ICMR AMRSN network surveillance data from tertiary-care hospitals; not hospital-specific; not community-representative.
Serratia marcescens,all specimens except urine and faeces,Ciprofloxacin,49.6,,136,274,2023,2023-01-01 to 2023-12-31,India,ICMR AMRSN network,77,Table 3.1,ICMR AMRSN network surveillance data from tertiary-care hospitals; not hospital-specific; not community-representative.
Serratia marcescens,all specimens except urine and faeces,Ertapenem,72.4,,113,156,2023,2023-01-01 to 2023-12-31,India,ICMR AMRSN network,77,Table 3.1,ICMR AMRSN network surveillance data from tertiary-care hospitals; not hospital-specific; not community-representative.
Serratia marcescens,all specimens except urine and faeces,Imipenem,64.0,,155,242,2023,2023-01-01 to 2023-12-31,India,ICMR AMRSN network,77,Table 3.1,ICMR AMRSN network surveillance data from tertiary-care hospitals; not hospital-specific; not community-representative.
Serratia marcescens,all specimens except urine and faeces,Levofloxacin,47.9,,58,121,2023,2023-01-01 to 2023-12-31,India,ICMR AMRSN network,77,Table 3.1,ICMR AMRSN network surveillance data from tertiary-care hospitals; not hospital-specific; not community-representative.
Serratia marcescens,all specimens except urine and faeces,Meropenem,71.2,,195,274,2023,2023-01-01 to 2023-12-31,India,ICMR AMRSN network,77,Table 3.1,ICMR AMRSN network surveillance data from tertiary-care hospitals; not hospital-specific; not community-representative.
Serratia marcescens,all specimens except urine and faeces,Piperacillin- tazobactam,52.3,,115,220,2023,2023-01-01 to 2023-12-31,India,ICMR AMRSN network,77,Table 3.1,ICMR AMRSN network surveillance data from tertiary-care hospitals; not hospital-specific; not community-representative.
Escherichia coli,all specimens except urine and faeces,Amikacin,68.3,,5196,7611,2023,2023-01-01 to 2023-12-31,India,ICMR AMRSN network,78,Table 3.2,ICMR AMRSN network surveillance data from tertiary-care hospitals; not hospital-specific; not community-representative. Context=Total.
Escherichia coli,all specimens except urine and faeces,Cefotaxime,14.9,,1021,6833,2023,2023-01-01 to 2023-12-31,India,ICMR AMRSN network,78,Table 3.2,ICMR AMRSN network surveillance data from tertiary-care hospitals; not hospital-specific; not community-representative. Context=Total.
Escherichia coli,all specimens except urine and faeces,Ceftazidime,19.2,,935,4859,2023,2023-01-01 to 2023-12-31,India,ICMR AMRSN network,78,Table 3.2,ICMR AMRSN network surveillance data from tertiary-care hospitals; not hospital-specific; not community-representative. Context=Total.
Escherichia coli,all specimens except urine and faeces,Ciprofloxacin,12.8,,969,7597,2023,2023-01-01 to 2023-12-31,India,ICMR AMRSN network,78,Table 3.2,ICMR AMRSN network surveillance data from tertiary-care hospitals; not hospital-specific; not community-representative. Context=Total.
Escherichia coli,all specimens except urine and faeces,Colistin*,99.3,,3806,3832,2023,2023-01-01 to 2023-12-31,India,ICMR AMRSN network,78,Table 3.2,ICMR AMRSN network surveillance data from tertiary-care hospitals; not hospital-specific; not community-representative. Context=Total.
Escherichia coli,all specimens except urine and faeces,Ertapenem,59.8,,3364,5625,2023,2023-01-01 to 2023-12-31,India,ICMR AMRSN network,78,Table 3.2,ICMR AMRSN network surveillance data from tertiary-care hospitals; not hospital-specific; not community-representative. Context=Total.
Escherichia coli,all specimens except urine and faeces,Imipenem,62.7,,4686,7472,2023,2023-01-01 to 2023-12-31,India,ICMR AMRSN network,78,Table 3.2,ICMR AMRSN network surveillance data from tertiary-care hospitals; not hospital-specific; not community-representative. Context=Total.
Escherichia coli,all specimens except urine and faeces,Levofloxacin,16.2,,567,3500,2023,2023-01-01 to 2023-12-31,India,ICMR AMRSN network,78,Table 3.2,ICMR AMRSN network surveillance data from tertiary-care hospitals; not hospital-specific; not community-representative. Context=Total.
Escherichia coli,all specimens except urine and faeces,Meropenem,66.0,,5006,7582,2023,2023-01-01 to 2023-12-31,India,ICMR AMRSN network,78,Table 3.2,ICMR AMRSN network surveillance data from tertiary-care hospitals; not hospital-specific; not community-representative. Context=Total.
Escherichia coli,all specimens except urine and faeces,Piperacillin-,42.4,,3205,7559,2023,2023-01-01 to 2023-12-31,India,ICMR AMRSN network,78,Table 3.2,ICMR AMRSN network surveillance data from tertiary-care hospitals; not hospital-specific; not community-representative. Context=Total.
Escherichia coli,all specimens except urine and faeces,Piperacillin- tazobactam,39.4,,451,1145,2023,2023-01-01 to 2023-12-31,India,ICMR AMRSN network,78,Table 3.2,ICMR AMRSN network surveillance data from tertiary-care hospitals; not hospital-specific; not community-representative. Context=ICU.
Klebsiella pneumoniae,all specimens except urine and faeces,Amikacin,34.5,,2539,7357,2023,2023-01-01 to 2023-12-31,India,ICMR AMRSN network,79,Table 3.3,ICMR AMRSN network surveillance data from tertiary-care hospitals; not hospital-specific; not community-representative. Context=Total.
Klebsiella pneumoniae,all specimens except urine and faeces,Cefotaxime,17.3,,1119,6479,2023,2023-01-01 to 2023-12-31,India,ICMR AMRSN network,79,Table 3.3,ICMR AMRSN network surveillance data from tertiary-care hospitals; not hospital-specific; not community-representative. Context=Total.
Klebsiella pneumoniae,all specimens except urine and faeces,Ceftazidime,18.1,,915,5063,2023,2023-01-01 to 2023-12-31,India,ICMR AMRSN network,79,Table 3.3,ICMR AMRSN network surveillance data from tertiary-care hospitals; not hospital-specific; not community-representative. Context=Total.
Klebsiella pneumoniae,all specimens except urine and faeces,Ciprofloxacin,17.1,,1258,7341,2023,2023-01-01 to 2023-12-31,India,ICMR AMRSN network,79,Table 3.3,ICMR AMRSN network surveillance data from tertiary-care hospitals; not hospital-specific; not community-representative. Context=Total.
Klebsiella pneumoniae,all specimens except urine and faeces,Colistin*,96.2,,4048,4206,2023,2023-01-01 to 2023-12-31,India,ICMR AMRSN network,79,Table 3.3,ICMR AMRSN network surveillance data from tertiary-care hospitals; not hospital-specific; not community-representative. Context=Total.
Klebsiella pneumoniae,all specimens except urine and faeces,Ertapenem,34.2,,1803,5275,2023,2023-01-01 to 2023-12-31,India,ICMR AMRSN network,79,Table 3.3,ICMR AMRSN network surveillance data from tertiary-care hospitals; not hospital-specific; not community-representative. Context=Total.
Klebsiella pneumoniae,all specimens except urine and faeces,Imipenem,35.6,,2568,7211,2023,2023-01-01 to 2023-12-31,India,ICMR AMRSN network,79,Table 3.3,ICMR AMRSN network surveillance data from tertiary-care hospitals; not hospital-specific; not community-representative. Context=Total.
Klebsiella pneumoniae,all specimens except urine and faeces,Levofloxacin,17.4,,647,3709,2023,2023-01-01 to 2023-12-31,India,ICMR AMRSN network,79,Table 3.3,ICMR AMRSN network surveillance data from tertiary-care hospitals; not hospital-specific; not community-representative. Context=Total.
Klebsiella pneumoniae,all specimens except urine and faeces,Meropenem,37.7,,2764,7335,2023,2023-01-01 to 2023-12-31,India,ICMR AMRSN network,79,Table 3.3,ICMR AMRSN network surveillance data from tertiary-care hospitals; not hospital-specific; not community-representative. Context=Total.
Klebsiella pneumoniae,all specimens except urine and faeces,Piperacillin-,26.5,,1939,7312,2023,2023-01-01 to 2023-12-31,India,ICMR AMRSN network,79,Table 3.3,ICMR AMRSN network surveillance data from tertiary-care hospitals; not hospital-specific; not community-representative. Context=Total.
Klebsiella pneumoniae,all specimens except urine and faeces,Piperacillin- tazobactam,17.9,,393,2199,2023,2023-01-01 to 2023-12-31,India,ICMR AMRSN network,79,Table 3.3,ICMR AMRSN network surveillance data from tertiary-care hospitals; not hospital-specific; not community-representative. Context=ICU.
Enterobacter cloacae,all specimens except urine and faeces,Amikacin,66.0,,517,783,2023,2023-01-01 to 2023-12-31,India,ICMR AMRSN network,80,Table 3.4,ICMR AMRSN network surveillance data from tertiary-care hospitals; not hospital-specific; not community-representative. Context=Total.
Enterobacter cloacae,all specimens except urine and faeces,Cefotaxime,45.2,,307,679,2023,2023-01-01 to 2023-12-31,India,ICMR AMRSN network,80,Table 3.4,ICMR AMRSN network surveillance data from tertiary-care hospitals; not hospital-specific; not community-representative. Context=Total.
Enterobacter cloacae,all specimens except urine and faeces,Ceftazidime,47.1,,241,512,2023,2023-01-01 to 2023-12-31,India,ICMR AMRSN network,80,Table 3.4,ICMR AMRSN network surveillance data from tertiary-care hospitals; not hospital-specific; not community-representative. Context=Total.
Enterobacter cloacae,all specimens except urine and faeces,Ciprofloxacin,49.2,,386,784,2023,2023-01-01 to 2023-12-31,India,ICMR AMRSN network,80,Table 3.4,ICMR AMRSN network surveillance data from tertiary-care hospitals; not hospital-specific; not community-representative. Context=Total.
Enterobacter cloacae,all specimens except urine and faeces,Ertapenem,73.5,,368,501,2023,2023-01-01 to 2023-12-31,India,ICMR AMRSN network,80,Table 3.4,ICMR AMRSN network surveillance data from tertiary-care hospitals; not hospital-specific; not community-representative. Context=Total.
Enterobacter cloacae,all specimens except urine and faeces,Imipenem,72.3,,558,772,2023,2023-01-01 to 2023-12-31,India,ICMR AMRSN network,80,Table 3.4,ICMR AMRSN network surveillance data from tertiary-care hospitals; not hospital-specific; not community-representative. Context=Total.
Enterobacter cloacae,all specimens except urine and faeces,Levofloxacin,49.5,,135,273,2023,2023-01-01 to 2023-12-31,India,ICMR AMRSN network,80,Table 3.4,ICMR AMRSN network surveillance data from tertiary-care hospitals; not hospital-specific; not community-representative. Context=Total.
Enterobacter cloacae,all specimens except urine and faeces,Meropenem,74.5,,580,779,2023,2023-01-01 to 2023-12-31,India,ICMR AMRSN network,80,Table 3.4,ICMR AMRSN network surveillance data from tertiary-care hospitals; not hospital-specific; not community-representative. Context=Total.
Enterobacter cloacae,all specimens except urine and faeces,Piperacillin-,63.2,,495,783,2023,2023-01-01 to 2023-12-31,India,ICMR AMRSN network,80,Table 3.4,ICMR AMRSN network surveillance data from tertiary-care hospitals; not hospital-specific; not community-representative. Context=Total.
Enterobacter cloacae,all specimens except urine and faeces,Piperacillin- tazobactam,53.3,,72,135,2023,2023-01-01 to 2023-12-31,India,ICMR AMRSN network,80,Table 3.4,ICMR AMRSN network surveillance data from tertiary-care hospitals; not hospital-specific; not community-representative. Context=ICU.
Citrobacter koseri,all specimens except urine and faeces,Amikacin,70.4,,159,226,2023,2023-01-01 to 2023-12-31,India,ICMR AMRSN network,80,Table 3.5,ICMR AMRSN network surveillance data from tertiary-care hospitals; not hospital-specific; not community-representative. Context=Total.
Citrobacter koseri,all specimens except urine and faeces,Cefotaxime,52.5,,117,223,2023,2023-01-01 to 2023-12-31,India,ICMR AMRSN network,80,Table 3.5,ICMR AMRSN network surveillance data from tertiary-care hospitals; not hospital-specific; not community-representative. Context=Total.
Citrobacter koseri,all specimens except urine and faeces,Ceftazidime,48.8,,84,172,2023,2023-01-01 to 2023-12-31,India,ICMR AMRSN network,80,Table 3.5,ICMR AMRSN network surveillance data from tertiary-care hospitals; not hospital-specific; not community-representative. Context=Total.
Citrobacter koseri,all specimens except urine and faeces,Ciprofloxacin,61.5,,139,226,2023,2023-01-01 to 2023-12-31,India,ICMR AMRSN network,80,Table 3.5,ICMR AMRSN network surveillance data from tertiary-care hospitals; not hospital-specific; not community-representative. Context=Total.
Citrobacter koseri,all specimens except urine and faeces,Ertapenem,67.9,,127,187,2023,2023-01-01 to 2023-12-31,India,ICMR AMRSN network,80,Table 3.5,ICMR AMRSN network surveillance data from tertiary-care hospitals; not hospital-specific; not community-representative. Context=Total.
Citrobacter koseri,all specimens except urine and faeces,Imipenem,67.6,,140,207,2023,2023-01-01 to 2023-12-31,India,ICMR AMRSN network,80,Table 3.5,ICMR AMRSN network surveillance data from tertiary-care hospitals; not hospital-specific; not community-representative. Context=Total.
Citrobacter koseri,all specimens except urine and faeces,Levofloxacin,46.3,,62,134,2023,2023-01-01 to 2023-12-31,India,ICMR AMRSN network,80,Table 3.5,ICMR AMRSN network surveillance data from tertiary-care hospitals; not hospital-specific; not community-representative. Context=Total.
Citrobacter koseri,all specimens except urine and faeces,Meropenem,73.0,,165,226,2023,2023-01-01 to 2023-12-31,India,ICMR AMRSN network,80,Table 3.5,ICMR AMRSN network surveillance data from tertiary-care hospitals; not hospital-specific; not community-representative. Context=Total.
Citrobacter koseri,all specimens except urine and faeces,Piperacillin- tazobactam,63.7,,144,226,2023,2023-01-01 to 2023-12-31,India,ICMR AMRSN network,80,Table 3.5,ICMR AMRSN network surveillance data from tertiary-care hospitals; not hospital-specific; not community-representative. Context=Total.
Citrobacter freundii,urine,Amikacin,,,14,24,2023,2023-01-01 to 2023-12-31,India,ICMR AMRSN network,95,Table 3.14,ICMR AMRSN network surveillance data from tertiary-care hospitals; not hospital-specific; not community-representative.
Citrobacter freundii,urine,Cefazolin,,,1,9,2023,2023-01-01 to 2023-12-31,India,ICMR AMRSN network,95,Table 3.14,ICMR AMRSN network surveillance data from tertiary-care hospitals; not hospital-specific; not community-representative.
Citrobacter freundii,urine,Cefotaxime,,,8,21,2023,2023-01-01 to 2023-12-31,India,ICMR AMRSN network,95,Table 3.14,ICMR AMRSN network surveillance data from tertiary-care hospitals; not hospital-specific; not community-representative.
Citrobacter freundii,urine,Ceftazidime,,,5,16,2023,2023-01-01 to 2023-12-31,India,ICMR AMRSN network,95,Table 3.14,ICMR AMRSN network surveillance data from tertiary-care hospitals; not hospital-specific; not community-representative.
Citrobacter freundii,urine,Ciprofloxacin,,,7,24,2023,2023-01-01 to 2023-12-31,India,ICMR AMRSN network,95,Table 3.14,ICMR AMRSN network surveillance data from tertiary-care hospitals; not hospital-specific; not community-representative.
Citrobacter freundii,urine,Ertapenem,,,15,24,2023,2023-01-01 to 2023-12-31,India,ICMR AMRSN network,95,Table 3.14,ICMR AMRSN network surveillance data from tertiary-care hospitals; not hospital-specific; not community-representative.
Citrobacter freundii,urine,Fosfomycin,,,18,18,2023,2023-01-01 to 2023-12-31,India,ICMR AMRSN network,95,Table 3.14,ICMR AMRSN network surveillance data from tertiary-care hospitals; not hospital-specific; not community-representative.
Citrobacter freundii,urine,Imipenem,,,13,24,2023,2023-01-01 to 2023-12-31,India,ICMR AMRSN network,95,Table 3.14,ICMR AMRSN network surveillance data from tertiary-care hospitals; not hospital-specific; not community-representative.
Citrobacter freundii,urine,Levofloxacin,,,6,16,2023,2023-01-01 to 2023-12-31,India,ICMR AMRSN network,95,Table 3.14,ICMR AMRSN network surveillance data from tertiary-care hospitals; not hospital-specific; not community-representative.
Citrobacter freundii,urine,Meropenem,,,15,24,2023,2023-01-01 to 2023-12-31,India,ICMR AMRSN network,95,Table 3.14,ICMR AMRSN network surveillance data from tertiary-care hospitals; not hospital-specific; not community-representative.
Citrobacter freundii,urine,Nitrofurantoin,,,16,18,2023,2023-01-01 to 2023-12-31,India,ICMR AMRSN network,95,Table 3.14,ICMR AMRSN network surveillance data from tertiary-care hospitals; not hospital-specific; not community-representative.
Citrobacter freundii,urine,Piperacillin-,,,11,24,2023,2023-01-01 to 2023-12-31,India,ICMR AMRSN network,95,Table 3.14,ICMR AMRSN network surveillance data from tertiary-care hospitals; not hospital-specific; not community-representative.
Citrobacter freundii,urine,Trimethoprim-,,,14,23,2023,2023-01-01 to 2023-12-31,India,ICMR AMRSN network,95,Table 3.14,ICMR AMRSN network surveillance data from tertiary-care hospitals; not hospital-specific; not community-representative.
Citrobacter koseri,urine,Amikacin,72.2,,104,144,2023,2023-01-01 to 2023-12-31,India,ICMR AMRSN network,95,Table 3.14,ICMR AMRSN network surveillance data from tertiary-care hospitals; not hospital-specific; not community-representative.
Citrobacter koseri,urine,Cefazolin,10.2,,6,59,2023,2023-01-01 to 2023-12-31,India,ICMR AMRSN network,95,Table 3.14,ICMR AMRSN network surveillance data from tertiary-care hospitals; not hospital-specific; not community-representative.
Citrobacter koseri,urine,Cefotaxime,56.8,,79,139,2023,2023-01-01 to 2023-12-31,India,ICMR AMRSN network,95,Table 3.14,ICMR AMRSN network surveillance data from tertiary-care hospitals; not hospital-specific; not community-representative.
Citrobacter koseri,urine,Ceftazidime,53.7,,44,82,2023,2023-01-01 to 2023-12-31,India,ICMR AMRSN network,95,Table 3.14,ICMR AMRSN network surveillance data from tertiary-care hospitals; not hospital-specific; not community-representative.
Citrobacter koseri,urine,Ciprofloxacin,68.8,,99,144,2023,2023-01-01 to 2023-12-31,India,ICMR AMRSN network,95,Table 3.14,ICMR AMRSN network surveillance data from tertiary-care hospitals; not hospital-specific; not community-representative.
Citrobacter koseri,urine,Ertapenem,78.1,,100,128,2023,2023-01-01 to 2023-12-31,India,ICMR AMRSN network,95,Table 3.14,ICMR AMRSN network surveillance data from tertiary-care hospitals; not hospital-specific; not community-representative.
Citrobacter koseri,urine,Fosfomycin,91.5,,75,82,2023,2023-01-01 to 2023-12-31,India,ICMR AMRSN network,95,Table 3.14,ICMR AMRSN network surveillance data from tertiary-care hospitals; not hospital-specific; not community-representative.
Citrobacter koseri,urine,Imipenem,72.4,,89,123,2023,2023-01-01 to 2023-12-31,India,ICMR AMRSN network,95,Table 3.14,ICMR AMRSN network surveillance data from tertiary-care hospitals; not hospital-specific; not community-representative.
Citrobacter koseri,urine,Levofloxacin,53.7,,36,67,2023,2023-01-01 to 2023-12-31,India,ICMR AMRSN network,95,Table 3.14,ICMR AMRSN network surveillance data from tertiary-care hospitals; not hospital-specific; not community-representative.
Citrobacter koseri,urine,Meropenem,86.1,,124,144,2023,2023-01-01 to 2023-12-31,India,ICMR AMRSN network,95,Table 3.14,ICMR AMRSN network surveillance data from tertiary-care hospitals; not hospital-specific; not community-representative.
Citrobacter koseri,urine,Nitrofurantoin,77.0,,97,126,2023,2023-01-01 to 2023-12-31,India,ICMR AMRSN network,95,Table 3.14,ICMR AMRSN network surveillance data from tertiary-care hospitals; not hospital-specific; not community-representative.
Citrobacter koseri,urine,Piperacillin-,74.1,,106,143,2023,2023-01-01 to 2023-12-31,India,ICMR AMRSN network,95,Table 3.14,ICMR AMRSN network surveillance data from tertiary-care hospitals; not hospital-specific; not community-representative.
Citrobacter koseri,urine,Trimethoprim-,73.6,,92,125,2023,2023-01-01 to 2023-12-31,India,ICMR AMRSN network,95,Table 3.14,ICMR AMRSN network surveillance data from tertiary-care hospitals; not hospital-specific; not community-representative.
Enterobacter cloacae,urine,Amikacin,72.6,,85,117,2023,2023-01-01 to 2023-12-31,India,ICMR AMRSN network,95,Table 3.14,ICMR AMRSN network surveillance data from tertiary-care hospitals; not hospital-specific; not community-representative.
Enterobacter cloacae,urine,Cefazolin,10.0,,3,30,2023,2023-01-01 to 2023-12-31,India,ICMR AMRSN network,95,Table 3.14,ICMR AMRSN network surveillance data from tertiary-care hospitals; not hospital-specific; not community-representative.
Enterobacter cloacae,urine,Cefotaxime,44.8,,47,105,2023,2023-01-01 to 2023-12-31,India,ICMR AMRSN network,95,Table 3.14,ICMR AMRSN network surveillance data from tertiary-care hospitals; not hospital-specific; not community-representative.
Enterobacter cloacae,urine,Ceftazidime,49.1,,27,55,2023,2023-01-01 to 2023-12-31,India,ICMR AMRSN network,95,Table 3.14,ICMR AMRSN network surveillance data from tertiary-care hospitals; not hospital-specific; not community-representative.
Enterobacter cloacae,urine,Ciprofloxacin,55.6,,65,117,2023,2023-01-01 to 2023-12-31,India,ICMR AMRSN network,95,Table 3.14,ICMR AMRSN network surveillance data from tertiary-care hospitals; not hospital-specific; not community-representative.
Enterobacter cloacae,urine,Ertapenem,68.9,,71,103,2023,2023-01-01 to 2023-12-31,India,ICMR AMRSN network,95,Table 3.14,ICMR AMRSN network surveillance data from tertiary-care hospitals; not hospital-specific; not community-representative.
Enterobacter cloacae,urine,Fosfomycin,54.0,,34,63,2023,2023-01-01 to 2023-12-31,India,ICMR AMRSN network,95,Table 3.14,ICMR AMRSN network surveillance data from tertiary-care hospitals; not hospital-specific; not community-representative.
Enterobacter cloacae,urine,Imipenem,73.7,,84,114,2023,2023-01-01 to 2023-12-31,India,ICMR AMRSN network,95,Table 3.14,ICMR AMRSN network surveillance data from tertiary-care hospitals; not hospital-specific; not community-representative.
Enterobacter cloacae,urine,Levofloxacin,47.5,,19,40,2023,2023-01-01 to 2023-12-31,India,ICMR AMRSN network,95,Table 3.14,ICMR AMRSN network surveillance data from tertiary-care hospitals; not hospital-specific; not community-representative.
Enterobacter cloacae,urine,Meropenem,70.9,,83,117,2023,2023-01-01 to 2023-12-31,India,ICMR AMRSN network,95,Table 3.14,ICMR AMRSN network surveillance data from tertiary-care hospitals; not hospital-specific; not community-representative.
Enterobacter cloacae,urine,Nitrofurantoin,55.3,,47,85,2023,2023-01-01 to 2023-12-31,India,ICMR AMRSN network,95,Table 3.14,ICMR AMRSN network surveillance data from tertiary-care hospitals; not hospital-specific; not community-representative.
Enterobacter cloacae,urine,Piperacillin-,59.8,,70,117,2023,2023-01-01 to 2023-12-31,India,ICMR AMRSN network,95,Table 3.14,ICMR AMRSN network surveillance data from tertiary-care hospitals; not hospital-specific; not community-representative.
Enterobacter cloacae,urine,Trimethoprim-,62.1,,64,103,2023,2023-01-01 to 2023-12-31,India,ICMR AMRSN network,95,Table 3.14,ICMR AMRSN network surveillance data from tertiary-care hospitals; not hospital-specific; not community-representative.
Enterobacter spp.,urine,Amikacin,,,3,11,2023,2023-01-01 to 2023-12-31,India,ICMR AMRSN network,95,Table 3.14,ICMR AMRSN network surveillance data from tertiary-care hospitals; not hospital-specific; not community-representative.
Enterobacter spp.,urine,Cefazolin,,,0,7,2023,2023-01-01 to 2023-12-31,India,ICMR AMRSN network,95,Table 3.14,ICMR AMRSN network surveillance data from tertiary-care hospitals; not hospital-specific; not community-representative.
Enterobacter spp.,urine,Cefotaxime,,,1,10,2023,2023-01-01 to 2023-12-31,India,ICMR AMRSN network,95,Table 3.14,ICMR AMRSN network surveillance data from tertiary-care hospitals; not hospital-specific; not community-representative.
Enterobacter spp.,urine,Ceftazidime,,,0,8,2023,2023-01-01 to 2023-12-31,India,ICMR AMRSN network,95,Table 3.14,ICMR AMRSN network surveillance data from tertiary-care hospitals; not hospital-specific; not community-representative.
Enterobacter spp.,urine,Ciprofloxacin,,,2,11,2023,2023-01-01 to 2023-12-31,India,ICMR AMRSN network,95,Table 3.14,ICMR AMRSN network surveillance data from tertiary-care hospitals; not hospital-specific; not community-representative.
Enterobacter spp.,urine,Ertapenem,,,4,11,2023,2023-01-01 to 2023-12-31,India,ICMR AMRSN network,95,Table 3.14,ICMR AMRSN network surveillance data from tertiary-care hospitals; not hospital-specific; not community-representative.
Enterobacter spp.,urine,Fosfomycin,,,5,7,2023,2023-01-01 to 2023-12-31,India,ICMR AMRSN network,95,Table 3.14,ICMR AMRSN network surveillance data from tertiary-care hospitals; not hospital-specific; not community-representative.
Enterobacter spp.,urine,Imipenem,,,2,10,2023,2023-01-01 to 2023-12-31,India,ICMR AMRSN network,95,Table 3.14,ICMR AMRSN network surveillance data from tertiary-care hospitals; not hospital-specific; not community-representative.
Enterobacter spp.,urine,Levofloxacin,,,1,8,2023,2023-01-01 to 2023-12-31,India,ICMR AMRSN network,95,Table 3.14,ICMR AMRSN network surveillance data from tertiary-care hospitals; not hospital-specific; not community-representative.
Enterobacter spp.,urine,Meropenem,,,4,11,2023,2023-01-01 to 2023-12-31,India,ICMR AMRSN network,95,Table 3.14,ICMR AMRSN network surveillance data from tertiary-care hospitals; not hospital-specific; not community-representative.
Enterobacter spp.,urine,Nitrofurantoin,,,5,9,2023,2023-01-01 to 2023-12-31,India,ICMR AMRSN network,95,Table 3.14,ICMR AMRSN network surveillance data from tertiary-care hospitals; not hospital-specific; not community-representative.
Enterobacter spp.,urine,Piperacillin-,,,2,11,2023,2023-01-01 to 2023-12-31,India,ICMR AMRSN network,95,Table 3.14,ICMR AMRSN network surveillance data from tertiary-care hospitals; not hospital-specific; not community-representative.
Enterobacter spp.,urine,Trimethoprim-,,,1,8,2023,2023-01-01 to 2023-12-31,India,ICMR AMRSN network,95,Table 3.14,ICMR AMRSN network surveillance data from tertiary-care hospitals; not hospital-specific; not community-representative.
Escherichia coli,urine,Amikacin,71.1,,4163,5858,2023,2023-01-01 to 2023-12-31,India,ICMR AMRSN network,95,Table 3.14,ICMR AMRSN network surveillance data from tertiary-care hospitals; not hospital-specific; not community-representative.
Escherichia coli,urine,Cefazolin,10.4,,255,2446,2023,2023-01-01 to 2023-12-31,India,ICMR AMRSN network,95,Table 3.14,ICMR AMRSN network surveillance data from tertiary-care hospitals; not hospital-specific; not community-representative.
Escherichia coli,urine,Cefotaxime,23.4,,1253,5356,2023,2023-01-01 to 2023-12-31,India,ICMR AMRSN network,95,Table 3.14,ICMR AMRSN network surveillance data from tertiary-care hospitals; not hospital-specific; not community-representative.
Escherichia coli,urine,Ceftazidime,22.1,,727,3289,2023,2023-01-01 to 2023-12-31,India,ICMR AMRSN network,95,Table 3.14,ICMR AMRSN network surveillance data from tertiary-care hospitals; not hospital-specific; not community-representative.
Escherichia coli,urine,Ciprofloxacin,17.9,,1050,5858,2023,2023-01-01 to 2023-12-31,India,ICMR AMRSN network,95,Table 3.14,ICMR AMRSN network surveillance data from tertiary-care hospitals; not hospital-specific; not community-representative.
Escherichia coli,urine,Ertapenem,73.2,,3639,4972,2023,2023-01-01 to 2023-12-31,India,ICMR AMRSN network,95,Table 3.14,ICMR AMRSN network surveillance data from tertiary-care hospitals; not hospital-specific; not community-representative.
Escherichia coli,urine,Fosfomycin,93.7,,3477,3711,2023,2023-01-01 to 2023-12-31,India,ICMR AMRSN network,95,Table 3.14,ICMR AMRSN network surveillance data from tertiary-care hospitals; not hospital-specific; not community-representative.
Escherichia coli,urine,Imipenem,72.0,,4055,5630,2023,2023-01-01 to 2023-12-31,India,ICMR AMRSN network,95,Table 3.14,ICMR AMRSN network surveillance data from tertiary-care hospitals; not hospital-specific; not community-representative.
Escherichia coli,urine,Levofloxacin,18.8,,517,2752,2023,2023-01-01 to 2023-12-31,India,ICMR AMRSN network,95,Table 3.14,ICMR AMRSN network surveillance data from tertiary-care hospitals; not hospital-specific; not community-representative.
Escherichia coli,urine,Meropenem,77.2,,4526,5859,2023,2023-01-01 to 2023-12-31,India,ICMR AMRSN network,95,Table 3.14,ICMR AMRSN network surveillance data from tertiary-care hospitals; not hospital-specific; not community-representative.
Escherichia coli,urine,Nitrofurantoin,85.8,,4289,4999,2023,2023-01-01 to 2023-12-31,India,ICMR AMRSN network,95,Table 3.14,ICMR AMRSN network surveillance data from tertiary-care hospitals; not hospital-specific; not community-representative.
Escherichia coli,urine,Piperacillin-,56.1,,3277,5845,2023,2023-01-01 to 2023-12-31,India,ICMR AMRSN network,95,Table 3.14,ICMR AMRSN network surveillance data from tertiary-care hospitals; not hospital-specific; not community-representative.
Escherichia coli,urine,Trimethoprim-,47.1,,2334,4954,2023,2023-01-01 to 2023-12-31,India,ICMR AMRSN network,95,Table 3.14,ICMR AMRSN network surveillance data from tertiary-care hospitals; not hospital-specific; not community-representative.
Klebsiella oxytoca,urine,Amikacin,45.8,,38,83,2023,2023-01-01 to 2023-12-31,India,ICMR AMRSN network,95,Table 3.14,ICMR AMRSN network surveillance data from tertiary-care hospitals; not hospital-specific; not community-representative.
Klebsiella oxytoca,urine,Cefazolin,6.2,,4,65,2023,2023-01-01 to 2023-12-31,India,ICMR AMRSN network,95,Table 3.14,ICMR AMRSN network surveillance data from tertiary-care hospitals; not hospital-specific; not community-representative.
Klebsiella oxytoca,urine,Cefotaxime,15.4,,12,78,2023,2023-01-01 to 2023-12-31,India,ICMR AMRSN network,95,Table 3.14,ICMR AMRSN network surveillance data from tertiary-care hospitals; not hospital-specific; not community-representative.
Klebsiella oxytoca,urine,Ceftazidime,17.1,,12,70,2023,2023-01-01 to 2023-12-31,India,ICMR AMRSN network,95,Table 3.14,ICMR AMRSN network surveillance data from tertiary-care hospitals; not hospital-specific; not community-representative.
Klebsiella oxytoca,urine,Ciprofloxacin,23.2,,19,82,2023,2023-01-01 to 2023-12-31,India,ICMR AMRSN network,95,Table 3.14,ICMR AMRSN network surveillance data from tertiary-care hospitals; not hospital-specific; not community-representative.
Klebsiella oxytoca,urine,Ertapenem,35.9,,28,78,2023,2023-01-01 to 2023-12-31,India,ICMR AMRSN network,95,Table 3.14,ICMR AMRSN network surveillance data from tertiary-care hospitals; not hospital-specific; not community-representative.
Klebsiella oxytoca,urine,Fosfomycin,74.7,,56,75,2023,2023-01-01 to 2023-12-31,India,ICMR AMRSN network,95,Table 3.14,ICMR AMRSN network surveillance data from tertiary-care hospitals; not hospital-specific; not community-representative.
Klebsiella oxytoca,urine,Imipenem,35.4,,29,82,2023,2023-01-01 to 2023-12-31,India,ICMR AMRSN network,95,Table 3.14,ICMR AMRSN network surveillance data from tertiary-care hospitals; not hospital-specific; not community-representative.
Klebsiella oxytoca,urine,Levofloxacin,17.4,,12,69,2023,2023-01-01 to 2023-12-31,India,ICMR AMRSN network,95,Table 3.14,ICMR AMRSN network surveillance data from tertiary-care hospitals; not hospital-specific; not community-representative.
Klebsiella oxytoca,urine,Meropenem,48.8,,40,82,2023,2023-01-01 to 2023-12-31,India,ICMR AMRSN network,95,Table 3.14,ICMR AMRSN network surveillance data from tertiary-care hospitals; not hospital-specific; not community-representative.
Klebsiella oxytoca,urine,Nitrofurantoin,66.7,,48,72,2023,2023-01-01 to 2023-12-31,India,ICMR AMRSN network,95,Table 3.14,ICMR AMRSN network surveillance data from tertiary-care hospitals; not hospital-specific; not community-representative.
Klebsiella oxytoca,urine,Piperacillin-,24.4,,20,82,2023,2023-01-01 to 2023-12-31,India,ICMR AMRSN network,95,Table 3.14,ICMR AMRSN network surveillance data from tertiary-care hospitals; not hospital-specific; not community-representative.
Klebsiella oxytoca,urine,Trimethoprim-,44.0,,33,75,2023,2023-01-01 to 2023-12-31,India,ICMR AMRSN network,95,Table 3.14,ICMR AMRSN network surveillance data from tertiary-care hospitals; not hospital-specific; not community-representative.
Klebsiella pneumoniae,urine,Amikacin,44.4,,890,2006,2023,2023-01-01 to 2023-12-31,India,ICMR AMRSN network,95,Table 3.14,ICMR AMRSN network surveillance data from tertiary-care hospitals; not hospital-specific; not community-representative.
Klebsiella pneumoniae,urine,Cefazolin,8.7,,72,824,2023,2023-01-01 to 2023-12-31,India,ICMR AMRSN network,95,Table 3.14,ICMR AMRSN network surveillance data from tertiary-care hospitals; not hospital-specific; not community-representative.
Klebsiella pneumoniae,urine,Cefotaxime,21.9,,390,1782,2023,2023-01-01 to 2023-12-31,India,ICMR AMRSN network,95,Table 3.14,ICMR AMRSN network surveillance data from tertiary-care hospitals; not hospital-specific; not community-representative.
Klebsiella pneumoniae,urine,Ceftazidime,17.9,,214,1193,2023,2023-01-01 to 2023-12-31,India,ICMR AMRSN network,95,Table 3.14,ICMR AMRSN network surveillance data from tertiary-care hospitals; not hospital-specific; not community-representative.
Klebsiella pneumoniae,urine,Ciprofloxacin,20.4,,410,2005,2023,2023-01-01 to 2023-12-31,India,ICMR AMRSN network,95,Table 3.14,ICMR AMRSN network surveillance data from tertiary-care hospitals; not hospital-specific; not community-representative.
Klebsiella pneumoniae,urine,Ertapenem,43.5,,744,1712,2023,2023-01-01 to 2023-12-31,India,ICMR AMRSN network,95,Table 3.14,ICMR AMRSN network surveillance data from tertiary-care hospitals; not hospital-specific; not community-representative.
Klebsiella pneumoniae,urine,Fosfomycin,59.9,,748,1248,2023,2023-01-01 to 2023-12-31,India,ICMR AMRSN network,95,Table 3.14,ICMR AMRSN network surveillance data from tertiary-care hospitals; not hospital-specific; not community-representative.
Klebsiella pneumoniae,urine,Imipenem,41.2,,796,1931,2023,2023-01-01 to 2023-12-31,India,ICMR AMRSN network,95,Table 3.14,ICMR AMRSN network surveillance data from tertiary-care hospitals; not hospital-specific; not community-representative.
Klebsiella pneumoniae,urine,Levofloxacin,14.7,,159,1078,2023,2023-01-01 to 2023-12-31,India,ICMR AMRSN network,95,Table 3.14,ICMR AMRSN network surveillance data from tertiary-care hospitals; not hospital-specific; not community-representative.
Klebsiella pneumoniae,urine,Meropenem,45.0,,903,2006,2023,2023-01-01 to 2023-12-31,India,ICMR AMRSN network,95,Table 3.14,ICMR AMRSN network surveillance data from tertiary-care hospitals; not hospital-specific; not community-representative.
Klebsiella pneumoniae,urine,Nitrofurantoin,36.7,,607,1655,2023,2023-01-01 to 2023-12-31,India,ICMR AMRSN network,95,Table 3.14,ICMR AMRSN network surveillance data from tertiary-care hospitals; not hospital-specific; not community-representative.
Klebsiella pneumoniae,urine,Piperacillin-,33.6,,671,1998,2023,2023-01-01 to 2023-12-31,India,ICMR AMRSN network,95,Table 3.14,ICMR AMRSN network surveillance data from tertiary-care hospitals; not hospital-specific; not community-representative.
Klebsiella pneumoniae,urine,Trimethoprim-,40.0,,689,1722,2023,2023-01-01 to 2023-12-31,India,ICMR AMRSN network,95,Table 3.14,ICMR AMRSN network surveillance data from tertiary-care hospitals; not hospital-specific; not community-representative.
Klebsiella spp.,urine,Amikacin,,,12,19,2023,2023-01-01 to 2023-12-31,India,ICMR AMRSN network,95,Table 3.14,ICMR AMRSN network surveillance data from tertiary-care hospitals; not hospital-specific; not community-representative.
Klebsiella spp.,urine,Cefazolin,,,0,11,2023,2023-01-01 to 2023-12-31,India,ICMR AMRSN network,95,Table 3.14,ICMR AMRSN network surveillance data from tertiary-care hospitals; not hospital-specific; not community-representative.
Klebsiella spp.,urine,Cefotaxime,36.8,,7,19,2023,2023-01-01 to 2023-12-31,India,ICMR AMRSN network,95,Table 3.14,ICMR AMRSN network surveillance data from tertiary-care hospitals; not hospital-specific; not community-representative.
Klebsiella spp.,urine,Ceftazidime,,,0,11,2023,2023-01-01 to 2023-12-31,India,ICMR AMRSN network,95,Table 3.14,ICMR AMRSN network surveillance data from tertiary-care hospitals; not hospital-specific; not community-representative.
Klebsiella spp.,urine,Ciprofloxacin,,,6,19,2023,2023-01-01 to 2023-12-31,India,ICMR AMRSN network,95,Table 3.14,ICMR AMRSN network surveillance data from tertiary-care hospitals; not hospital-specific; not community-representative.
Klebsiella spp.,urine,Ertapenem,,,11,19,2023,2023-01-01 to 2023-12-31,India,ICMR AMRSN network,95,Table 3.14,ICMR AMRSN network surveillance data from tertiary-care hospitals; not hospital-specific; not community-representative.
Klebsiella spp.,urine,Fosfomycin,,,5,12,2023,2023-01-01 to 2023-12-31,India,ICMR AMRSN network,95,Table 3.14,ICMR AMRSN network surveillance data from tertiary-care hospitals; not hospital-specific; not community-representative.
Klebsiella spp.,urine,Imipenem,,,5,15,2023,2023-01-01 to 2023-12-31,India,ICMR AMRSN network,95,Table 3.14,ICMR AMRSN network surveillance data from tertiary-care hospitals; not hospital-specific; not community-representative.
Klebsiella spp.,urine,Levofloxacin,,,3,11,2023,2023-01-01 to 2023-12-31,India,ICMR AMRSN network,95,Table 3.14,ICMR AMRSN network surveillance data from tertiary-care hospitals; not hospital-specific; not community-representative.
Klebsiella spp.,urine,Meropenem,,,12,19,2023,2023-01-01 to 2023-12-31,India,ICMR AMRSN network,95,Table 3.14,ICMR AMRSN network surveillance data from tertiary-care hospitals; not hospital-specific; not community-representative.
Klebsiella spp.,urine,Nitrofurantoin,,,4,18,2023,2023-01-01 to 2023-12-31,India,ICMR AMRSN network,95,Table 3.14,ICMR AMRSN network surveillance data from tertiary-care hospitals; not hospital-specific; not community-representative.
Klebsiella spp.,urine,Piperacillin-,36.8,,7,19,2023,2023-01-01 to 2023-12-31,India,ICMR AMRSN network,95,Table 3.14,ICMR AMRSN network surveillance data from tertiary-care hospitals; not hospital-specific; not community-representative.
Klebsiella spp.,urine,Trimethoprim-,,,11,19,2023,2023-01-01 to 2023-12-31,India,ICMR AMRSN network,95,Table 3.14,ICMR AMRSN network surveillance data from tertiary-care hospitals; not hospital-specific; not community-representative.
Morganella morganii,urine,Amikacin,79.5,,62,78,2023,2023-01-01 to 2023-12-31,India,ICMR AMRSN network,95,Table 3.14,ICMR AMRSN network surveillance data from tertiary-care hospitals; not hospital-specific; not community-representative.
Morganella morganii,urine,Cefazolin,,,1,22,2023,2023-01-01 to 2023-12-31,India,ICMR AMRSN network,95,Table 3.14,ICMR AMRSN network surveillance data from tertiary-care hospitals; not hospital-specific; not community-representative.
Morganella morganii,urine,Cefotaxime,52.2,,36,69,2023,2023-01-01 to 2023-12-31,India,ICMR AMRSN network,95,Table 3.14,ICMR AMRSN network surveillance data from tertiary-care hospitals; not hospital-specific; not community-representative.
Morganella morganii,urine,Ceftazidime,68.1,,32,47,2023,2023-01-01 to 2023-12-31,India,ICMR AMRSN network,95,Table 3.14,ICMR AMRSN network surveillance data from tertiary-care hospitals; not hospital-specific; not community-representative.
Morganella morganii,urine,Ciprofloxacin,42.3,,33,78,2023,2023-01-01 to 2023-12-31,India,ICMR AMRSN network,95,Table 3.14,ICMR AMRSN network surveillance data from tertiary-care hospitals; not hospital-specific; not community-representative.
Morganella morganii,urine,Ertapenem,82.1,,55,67,2023,2023-01-01 to 2023-12-31,India,ICMR AMRSN network,95,Table 3.14,ICMR AMRSN network surveillance data from tertiary-care hospitals; not hospital-specific; not community-representative.
Morganella morganii,urine,Fosfomycin,27.8,,10,36,2023,2023-01-01 to 2023-12-31,India,ICMR AMRSN network,95,Table 3.14,ICMR AMRSN network surveillance data from tertiary-care hospitals; not hospital-specific; not community-representative.
Morganella morganii,urine,Imipenem,57.8,,37,64,2023,2023-01-01 to 2023-12-31,India,ICMR AMRSN network,95,Table 3.14,ICMR AMRSN network surveillance data from tertiary-care hospitals; not hospital-specific; not community-representative.
Morganella morganii,urine,Levofloxacin,37.1,,13,35,2023,2023-01-01 to 2023-12-31,India,ICMR AMRSN network,95,Table 3.14,ICMR AMRSN network surveillance data from tertiary-care hospitals; not hospital-specific; not community-representative.
Morganella morganii,urine,Meropenem,85.9,,67,78,2023,2023-01-01 to 2023-12-31,India,ICMR AMRSN network,95,Table 3.14,ICMR AMRSN network surveillance data from tertiary-care hospitals; not hospital-specific; not community-representative.
Morganella morganii,urine,Nitrofurantoin,12.5,,4,32,2023,2023-01-01 to 2023-12-31,India,ICMR AMRSN network,95,Table 3.14,ICMR AMRSN network surveillance data from tertiary-care hospitals; not hospital-specific; not community-representative.
Morganella morganii,urine,Piperacillin-,73.7,,56,76,2023,2023-01-01 to 2023-12-31,India,ICMR AMRSN network,95,Table 3.14,ICMR AMRSN network surveillance data from tertiary-care hospitals; not hospital-specific; not community-representative.
Morganella morganii,urine,Trimethoprim-,55.4,,36,65,2023,2023-01-01 to 2023-12-31,India,ICMR AMRSN network,95,Table 3.14,ICMR AMRSN network surveillance data from tertiary-care hospitals; not hospital-specific; not community-representative.
Proteus mirabilis,urine,Amikacin,55.0,,83,151,2023,2023-01-01 to 2023-12-31,India,ICMR AMRSN network,95,Table 3.14,ICMR AMRSN network surveillance data from tertiary-care hospitals; not hospital-specific; not community-representative.
Proteus mirabilis,urine,Cefazolin,6.3,,3,48,2023,2023-01-01 to 2023-12-31,India,ICMR AMRSN network,95,Table 3.14,ICMR AMRSN network surveillance data from tertiary-care hospitals; not hospital-specific; not community-representative.
Proteus mirabilis,urine,Cefotaxime,47.7,,62,130,2023,2023-01-01 to 2023-12-31,India,ICMR AMRSN network,95,Table 3.14,ICMR AMRSN network surveillance data from tertiary-care hospitals; not hospital-specific; not community-representative.
Proteus mirabilis,urine,Ceftazidime,39.8,,35,88,2023,2023-01-01 to 2023-12-31,India,ICMR AMRSN network,95,Table 3.14,ICMR AMRSN network surveillance data from tertiary-care hospitals; not hospital-specific; not community-representative.
Proteus mirabilis,urine,Ciprofloxacin,27.8,,42,151,2023,2023-01-01 to 2023-12-31,India,ICMR AMRSN network,95,Table 3.14,ICMR AMRSN network surveillance data from tertiary-care hospitals; not hospital-specific; not community-representative.
Proteus mirabilis,urine,Ertapenem,78.9,,97,123,2023,2023-01-01 to 2023-12-31,India,ICMR AMRSN network,95,Table 3.14,ICMR AMRSN network surveillance data from tertiary-care hospitals; not hospital-specific; not community-representative.
Proteus mirabilis,urine,Fosfomycin,76.3,,58,76,2023,2023-01-01 to 2023-12-31,India,ICMR AMRSN network,95,Table 3.14,ICMR AMRSN network surveillance data from tertiary-care hospitals; not hospital-specific; not community-representative.
Proteus mirabilis,urine,Imipenem,56.4,,75,133,2023,2023-01-01 to 2023-12-31,India,ICMR AMRSN network,95,Table 3.14,ICMR AMRSN network surveillance data from tertiary-care hospitals; not hospital-specific; not community-representative.
Proteus mirabilis,urine,Levofloxacin,27.0,,20,74,2023,2023-01-01 to 2023-12-31,India,ICMR AMRSN network,95,Table 3.14,ICMR AMRSN network surveillance data from tertiary-care hospitals; not hospital-specific; not community-representative.
Proteus mirabilis,urine,Meropenem,79.5,,120,151,2023,2023-01-01 to 2023-12-31,India,ICMR AMRSN network,95,Table 3.14,ICMR AMRSN network surveillance data from tertiary-care hospitals; not hospital-specific; not community-representative.
Proteus mirabilis,urine,Nitrofurantoin,7.4,,5,68,2023,2023-01-01 to 2023-12-31,India,ICMR AMRSN network,95,Table 3.14,ICMR AMRSN network surveillance data from tertiary-care hospitals; not hospital-specific; not community-representative.
Proteus mirabilis,urine,Piperacillin-,80.7,,121,150,2023,2023-01-01 to 2023-12-31,India,ICMR AMRSN network,95,Table 3.14,ICMR AMRSN network surveillance data from tertiary-care hospitals; not hospital-specific; not community-representative.
Proteus mirabilis,urine,Trimethoprim-,36.9,,48,130,2023,2023-01-01 to 2023-12-31,India,ICMR AMRSN network,95,Table 3.14,ICMR AMRSN network surveillance data from tertiary-care hospitals; not hospital-specific; not community-representative.
Providencia rettgeri,urine,Amikacin,,,7,18,2023,2023-01-01 to 2023-12-31,India,ICMR AMRSN network,95,Table 3.14,ICMR AMRSN network surveillance data from tertiary-care hospitals; not hospital-specific; not community-representative.
Providencia rettgeri,urine,Cefazolin,,,0,5,2023,2023-01-01 to 2023-12-31,India,ICMR AMRSN network,95,Table 3.14,ICMR AMRSN network surveillance data from tertiary-care hospitals; not hospital-specific; not community-representative.
Providencia rettgeri,urine,Cefotaxime,,,5,18,2023,2023-01-01 to 2023-12-31,India,ICMR AMRSN network,95,Table 3.14,ICMR AMRSN network surveillance data from tertiary-care hospitals; not hospital-specific; not community-representative.
Providencia rettgeri,urine,Ceftazidime,,,2,11,2023,2023-01-01 to 2023-12-31,India,ICMR AMRSN network,95,Table 3.14,ICMR AMRSN network surveillance data from tertiary-care hospitals; not hospital-specific; not community-representative.
Providencia rettgeri,urine,Ciprofloxacin,,,5,18,2023,2023-01-01 to 2023-12-31,India,ICMR AMRSN network,95,Table 3.14,ICMR AMRSN network surveillance data from tertiary-care hospitals; not hospital-specific; not community-representative.
Providencia rettgeri,urine,Ertapenem,,,6,18,2023,2023-01-01 to 2023-12-31,India,ICMR AMRSN network,95,Table 3.14,ICMR AMRSN network surveillance data from tertiary-care hospitals; not hospital-specific; not community-representative.
Providencia rettgeri,urine,Fosfomycin,,,5,12,2023,2023-01-01 to 2023-12-31,India,ICMR AMRSN network,95,Table 3.14,ICMR AMRSN network surveillance data from tertiary-care hospitals; not hospital-specific; not community-representative.
Providencia rettgeri,urine,Imipenem,,,3,17,2023,2023-01-01 to 2023-12-31,India,ICMR AMRSN network,95,Table 3.14,ICMR AMRSN network surveillance data from tertiary-care hospitals; not hospital-specific; not community-representative.
Providencia rettgeri,urine,Levofloxacin,,,2,12,2023,2023-01-01 to 2023-12-31,India,ICMR AMRSN network,95,Table 3.14,ICMR AMRSN network surveillance data from tertiary-care hospitals; not hospital-specific; not community-representative.
Providencia rettgeri,urine,Meropenem,,,5,18,2023,2023-01-01 to 2023-12-31,India,ICMR AMRSN network,95,Table 3.14,ICMR AMRSN network surveillance data from tertiary-care hospitals; not hospital-specific; not community-representative.
Providencia rettgeri,urine,Nitrofurantoin,,,0,7,2023,2023-01-01 to 2023-12-31,India,ICMR AMRSN network,95,Table 3.14,ICMR AMRSN network surveillance data from tertiary-care hospitals; not hospital-specific; not community-representative.
Providencia rettgeri,urine,Piperacillin- tazobactam,,,7,18,2023,2023-01-01 to 2023-12-31,India,ICMR AMRSN network,95,Table 3.14,ICMR AMRSN network surveillance data from tertiary-care hospitals; not hospital-specific; not community-representative.
Providencia rettgeri,urine,Trimethoprim- sulfamethoxaz,,,7,16,2023,2023-01-01 to 2023-12-31,India,ICMR AMRSN network,95,Table 3.14,ICMR AMRSN network surveillance data from tertiary-care hospitals; not hospital-specific; not community-representative.
E. coli,all specimens except urine and faeces,Amikacin,52.9,,2994,5659,2023,2023-01-01 to 2023-12-31,India,ICMR AMRSN network,103,Table 3.19,ICMR AMRSN network surveillance data from tertiary-care hospitals; not hospital-specific; not community-representative. Context=CR. Phenotype subgroup in source: carbapenem-resistant (CR) or carbapenem-susceptible (CS); source defines CR as resistant to at least one tested carbapenem.
E. coli,all specimens except urine and faeces,Cefotaxime,3.7,,174,4714,2023,2023-01-01 to 2023-12-31,India,ICMR AMRSN network,103,Table 3.19,ICMR AMRSN network surveillance data from tertiary-care hospitals; not hospital-specific; not community-representative. Context=CR. Phenotype subgroup in source: carbapenem-resistant (CR) or carbapenem-susceptible (CS); source defines CR as resistant to at least one tested carbapenem.
E. coli,all specimens except urine and faeces,Ceftazidime,4.7,,151,3226,2023,2023-01-01 to 2023-12-31,India,ICMR AMRSN network,103,Table 3.19,ICMR AMRSN network surveillance data from tertiary-care hospitals; not hospital-specific; not community-representative. Context=CR. Phenotype subgroup in source: carbapenem-resistant (CR) or carbapenem-susceptible (CS); source defines CR as resistant to at least one tested carbapenem.
E. coli,all specimens except urine and faeces,Ciprofloxacin,2.6,,137,5237,2023,2023-01-01 to 2023-12-31,India,ICMR AMRSN network,103,Table 3.19,ICMR AMRSN network surveillance data from tertiary-care hospitals; not hospital-specific; not community-representative. Context=CR. Phenotype subgroup in source: carbapenem-resistant (CR) or carbapenem-susceptible (CS); source defines CR as resistant to at least one tested carbapenem.
E. coli,all specimens except urine and faeces,Ertapenem,11.1,,462,4144,2023,2023-01-01 to 2023-12-31,India,ICMR AMRSN network,103,Table 3.19,ICMR AMRSN network surveillance data from tertiary-care hospitals; not hospital-specific; not community-representative. Context=CR. Phenotype subgroup in source: carbapenem-resistant (CR) or carbapenem-susceptible (CS); source defines CR as resistant to at least one tested carbapenem.
E. coli,all specimens except urine and faeces,Imipenem,8.9,,467,5227,2023,2023-01-01 to 2023-12-31,India,ICMR AMRSN network,103,Table 3.19,ICMR AMRSN network surveillance data from tertiary-care hospitals; not hospital-specific; not community-representative. Context=CR. Phenotype subgroup in source: carbapenem-resistant (CR) or carbapenem-susceptible (CS); source defines CR as resistant to at least one tested carbapenem.
E. coli,all specimens except urine and faeces,Levofloxacin,4.5,,113,2501,2023,2023-01-01 to 2023-12-31,India,ICMR AMRSN network,103,Table 3.19,ICMR AMRSN network surveillance data from tertiary-care hospitals; not hospital-specific; not community-representative. Context=CR. Phenotype subgroup in source: carbapenem-resistant (CR) or carbapenem-susceptible (CS); source defines CR as resistant to at least one tested carbapenem.
E. coli,all specimens except urine and faeces,Meropenem,14.3,,750,5242,2023,2023-01-01 to 2023-12-31,India,ICMR AMRSN network,103,Table 3.19,ICMR AMRSN network surveillance data from tertiary-care hospitals; not hospital-specific; not community-representative. Context=CR. Phenotype subgroup in source: carbapenem-resistant (CR) or carbapenem-susceptible (CS); source defines CR as resistant to at least one tested carbapenem.
E. coli,all specimens except urine and faeces,Nitrofurantoin,56.4,,22,39,2023,2023-01-01 to 2023-12-31,India,ICMR AMRSN network,103,Table 3.19,ICMR AMRSN network surveillance data from tertiary-care hospitals; not hospital-specific; not community-representative. Context=CR. Phenotype subgroup in source: carbapenem-resistant (CR) or carbapenem-susceptible (CS); source defines CR as resistant to at least one tested carbapenem.
E. coli,all specimens except urine and faeces,Piperacillin-,9.1,,473,5177,2023,2023-01-01 to 2023-12-31,India,ICMR AMRSN network,103,Table 3.19,ICMR AMRSN network surveillance data from tertiary-care hospitals; not hospital-specific; not community-representative. Context=CR. Phenotype subgroup in source: carbapenem-resistant (CR) or carbapenem-susceptible (CS); source defines CR as resistant to at least one tested carbapenem.
E. coli,all specimens except urine and faeces,Piperacillin- tazobactam,65.6,,5032,7665,2023,2023-01-01 to 2023-12-31,India,ICMR AMRSN network,103,Table 3.19,ICMR AMRSN network surveillance data from tertiary-care hospitals; not hospital-specific; not community-representative. Context=CS. Phenotype subgroup in source: carbapenem-resistant (CR) or carbapenem-susceptible (CS); source defines CR as resistant to at least one tested carbapenem.
E. coli,all specimens except urine and faeces,Trimethoprim-,21.0,,93,443,2023,2023-01-01 to 2023-12-31,India,ICMR AMRSN network,103,Table 3.19,ICMR AMRSN network surveillance data from tertiary-care hospitals; not hospital-specific; not community-representative. Context=CR. Phenotype subgroup in source: carbapenem-resistant (CR) or carbapenem-susceptible (CS); source defines CR as resistant to at least one tested carbapenem.
E. coli,all specimens except urine and faeces,Trimethoprim- sulfamethoxazole,53.2,,822,1545,2023,2023-01-01 to 2023-12-31,India,ICMR AMRSN network,103,Table 3.19,ICMR AMRSN network surveillance data from tertiary-care hospitals; not hospital-specific; not community-representative. Context=CS. Phenotype subgroup in source: carbapenem-resistant (CR) or carbapenem-susceptible (CS); source defines CR as resistant to at least one tested carbapenem.
Klebsiella pneumoniae,all specimens except urine and faeces,Amikacin,12.1,,967,8020,2023,2023-01-01 to 2023-12-31,India,ICMR AMRSN network,103,Table 3.20,ICMR AMRSN network surveillance data from tertiary-care hospitals; not hospital-specific; not community-representative. Context=CR. Phenotype subgroup in source: carbapenem-resistant (CR) or carbapenem-susceptible (CS); source defines CR as resistant to at least one tested carbapenem.
Klebsiella pneumoniae,all specimens except urine and faeces,Cefotaxime,2.7,,189,6898,2023,2023-01-01 to 2023-12-31,India,ICMR AMRSN network,103,Table 3.20,ICMR AMRSN network surveillance data from tertiary-care hospitals; not hospital-specific; not community-representative. Context=CR. Phenotype subgroup in source: carbapenem-resistant (CR) or carbapenem-susceptible (CS); source defines CR as resistant to at least one tested carbapenem.
Klebsiella pneumoniae,all specimens except urine and faeces,Ceftazidime,2.7,,144,5306,2023,2023-01-01 to 2023-12-31,India,ICMR AMRSN network,103,Table 3.20,ICMR AMRSN network surveillance data from tertiary-care hospitals; not hospital-specific; not community-representative. Context=CR. Phenotype subgroup in source: carbapenem-resistant (CR) or carbapenem-susceptible (CS); source defines CR as resistant to at least one tested carbapenem.
Klebsiella pneumoniae,all specimens except urine and faeces,Ciprofloxacin,2.0,,164,8002,2023,2023-01-01 to 2023-12-31,India,ICMR AMRSN network,103,Table 3.20,ICMR AMRSN network surveillance data from tertiary-care hospitals; not hospital-specific; not community-representative. Context=CR. Phenotype subgroup in source: carbapenem-resistant (CR) or carbapenem-susceptible (CS); source defines CR as resistant to at least one tested carbapenem.
Klebsiella pneumoniae,all specimens except urine and faeces,Ertapenem,4.9,,298,6043,2023,2023-01-01 to 2023-12-31,India,ICMR AMRSN network,103,Table 3.20,ICMR AMRSN network surveillance data from tertiary-care hospitals; not hospital-specific; not community-representative. Context=CR. Phenotype subgroup in source: carbapenem-resistant (CR) or carbapenem-susceptible (CS); source defines CR as resistant to at least one tested carbapenem.
Klebsiella pneumoniae,all specimens except urine and faeces,Imipenem,3.3,,264,7971,2023,2023-01-01 to 2023-12-31,India,ICMR AMRSN network,103,Table 3.20,ICMR AMRSN network surveillance data from tertiary-care hospitals; not hospital-specific; not community-representative. Context=CR. Phenotype subgroup in source: carbapenem-resistant (CR) or carbapenem-susceptible (CS); source defines CR as resistant to at least one tested carbapenem.
Klebsiella pneumoniae,all specimens except urine and faeces,Levofloxacin,4.9,,211,4275,2023,2023-01-01 to 2023-12-31,India,ICMR AMRSN network,103,Table 3.20,ICMR AMRSN network surveillance data from tertiary-care hospitals; not hospital-specific; not community-representative. Context=CR. Phenotype subgroup in source: carbapenem-resistant (CR) or carbapenem-susceptible (CS); source defines CR as resistant to at least one tested carbapenem.
Klebsiella pneumoniae,all specimens except urine and faeces,Meropenem,5.3,,421,8002,2023,2023-01-01 to 2023-12-31,India,ICMR AMRSN network,103,Table 3.20,ICMR AMRSN network surveillance data from tertiary-care hospitals; not hospital-specific; not community-representative. Context=CR. Phenotype subgroup in source: carbapenem-resistant (CR) or carbapenem-susceptible (CS); source defines CR as resistant to at least one tested carbapenem.
Klebsiella pneumoniae,all specimens except urine and faeces,Piperacillin-,4.4,,347,7904,2023,2023-01-01 to 2023-12-31,India,ICMR AMRSN network,103,Table 3.20,ICMR AMRSN network surveillance data from tertiary-care hospitals; not hospital-specific; not community-representative. Context=CR. Phenotype subgroup in source: carbapenem-resistant (CR) or carbapenem-susceptible (CS); source defines CR as resistant to at least one tested carbapenem.
Klebsiella pneumoniae,all specimens except urine and faeces,Piperacillin- tazobactam,68.2,,3199,4694,2023,2023-01-01 to 2023-12-31,India,ICMR AMRSN network,103,Table 3.20,ICMR AMRSN network surveillance data from tertiary-care hospitals; not hospital-specific; not community-representative. Context=CS. Phenotype subgroup in source: carbapenem-resistant (CR) or carbapenem-susceptible (CS); source defines CR as resistant to at least one tested carbapenem.
Acinetobacter baumannii,all samples except faeces,Amikacin,16.4,,1194,7260,2023,2023-01-01 to 2023-12-31,India,ICMR AMRSN network,114,Table 4.1,ICMR AMRSN network surveillance data from tertiary-care hospitals; not hospital-specific; not community-representative. Context=Total.
Acinetobacter baumannii,all samples except faeces,Cefepime,11.2,,808,7240,2023,2023-01-01 to 2023-12-31,India,ICMR AMRSN network,114,Table 4.1,ICMR AMRSN network surveillance data from tertiary-care hospitals; not hospital-specific; not community-representative. Context=Total.
Acinetobacter baumannii,all samples except faeces,Ceftazidime,8.7,,635,7260,2023,2023-01-01 to 2023-12-31,India,ICMR AMRSN network,114,Table 4.1,ICMR AMRSN network surveillance data from tertiary-care hospitals; not hospital-specific; not community-representative. Context=Total.
Acinetobacter baumannii,all samples except faeces,Colistin*,98.9,,4914,4970,2023,2023-01-01 to 2023-12-31,India,ICMR AMRSN network,114,Table 4.1,ICMR AMRSN network surveillance data from tertiary-care hospitals; not hospital-specific; not community-representative. Context=Total.
Acinetobacter baumannii,all samples except faeces,Imipenem,10.3,,745,7260,2023,2023-01-01 to 2023-12-31,India,ICMR AMRSN network,114,Table 4.1,ICMR AMRSN network surveillance data from tertiary-care hospitals; not hospital-specific; not community-representative. Context=Total.
Acinetobacter baumannii,all samples except faeces,Levofloxacin,12.0,,749,6221,2023,2023-01-01 to 2023-12-31,India,ICMR AMRSN network,114,Table 4.1,ICMR AMRSN network surveillance data from tertiary-care hospitals; not hospital-specific; not community-representative. Context=Total.
Acinetobacter baumannii,all samples except faeces,Meropenem,12.1,,877,7260,2023,2023-01-01 to 2023-12-31,India,ICMR AMRSN network,114,Table 4.1,ICMR AMRSN network surveillance data from tertiary-care hospitals; not hospital-specific; not community-representative. Context=Total.
Acinetobacter baumannii,all samples except faeces,Minocycline,72.0,,4018,5579,2023,2023-01-01 to 2023-12-31,India,ICMR AMRSN network,114,Table 4.1,ICMR AMRSN network surveillance data from tertiary-care hospitals; not hospital-specific; not community-representative. Context=Total.
Acinetobacter baumannii,all samples except faeces,Piperacillin-tazobactam,12.9,,936,7260,2023,2023-01-01 to 2023-12-31,India,ICMR AMRSN network,114,Table 4.1,ICMR AMRSN network surveillance data from tertiary-care hospitals; not hospital-specific; not community-representative. Context=Total.
Acinetobacter baumannii,site-specific sample,Amikacin,23.5,,299,1270,2023,2023-01-01 to 2023-12-31,India,ICMR AMRSN network,114,Table 4.2,ICMR AMRSN network surveillance data from tertiary-care hospitals; not hospital-specific; not community-representative. Context=Blood.
Acinetobacter baumannii,site-specific sample,Cefepime,15.3,,193,1264,2023,2023-01-01 to 2023-12-31,India,ICMR AMRSN network,114,Table 4.2,ICMR AMRSN network surveillance data from tertiary-care hospitals; not hospital-specific; not community-representative. Context=Blood.
Acinetobacter baumannii,site-specific sample,Ceftazidime,12.0,,152,1270,2023,2023-01-01 to 2023-12-31,India,ICMR AMRSN network,114,Table 4.2,ICMR AMRSN network surveillance data from tertiary-care hospitals; not hospital-specific; not community-representative. Context=Blood.
Acinetobacter baumannii,site-specific sample,Colistin*,97.3,,922,948,2023,2023-01-01 to 2023-12-31,India,ICMR AMRSN network,114,Table 4.2,ICMR AMRSN network surveillance data from tertiary-care hospitals; not hospital-specific; not community-representative. Context=Blood.
Acinetobacter baumannii,site-specific sample,Imipenem,12.4,,158,1270,2023,2023-01-01 to 2023-12-31,India,ICMR AMRSN network,114,Table 4.2,ICMR AMRSN network surveillance data from tertiary-care hospitals; not hospital-specific; not community-representative. Context=Blood.
Acinetobacter baumannii,site-specific sample,Levofloxacin,17.2,,143,831,2023,2023-01-01 to 2023-12-31,India,ICMR AMRSN network,114,Table 4.2,ICMR AMRSN network surveillance data from tertiary-care hospitals; not hospital-specific; not community-representative. Context=Blood.
Acinetobacter baumannii,site-specific sample,Meropenem,14.6,,186,1270,2023,2023-01-01 to 2023-12-31,India,ICMR AMRSN network,114,Table 4.2,ICMR AMRSN network surveillance data from tertiary-care hospitals; not hospital-specific; not community-representative. Context=Blood.
Acinetobacter baumannii,site-specific sample,Minocycline,74.5,,846,1136,2023,2023-01-01 to 2023-12-31,India,ICMR AMRSN network,114,Table 4.2,ICMR AMRSN network surveillance data from tertiary-care hospitals; not hospital-specific; not community-representative. Context=Blood.
Acinetobacter baumannii,site-specific sample,Piperacillin-,16.2,,206,1270,2023,2023-01-01 to 2023-12-31,India,ICMR AMRSN network,114,Table 4.2,ICMR AMRSN network surveillance data from tertiary-care hospitals; not hospital-specific; not community-representative. Context=Blood.
Acinetobacter baumannii,site-specific sample,Piperacillin- tazobactam,29.8,,68,228,2023,2023-01-01 to 2023-12-31,India,ICMR AMRSN network,114,Table 4.2,ICMR AMRSN network surveillance data from tertiary-care hospitals; not hospital-specific; not community-representative. Context=Urine.
Pseudomonas aeruginosa,all samples except faeces,Amikacin,69.9,,4334,6202,2023,2023-01-01 to 2023-12-31,India,ICMR AMRSN network,117,Table 4.4,ICMR AMRSN network surveillance data from tertiary-care hospitals; not hospital-specific; not community-representative. Context=Total.
Pseudomonas aeruginosa,all samples except faeces,Cefepime,63.6,,4057,6380,2023,2023-01-01 to 2023-12-31,India,ICMR AMRSN network,117,Table 4.4,ICMR AMRSN network surveillance data from tertiary-care hospitals; not hospital-specific; not community-representative. Context=Total.
Pseudomonas aeruginosa,all samples except faeces,Ceftazidime,61.1,,3988,6525,2023,2023-01-01 to 2023-12-31,India,ICMR AMRSN network,117,Table 4.4,ICMR AMRSN network surveillance data from tertiary-care hospitals; not hospital-specific; not community-representative. Context=Total.
Pseudomonas aeruginosa,all samples except faeces,Ciprofloxacin,50.8,38.5,3313,6525,2023,2023-01-01 to 2023-12-31,India,ICMR AMRSN network,117,Table 4.4,ICMR AMRSN network surveillance data from tertiary-care hospitals; not hospital-specific; not community-representative. Context=Total. Report narrative explicitly states 38.5% resistance to ciprofloxacin in 2023.
Pseudomonas aeruginosa,all samples except faeces,Colistin*,96.3,,2923,3037,2023,2023-01-01 to 2023-12-31,India,ICMR AMRSN network,117,Table 4.4,ICMR AMRSN network surveillance data from tertiary-care hospitals; not hospital-specific; not community-representative. Context=Total.
Pseudomonas aeruginosa,all samples except faeces,Gentamicin,64.7,,2844,4398,2023,2023-01-01 to 2023-12-31,India,ICMR AMRSN network,117,Table 4.4,ICMR AMRSN network surveillance data from tertiary-care hospitals; not hospital-specific; not community-representative. Context=Total.
Pseudomonas aeruginosa,all samples except faeces,Imipenem,61.5,38.5,4010,6525,2023,2023-01-01 to 2023-12-31,India,ICMR AMRSN network,117,Table 4.4,ICMR AMRSN network surveillance data from tertiary-care hospitals; not hospital-specific; not community-representative. Context=Total. Report narrative explicitly states 38.5% carbapenem resistance for imipenem in 2023.
Pseudomonas aeruginosa,all samples except faeces,Levofloxacin,48.0,34.5,2769,5771,2023,2023-01-01 to 2023-12-31,India,ICMR AMRSN network,117,Table 4.4,ICMR AMRSN network surveillance data from tertiary-care hospitals; not hospital-specific; not community-representative. Context=Total. Report narrative explicitly states 34.5% resistance to levofloxacin in 2023.
Pseudomonas aeruginosa,all samples except faeces,Meropenem,65.5,34.5,4275,6525,2023,2023-01-01 to 2023-12-31,India,ICMR AMRSN network,117,Table 4.4,ICMR AMRSN network surveillance data from tertiary-care hospitals; not hospital-specific; not community-representative. Context=Total. Report narrative explicitly states 34.5% carbapenem resistance for meropenem in 2023.
Pseudomonas aeruginosa,all samples except faeces,Piperacillin-,68.7,,4483,6525,2023,2023-01-01 to 2023-12-31,India,ICMR AMRSN network,117,Table 4.4,ICMR AMRSN network surveillance data from tertiary-care hospitals; not hospital-specific; not community-representative. Context=Total.
Pseudomonas aeruginosa,all samples except faeces,Piperacillin- tazobactam,57.6,,774,1344,2023,2023-01-01 to 2023-12-31,India,ICMR AMRSN network,117,Table 4.4,ICMR AMRSN network surveillance data from tertiary-care hospitals; not hospital-specific; not community-representative. Context=ICU.
Pseudomonas aeruginosa,all samples except faeces,Polymixin B,0.0,,0,29,2023,2023-01-01 to 2023-12-31,India,ICMR AMRSN network,117,Table 4.4,ICMR AMRSN network surveillance data from tertiary-care hospitals; not hospital-specific; not community-representative. Context=Total.
Pseudomonas aeruginosa,all samples except faeces,Tobramycin,63.8,,2523,3957,2023,2023-01-01 to 2023-12-31,India,ICMR AMRSN network,117,Table 4.4,ICMR AMRSN network surveillance data from tertiary-care hospitals; not hospital-specific; not community-representative. Context=Total.
Pseudomonas aeruginosa,site-specific sample,Amikacin,68.9,,383,556,2023,2023-01-01 to 2023-12-31,India,ICMR AMRSN network,117,Table 4.5,ICMR AMRSN network surveillance data from tertiary-care hospitals; not hospital-specific; not community-representative. Context=Blood.
Pseudomonas aeruginosa,site-specific sample,Cefepime,64.6,,372,576,2023,2023-01-01 to 2023-12-31,India,ICMR AMRSN network,117,Table 4.5,ICMR AMRSN network surveillance data from tertiary-care hospitals; not hospital-specific; not community-representative. Context=Blood.
Pseudomonas aeruginosa,site-specific sample,Ceftazidime,62.6,,365,583,2023,2023-01-01 to 2023-12-31,India,ICMR AMRSN network,117,Table 4.5,ICMR AMRSN network surveillance data from tertiary-care hospitals; not hospital-specific; not community-representative. Context=Blood.
Pseudomonas aeruginosa,site-specific sample,Colistin*,96.9,,312,322,2023,2023-01-01 to 2023-12-31,India,ICMR AMRSN network,117,Table 4.5,ICMR AMRSN network surveillance data from tertiary-care hospitals; not hospital-specific; not community-representative. Context=Blood.
Pseudomonas aeruginosa,site-specific sample,Imipenem,61.9,,361,583,2023,2023-01-01 to 2023-12-31,India,ICMR AMRSN network,117,Table 4.5,ICMR AMRSN network surveillance data from tertiary-care hospitals; not hospital-specific; not community-representative. Context=Blood.
Pseudomonas aeruginosa,site-specific sample,Levofloxacin,51.3,,230,448,2023,2023-01-01 to 2023-12-31,India,ICMR AMRSN network,117,Table 4.5,ICMR AMRSN network surveillance data from tertiary-care hospitals; not hospital-specific; not community-representative. Context=Blood.
Pseudomonas aeruginosa,site-specific sample,Meropenem,65.0,,379,583,2023,2023-01-01 to 2023-12-31,India,ICMR AMRSN network,117,Table 4.5,ICMR AMRSN network surveillance data from tertiary-care hospitals; not hospital-specific; not community-representative. Context=Blood.
Pseudomonas aeruginosa,site-specific sample,Piperacillin-,67.8,,395,583,2023,2023-01-01 to 2023-12-31,India,ICMR AMRSN network,117,Table 4.5,ICMR AMRSN network surveillance data from tertiary-care hospitals; not hospital-specific; not community-representative. Context=Blood.
Pseudomonas aeruginosa,site-specific sample,Piperacillin- tazobactam,61.8,,437,707,2023,2023-01-01 to 2023-12-31,India,ICMR AMRSN network,117,Table 4.5,ICMR AMRSN network surveillance data from tertiary-care hospitals; not hospital-specific; not community-representative. Context=Urine.
Stenotrophomonas maltophilia,all samples,Ceftazidime,76.5,,173,226,2023,2023-01-01 to 2023-12-31,India,ICMR AMRSN network,119,Table 4.7,ICMR AMRSN network surveillance data from tertiary-care hospitals; not hospital-specific; not community-representative. Context=Total.
Stenotrophomonas maltophilia,all samples,Chloramphenicol,60.0,,21,35,2023,2023-01-01 to 2023-12-31,India,ICMR AMRSN network,119,Table 4.7,ICMR AMRSN network surveillance data from tertiary-care hospitals; not hospital-specific; not community-representative. Context=Total.
Stenotrophomonas maltophilia,all samples,Levofloxacin,91.4,,487,533,2023,2023-01-01 to 2023-12-31,India,ICMR AMRSN network,119,Table 4.7,ICMR AMRSN network surveillance data from tertiary-care hospitals; not hospital-specific; not community-representative. Context=Total.
Stenotrophomonas maltophilia,all samples,Minocycline,96.8,,516,533,2023,2023-01-01 to 2023-12-31,India,ICMR AMRSN network,119,Table 4.7,ICMR AMRSN network surveillance data from tertiary-care hospitals; not hospital-specific; not community-representative. Context=Total.
Stenotrophomonas maltophilia,all samples,Ticarcillin-,,,1,2,2023,2023-01-01 to 2023-12-31,India,ICMR AMRSN network,119,Table 4.7,ICMR AMRSN network surveillance data from tertiary-care hospitals; not hospital-specific; not community-representative. Context=Total.
Stenotrophomonas maltophilia,all samples,Ticarcillin- clavulanic acid,0.0,,0,0,2023,2023-01-01 to 2023-12-31,India,ICMR AMRSN network,119,Table 4.7,ICMR AMRSN network surveillance data from tertiary-care hospitals; not hospital-specific; not community-representative. Context=OPD.
Stenotrophomonas maltophilia,all samples,Trimethoprim-,91.1,,379,416,2023,2023-01-01 to 2023-12-31,India,ICMR AMRSN network,119,Table 4.7,ICMR AMRSN network surveillance data from tertiary-care hospitals; not hospital-specific; not community-representative. Context=Total.
Stenotrophomonas maltophilia,all samples,Trimethoprim- sulfamethoxazole,90.7,,68,75,2023,2023-01-01 to 2023-12-31,India,ICMR AMRSN network,119,Table 4.7,ICMR AMRSN network surveillance data from tertiary-care hospitals; not hospital-specific; not community-representative. Context=OPD.
Stenotrophomonas maltophilia,site-specific sample,Ceftazidime,76.5,,173,226,2023,2023-01-01 to 2023-12-31,India,ICMR AMRSN network,119,Table 4.8,ICMR AMRSN network surveillance data from tertiary-care hospitals; not hospital-specific; not community-representative. Context=All Specimens.
Stenotrophomonas maltophilia,site-specific sample,Chloramphenicol,60.0,,21,35,2023,2023-01-01 to 2023-12-31,India,ICMR AMRSN network,119,Table 4.8,ICMR AMRSN network surveillance data from tertiary-care hospitals; not hospital-specific; not community-representative. Context=All Specimens.
Stenotrophomonas maltophilia,site-specific sample,Levofloxacin,91.4,,487,533,2023,2023-01-01 to 2023-12-31,India,ICMR AMRSN network,119,Table 4.8,ICMR AMRSN network surveillance data from tertiary-care hospitals; not hospital-specific; not community-representative. Context=All Specimens.
Stenotrophomonas maltophilia,site-specific sample,Minocycline,96.8,,516,533,2023,2023-01-01 to 2023-12-31,India,ICMR AMRSN network,119,Table 4.8,ICMR AMRSN network surveillance data from tertiary-care hospitals; not hospital-specific; not community-representative. Context=All Specimens.
Stenotrophomonas maltophilia,site-specific sample,Ticarcillin-,,,1,2,2023,2023-01-01 to 2023-12-31,India,ICMR AMRSN network,119,Table 4.8,ICMR AMRSN network surveillance data from tertiary-care hospitals; not hospital-specific; not community-representative. Context=All Specimens.
Stenotrophomonas maltophilia,site-specific sample,Ticarcillin- clavulanic acid,,,0,0,2023,2023-01-01 to 2023-12-31,India,ICMR AMRSN network,119,Table 4.8,ICMR AMRSN network surveillance data from tertiary-care hospitals; not hospital-specific; not community-representative. Context=Urine.
Stenotrophomonas maltophilia,site-specific sample,Trimethoprim-,91.1,,379,416,2023,2023-01-01 to 2023-12-31,India,ICMR AMRSN network,119,Table 4.8,ICMR AMRSN network surveillance data from tertiary-care hospitals; not hospital-specific; not community-representative. Context=All Specimens.
Stenotrophomonas maltophilia,site-specific sample,Trimethoprim- sulfamethoxazole,,,8,10,2023,2023-01-01 to 2023-12-31,India,ICMR AMRSN network,119,Table 4.8,ICMR AMRSN network surveillance data from tertiary-care hospitals; not hospital-specific; not community-representative. Context=Urine.
Burkholderia cepacia complex,all samples except faeces,Ceftazidime,88.3,,91,103,2023,2023-01-01 to 2023-12-31,India,ICMR AMRSN network,121,Table 4.10,ICMR AMRSN network surveillance data from tertiary-care hospitals; not hospital-specific; not community-representative. Context=Total.
Burkholderia cepacia complex,all samples except faeces,Chloramphenicol,,,5,11,2023,2023-01-01 to 2023-12-31,India,ICMR AMRSN network,121,Table 4.10,ICMR AMRSN network surveillance data from tertiary-care hospitals; not hospital-specific; not community-representative. Context=Total.
Burkholderia cepacia complex,all samples except faeces,Levofloxacin,75.5,,77,102,2023,2023-01-01 to 2023-12-31,India,ICMR AMRSN network,121,Table 4.10,ICMR AMRSN network surveillance data from tertiary-care hospitals; not hospital-specific; not community-representative. Context=Total.
Burkholderia cepacia complex,all samples except faeces,Meropenem,86.7,,91,105,2023,2023-01-01 to 2023-12-31,India,ICMR AMRSN network,121,Table 4.10,ICMR AMRSN network surveillance data from tertiary-care hospitals; not hospital-specific; not community-representative. Context=Total.
Burkholderia cepacia complex,all samples except faeces,Minocycline,74.3,,81,109,2023,2023-01-01 to 2023-12-31,India,ICMR AMRSN network,121,Table 4.10,ICMR AMRSN network surveillance data from tertiary-care hospitals; not hospital-specific; not community-representative. Context=Total.
Burkholderia cepacia complex,all samples except faeces,Ticarcillin-clavulanic,,,2,3,2023,2023-01-01 to 2023-12-31,India,ICMR AMRSN network,121,Table 4.10,ICMR AMRSN network surveillance data from tertiary-care hospitals; not hospital-specific; not community-representative. Context=Total.
Burkholderia cepacia complex,all samples except faeces,Trimethoprim-,97.1,,99,102,2023,2023-01-01 to 2023-12-31,India,ICMR AMRSN network,121,Table 4.10,ICMR AMRSN network surveillance data from tertiary-care hospitals; not hospital-specific; not community-representative. Context=Total.
Burkholderia cepacia complex,all samples except faeces,Trimethoprim- sulfamethoxazole,95.1,,39,41,2023,2023-01-01 to 2023-12-31,India,ICMR AMRSN network,121,Table 4.10,ICMR AMRSN network surveillance data from tertiary-care hospitals; not hospital-specific; not community-representative. Context=ICU.
Burkholderia cepacia complex,site-specific sample,Ceftazidime,88.3,,91,103,2023,2023-01-01 to 2023-12-31,India,ICMR AMRSN network,121,Table 4.11,ICMR AMRSN network surveillance data from tertiary-care hospitals; not hospital-specific; not community-representative. Context=All Specimens.
Burkholderia cepacia complex,site-specific sample,Chloramphenicol,,,5,11,2023,2023-01-01 to 2023-12-31,India,ICMR AMRSN network,121,Table 4.11,ICMR AMRSN network surveillance data from tertiary-care hospitals; not hospital-specific; not community-representative. Context=All Specimens.
Burkholderia cepacia complex,site-specific sample,Levofloxacin,75.5,,77,102,2023,2023-01-01 to 2023-12-31,India,ICMR AMRSN network,121,Table 4.11,ICMR AMRSN network surveillance data from tertiary-care hospitals; not hospital-specific; not community-representative. Context=All Specimens.
Burkholderia cepacia complex,site-specific sample,Meropenem,86.7,,91,105,2023,2023-01-01 to 2023-12-31,India,ICMR AMRSN network,121,Table 4.11,ICMR AMRSN network surveillance data from tertiary-care hospitals; not hospital-specific; not community-representative. Context=All Specimens.
Burkholderia cepacia complex,site-specific sample,Minocycline,74.3,,81,109,2023,2023-01-01 to 2023-12-31,India,ICMR AMRSN network,121,Table 4.11,ICMR AMRSN network surveillance data from tertiary-care hospitals; not hospital-specific; not community-representative. Context=All Specimens.
Burkholderia cepacia complex,site-specific sample,Ticarcillin-clavulanic,,,2,3,2023,2023-01-01 to 2023-12-31,India,ICMR AMRSN network,121,Table 4.11,ICMR AMRSN network surveillance data from tertiary-care hospitals; not hospital-specific; not community-representative. Context=All Specimens.
Burkholderia cepacia complex,site-specific sample,Trimethoprim-,97.1,,99,102,2023,2023-01-01 to 2023-12-31,India,ICMR AMRSN network,121,Table 4.11,ICMR AMRSN network surveillance data from tertiary-care hospitals; not hospital-specific; not community-representative. Context=All Specimens.
Burkholderia cepacia complex,site-specific sample,Trimethoprim- sulfamethoxazole,,,2,2,2023,2023-01-01 to 2023-12-31,India,ICMR AMRSN network,121,Table 4.11,ICMR AMRSN network surveillance data from tertiary-care hospitals; not hospital-specific; not community-representative. Context=SS.
Salmonella Paratyphi A,blood,Ampicillin,100.0,,93,93,2023,2023-01-01 to 2023-12-31,India,ICMR AMRSN network,132,Table 5.1,ICMR AMRSN network surveillance data from tertiary-care hospitals; not hospital-specific; not community-representative.
Salmonella Paratyphi A,blood,Azithromycin,,,0,0,2023,2023-01-01 to 2023-12-31,India,ICMR AMRSN network,132,Table 5.1,ICMR AMRSN network surveillance data from tertiary-care hospitals; not hospital-specific; not community-representative.
Salmonella Paratyphi A,blood,Cefixime,95.9,,70,73,2023,2023-01-01 to 2023-12-31,India,ICMR AMRSN network,132,Table 5.1,ICMR AMRSN network surveillance data from tertiary-care hospitals; not hospital-specific; not community-representative.
Salmonella Paratyphi A,blood,Cefotaxime,,,7,7,2023,2023-01-01 to 2023-12-31,India,ICMR AMRSN network,132,Table 5.1,ICMR AMRSN network surveillance data from tertiary-care hospitals; not hospital-specific; not community-representative.
Salmonella Paratyphi A,blood,Ceftriaxone,100.0,,96,96,2023,2023-01-01 to 2023-12-31,India,ICMR AMRSN network,132,Table 5.1,ICMR AMRSN network surveillance data from tertiary-care hospitals; not hospital-specific; not community-representative.
Salmonella Paratyphi A,blood,Chloramphenicol,98.9,,86,87,2023,2023-01-01 to 2023-12-31,India,ICMR AMRSN network,132,Table 5.1,ICMR AMRSN network surveillance data from tertiary-care hospitals; not hospital-specific; not community-representative.
Salmonella Paratyphi A,blood,Ciprofloxacin,6.9,,7,101,2023,2023-01-01 to 2023-12-31,India,ICMR AMRSN network,132,Table 5.1,ICMR AMRSN network surveillance data from tertiary-care hospitals; not hospital-specific; not community-representative.
Salmonella Paratyphi A,blood,Levofloxacin,,,4,19,2023,2023-01-01 to 2023-12-31,India,ICMR AMRSN network,132,Table 5.1,ICMR AMRSN network surveillance data from tertiary-care hospitals; not hospital-specific; not community-representative.
Salmonella Paratyphi A,blood,Ofloxacin,,,2,19,2023,2023-01-01 to 2023-12-31,India,ICMR AMRSN network,132,Table 5.1,ICMR AMRSN network surveillance data from tertiary-care hospitals; not hospital-specific; not community-representative.
Salmonella Paratyphi A,blood,Pefloxacin,,,5,28,2023,2023-01-01 to 2023-12-31,India,ICMR AMRSN network,132,Table 5.1,ICMR AMRSN network surveillance data from tertiary-care hospitals; not hospital-specific; not community-representative.
Salmonella Paratyphi A,blood,Trimethoprim-sulfamethoxazole,100.0,,95,95,2023,2023-01-01 to 2023-12-31,India,ICMR AMRSN network,132,Table 5.1,ICMR AMRSN network surveillance data from tertiary-care hospitals; not hospital-specific; not community-representative.
Salmonella Typhi,blood,Ampicillin,97.5,,619,635,2023,2023-01-01 to 2023-12-31,India,ICMR AMRSN network,132,Table 5.1,ICMR AMRSN network surveillance data from tertiary-care hospitals; not hospital-specific; not community-representative.
Salmonella Typhi,blood,Azithromycin,97.4,,640,657,2023,2023-01-01 to 2023-12-31,India,ICMR AMRSN network,132,Table 5.1,ICMR AMRSN network surveillance data from tertiary-care hospitals; not hospital-specific; not community-representative.
Salmonella Typhi,blood,Cefixime,96.3,,549,570,2023,2023-01-01 to 2023-12-31,India,ICMR AMRSN network,132,Table 5.1,ICMR AMRSN network surveillance data from tertiary-care hospitals; not hospital-specific; not community-representative.
Salmonella Typhi,blood,Cefotaxime,95.6,,323,338,2023,2023-01-01 to 2023-12-31,India,ICMR AMRSN network,132,Table 5.1,ICMR AMRSN network surveillance data from tertiary-care hospitals; not hospital-specific; not community-representative.
Salmonella Typhi,blood,Ceftriaxone,96.8,,640,661,2023,2023-01-01 to 2023-12-31,India,ICMR AMRSN network,132,Table 5.1,ICMR AMRSN network surveillance data from tertiary-care hospitals; not hospital-specific; not community-representative.
Salmonella Typhi,blood,Chloramphenicol,98.2,,597,608,2023,2023-01-01 to 2023-12-31,India,ICMR AMRSN network,132,Table 5.1,ICMR AMRSN network surveillance data from tertiary-care hospitals; not hospital-specific; not community-representative.
Salmonella Typhi,blood,Ciprofloxacin,2.1,,14,674,2023,2023-01-01 to 2023-12-31,India,ICMR AMRSN network,132,Table 5.1,ICMR AMRSN network surveillance data from tertiary-care hospitals; not hospital-specific; not community-representative.
Salmonella Typhi,blood,Levofloxacin,18.2,,10,55,2023,2023-01-01 to 2023-12-31,India,ICMR AMRSN network,132,Table 5.1,ICMR AMRSN network surveillance data from tertiary-care hospitals; not hospital-specific; not community-representative.
Salmonella Typhi,blood,Ofloxacin,14.3,,7,49,2023,2023-01-01 to 2023-12-31,India,ICMR AMRSN network,132,Table 5.1,ICMR AMRSN network surveillance data from tertiary-care hospitals; not hospital-specific; not community-representative.
Salmonella Typhi,blood,Pefloxacin,6.3,,24,379,2023,2023-01-01 to 2023-12-31,India,ICMR AMRSN network,132,Table 5.1,ICMR AMRSN network surveillance data from tertiary-care hospitals; not hospital-specific; not community-representative.
Salmonella Typhi,blood,Trimethoprim-sulfamethoxazole,96.8,,634,655,2023,2023-01-01 to 2023-12-31,India,ICMR AMRSN network,132,Table 5.1,ICMR AMRSN network surveillance data from tertiary-care hospitals; not hospital-specific; not community-representative.
Salmonella Typhi,blood,Ampicillin,97.5,,619,635,2023,2023-01-01 to 2023-12-31,India; National region,ICMR AMRSN network,133,Table 5.2,ICMR AMRSN network surveillance data from tertiary-care hospitals; not hospital-specific; not community-representative. Region-wise surveillance reported in the source.
Salmonella Typhi,blood,Ampicillin,95.7,,225,235,2023,2023-01-01 to 2023-12-31,India; North region,ICMR AMRSN network,133,Table 5.2,ICMR AMRSN network surveillance data from tertiary-care hospitals; not hospital-specific; not community-representative. Region-wise surveillance reported in the source.
Salmonella Typhi,blood,Ampicillin,99.5,,373,375,2023,2023-01-01 to 2023-12-31,India; South region,ICMR AMRSN network,133,Table 5.2,ICMR AMRSN network surveillance data from tertiary-care hospitals; not hospital-specific; not community-representative. Region-wise surveillance reported in the source.
Salmonella Typhi,blood,Ampicillin,,,7,7,2023,2023-01-01 to 2023-12-31,India; West region,ICMR AMRSN network,133,Table 5.2,ICMR AMRSN network surveillance data from tertiary-care hospitals; not hospital-specific; not community-representative. Region-wise surveillance reported in the source.
Salmonella Typhi,blood,Ampicillin,,,13,16,2023,2023-01-01 to 2023-12-31,India; Central region,ICMR AMRSN network,133,Table 5.2,ICMR AMRSN network surveillance data from tertiary-care hospitals; not hospital-specific; not community-representative. Region-wise surveillance reported in the source.
Salmonella Typhi,blood,Ampicillin,,,1,2,2023,2023-01-01 to 2023-12-31,India; East region,ICMR AMRSN network,133,Table 5.2,ICMR AMRSN network surveillance data from tertiary-care hospitals; not hospital-specific; not community-representative. Region-wise surveillance reported in the source.
Salmonella Typhi,blood,Azithromycin,97.4,,640,657,2023,2023-01-01 to 2023-12-31,India; National region,ICMR AMRSN network,133,Table 5.2,ICMR AMRSN network surveillance data from tertiary-care hospitals; not hospital-specific; not community-representative. Region-wise surveillance reported in the source.
Salmonella Typhi,blood,Azithromycin,98.7,,233,236,2023,2023-01-01 to 2023-12-31,India; North region,ICMR AMRSN network,133,Table 5.2,ICMR AMRSN network surveillance data from tertiary-care hospitals; not hospital-specific; not community-representative. Region-wise surveillance reported in the source.
Salmonella Typhi,blood,Azithromycin,97.1,,364,375,2023,2023-01-01 to 2023-12-31,India; South region,ICMR AMRSN network,133,Table 5.2,ICMR AMRSN network surveillance data from tertiary-care hospitals; not hospital-specific; not community-representative. Region-wise surveillance reported in the source.
Salmonella Typhi,blood,Azithromycin,96.4,,27,28,2023,2023-01-01 to 2023-12-31,India; West region,ICMR AMRSN network,133,Table 5.2,ICMR AMRSN network surveillance data from tertiary-care hospitals; not hospital-specific; not community-representative. Region-wise surveillance reported in the source.
Salmonella Typhi,blood,Azithromycin,,,14,16,2023,2023-01-01 to 2023-12-31,India; Central region,ICMR AMRSN network,133,Table 5.2,ICMR AMRSN network surveillance data from tertiary-care hospitals; not hospital-specific; not community-representative. Region-wise surveillance reported in the source.
Salmonella Typhi,blood,Azithromycin,,,2,2,2023,2023-01-01 to 2023-12-31,India; East region,ICMR AMRSN network,133,Table 5.2,ICMR AMRSN network surveillance data from tertiary-care hospitals; not hospital-specific; not community-representative. Region-wise surveillance reported in the source.
Salmonella Typhi,blood,Cefixime,96.3,,549,570,2023,2023-01-01 to 2023-12-31,India; National region,ICMR AMRSN network,133,Table 5.2,ICMR AMRSN network surveillance data from tertiary-care hospitals; not hospital-specific; not community-representative. Region-wise surveillance reported in the source.
Salmonella Typhi,blood,Cefixime,95.3,,222,233,2023,2023-01-01 to 2023-12-31,India; North region,ICMR AMRSN network,133,Table 5.2,ICMR AMRSN network surveillance data from tertiary-care hospitals; not hospital-specific; not community-representative. Region-wise surveillance reported in the source.
Salmonella Typhi,blood,Cefixime,98.1,,318,324,2023,2023-01-01 to 2023-12-31,India; South region,ICMR AMRSN network,133,Table 5.2,ICMR AMRSN network surveillance data from tertiary-care hospitals; not hospital-specific; not community-representative. Region-wise surveillance reported in the source.
Salmonella Typhi,blood,Cefixime,,,1,2,2023,2023-01-01 to 2023-12-31,India; West region,ICMR AMRSN network,133,Table 5.2,ICMR AMRSN network surveillance data from tertiary-care hospitals; not hospital-specific; not community-representative. Region-wise surveillance reported in the source.
Salmonella Typhi,blood,Cefixime,,,8,9,2023,2023-01-01 to 2023-12-31,India; Central region,ICMR AMRSN network,133,Table 5.2,ICMR AMRSN network surveillance data from tertiary-care hospitals; not hospital-specific; not community-representative. Region-wise surveillance reported in the source.
Salmonella Typhi,blood,Cefixime,,,0,2,2023,2023-01-01 to 2023-12-31,India; East region,ICMR AMRSN network,133,Table 5.2,ICMR AMRSN network surveillance data from tertiary-care hospitals; not hospital-specific; not community-representative. Region-wise surveillance reported in the source.
Salmonella Typhi,blood,Ceftriaxone,96.8,,640,661,2023,2023-01-01 to 2023-12-31,India; National region,ICMR AMRSN network,133,Table 5.2,ICMR AMRSN network surveillance data from tertiary-care hospitals; not hospital-specific; not community-representative. Region-wise surveillance reported in the source.
Salmonella Typhi,blood,Ceftriaxone,99.2,,234,236,2023,2023-01-01 to 2023-12-31,India; North region,ICMR AMRSN network,133,Table 5.2,ICMR AMRSN network surveillance data from tertiary-care hospitals; not hospital-specific; not community-representative. Region-wise surveillance reported in the source.
Salmonella Typhi,blood,Ceftriaxone,98.1,,371,378,2023,2023-01-01 to 2023-12-31,India; South region,ICMR AMRSN network,133,Table 5.2,ICMR AMRSN network surveillance data from tertiary-care hospitals; not hospital-specific; not community-representative. Region-wise surveillance reported in the source.
Salmonella Typhi,blood,Ceftriaxone,96.4,,27,28,2023,2023-01-01 to 2023-12-31,India; West region,ICMR AMRSN network,133,Table 5.2,ICMR AMRSN network surveillance data from tertiary-care hospitals; not hospital-specific; not community-representative. Region-wise surveillance reported in the source.
Salmonella Typhi,blood,Ceftriaxone,,,6,17,2023,2023-01-01 to 2023-12-31,India; Central region,ICMR AMRSN network,133,Table 5.2,ICMR AMRSN network surveillance data from tertiary-care hospitals; not hospital-specific; not community-representative. Region-wise surveillance reported in the source.
Salmonella Typhi,blood,Ceftriaxone,,,2,2,2023,2023-01-01 to 2023-12-31,India; East region,ICMR AMRSN network,133,Table 5.2,ICMR AMRSN network surveillance data from tertiary-care hospitals; not hospital-specific; not community-representative. Region-wise surveillance reported in the source.
Salmonella Typhi,blood,Chloramphenicol,98.2,,597,608,2023,2023-01-01 to 2023-12-31,India; National region,ICMR AMRSN network,133,Table 5.2,ICMR AMRSN network surveillance data from tertiary-care hospitals; not hospital-specific; not community-representative. Region-wise surveillance reported in the source.
Salmonella Typhi,blood,Chloramphenicol,95.9,,215,224,2023,2023-01-01 to 2023-12-31,India; North region,ICMR AMRSN network,133,Table 5.2,ICMR AMRSN network surveillance data from tertiary-care hospitals; not hospital-specific; not community-representative. Region-wise surveillance reported in the source.
Salmonella Typhi,blood,Chloramphenicol,99.7,,365,366,2023,2023-01-01 to 2023-12-31,India; South region,ICMR AMRSN network,133,Table 5.2,ICMR AMRSN network surveillance data from tertiary-care hospitals; not hospital-specific; not community-representative. Region-wise surveillance reported in the source.
Salmonella Typhi,blood,Chloramphenicol,,,9,9,2023,2023-01-01 to 2023-12-31,India; West region,ICMR AMRSN network,133,Table 5.2,ICMR AMRSN network surveillance data from tertiary-care hospitals; not hospital-specific; not community-representative. Region-wise surveillance reported in the source.
Salmonella Typhi,blood,Chloramphenicol,,,6,7,2023,2023-01-01 to 2023-12-31,India; Central region,ICMR AMRSN network,133,Table 5.2,ICMR AMRSN network surveillance data from tertiary-care hospitals; not hospital-specific; not community-representative. Region-wise surveillance reported in the source.
Salmonella Typhi,blood,Chloramphenicol,,,2,2,2023,2023-01-01 to 2023-12-31,India; East region,ICMR AMRSN network,133,Table 5.2,ICMR AMRSN network surveillance data from tertiary-care hospitals; not hospital-specific; not community-representative. Region-wise surveillance reported in the source.
Salmonella Typhi,blood,Ciprofloxacin,2.1,,14,674,2023,2023-01-01 to 2023-12-31,India; National region,ICMR AMRSN network,133,Table 5.2,ICMR AMRSN network surveillance data from tertiary-care hospitals; not hospital-specific; not community-representative. Region-wise surveillance reported in the source.
Salmonella Typhi,blood,Ciprofloxacin,3.3,,8,245,2023,2023-01-01 to 2023-12-31,India; North region,ICMR AMRSN network,133,Table 5.2,ICMR AMRSN network surveillance data from tertiary-care hospitals; not hospital-specific; not community-representative. Region-wise surveillance reported in the source.
Salmonella Typhi,blood,Ciprofloxacin,1.6,,6,383,2023,2023-01-01 to 2023-12-31,India; South region,ICMR AMRSN network,133,Table 5.2,ICMR AMRSN network surveillance data from tertiary-care hospitals; not hospital-specific; not community-representative. Region-wise surveillance reported in the source.
Salmonella Typhi,blood,Ciprofloxacin,0.0,,0,28,2023,2023-01-01 to 2023-12-31,India; West region,ICMR AMRSN network,133,Table 5.2,ICMR AMRSN network surveillance data from tertiary-care hospitals; not hospital-specific; not community-representative. Region-wise surveillance reported in the source.
Salmonella Typhi,blood,Ciprofloxacin,,,0,16,2023,2023-01-01 to 2023-12-31,India; Central region,ICMR AMRSN network,133,Table 5.2,ICMR AMRSN network surveillance data from tertiary-care hospitals; not hospital-specific; not community-representative. Region-wise surveillance reported in the source.
Salmonella Typhi,blood,Ciprofloxacin,,,0,2,2023,2023-01-01 to 2023-12-31,India; East region,ICMR AMRSN network,133,Table 5.2,ICMR AMRSN network surveillance data from tertiary-care hospitals; not hospital-specific; not community-representative. Region-wise surveillance reported in the source.
Salmonella Typhi,blood,Levofloxacin,18.2,,10,55,2023,2023-01-01 to 2023-12-31,India; National region,ICMR AMRSN network,133,Table 5.2,ICMR AMRSN network surveillance data from tertiary-care hospitals; not hospital-specific; not community-representative. Region-wise surveillance reported in the source.
Salmonella Typhi,blood,Levofloxacin,21.3,,10,47,2023,2023-01-01 to 2023-12-31,India; North region,ICMR AMRSN network,133,Table 5.2,ICMR AMRSN network surveillance data from tertiary-care hospitals; not hospital-specific; not community-representative. Region-wise surveillance reported in the source.
Salmonella Typhi,blood,Levofloxacin,,,0,1,2023,2023-01-01 to 2023-12-31,India; South region,ICMR AMRSN network,133,Table 5.2,ICMR AMRSN network surveillance data from tertiary-care hospitals; not hospital-specific; not community-representative. Region-wise surveillance reported in the source.
Salmonella Typhi,blood,Levofloxacin,,,0,0,2023,2023-01-01 to 2023-12-31,India; West region,ICMR AMRSN network,133,Table 5.2,ICMR AMRSN network surveillance data from tertiary-care hospitals; not hospital-specific; not community-representative. Region-wise surveillance reported in the source.
Salmonella Typhi,blood,Levofloxacin,,,0,7,2023,2023-01-01 to 2023-12-31,India; Central region,ICMR AMRSN network,133,Table 5.2,ICMR AMRSN network surveillance data from tertiary-care hospitals; not hospital-specific; not community-representative. Region-wise surveillance reported in the source.
Salmonella Typhi,blood,Levofloxacin,,,0,0,2023,2023-01-01 to 2023-12-31,India; East region,ICMR AMRSN network,133,Table 5.2,ICMR AMRSN network surveillance data from tertiary-care hospitals; not hospital-specific; not community-representative. Region-wise surveillance reported in the source.
Salmonella Typhi,blood,Pefloxacin,6.3,,24,379,2023,2023-01-01 to 2023-12-31,India; National region,ICMR AMRSN network,133,Table 5.2,ICMR AMRSN network surveillance data from tertiary-care hospitals; not hospital-specific; not community-representative. Region-wise surveillance reported in the source.
Salmonella Typhi,blood,Pefloxacin,20.0,,10,50,2023,2023-01-01 to 2023-12-31,India; North region,ICMR AMRSN network,133,Table 5.2,ICMR AMRSN network surveillance data from tertiary-care hospitals; not hospital-specific; not community-representative. Region-wise surveillance reported in the source.
Salmonella Typhi,blood,Pefloxacin,3.7,,12,323,2023,2023-01-01 to 2023-12-31,India; South region,ICMR AMRSN network,133,Table 5.2,ICMR AMRSN network surveillance data from tertiary-care hospitals; not hospital-specific; not community-representative. Region-wise surveillance reported in the source.
Salmonella Typhi,blood,Pefloxacin,,,2,4,2023,2023-01-01 to 2023-12-31,India; West region,ICMR AMRSN network,133,Table 5.2,ICMR AMRSN network surveillance data from tertiary-care hospitals; not hospital-specific; not community-representative. Region-wise surveillance reported in the source.
Salmonella Typhi,blood,Pefloxacin,,,0,0,2023,2023-01-01 to 2023-12-31,India; Central region,ICMR AMRSN network,133,Table 5.2,ICMR AMRSN network surveillance data from tertiary-care hospitals; not hospital-specific; not community-representative. Region-wise surveillance reported in the source.
Salmonella Typhi,blood,Pefloxacin,,,0,2,2023,2023-01-01 to 2023-12-31,India; East region,ICMR AMRSN network,133,Table 5.2,ICMR AMRSN network surveillance data from tertiary-care hospitals; not hospital-specific; not community-representative. Region-wise surveillance reported in the source.
Salmonella Typhi,blood,Trimethoprim-,96.8,,634,655,2023,2023-01-01 to 2023-12-31,India; National region,ICMR AMRSN network,133,Table 5.2,ICMR AMRSN network surveillance data from tertiary-care hospitals; not hospital-specific; not community-representative. Region-wise surveillance reported in the source.
Salmonella Typhi,blood,Trimethoprim-,95.3,,223,234,2023,2023-01-01 to 2023-12-31,India; North region,ICMR AMRSN network,133,Table 5.2,ICMR AMRSN network surveillance data from tertiary-care hospitals; not hospital-specific; not community-representative. Region-wise surveillance reported in the source.
Salmonella Typhi,blood,Trimethoprim-,99.7,,374,375,2023,2023-01-01 to 2023-12-31,India; South region,ICMR AMRSN network,133,Table 5.2,ICMR AMRSN network surveillance data from tertiary-care hospitals; not hospital-specific; not community-representative. Region-wise surveillance reported in the source.
Salmonella Typhi,blood,Trimethoprim-,78.6,,22,28,2023,2023-01-01 to 2023-12-31,India; West region,ICMR AMRSN network,133,Table 5.2,ICMR AMRSN network surveillance data from tertiary-care hospitals; not hospital-specific; not community-representative. Region-wise surveillance reported in the source.
Salmonella Typhi,blood,Trimethoprim-,,,13,16,2023,2023-01-01 to 2023-12-31,India; Central region,ICMR AMRSN network,133,Table 5.2,ICMR AMRSN network surveillance data from tertiary-care hospitals; not hospital-specific; not community-representative. Region-wise surveillance reported in the source.
Salmonella Typhi,blood,Trimethoprim- sulfamethoxazole,,,2,2,2023,2023-01-01 to 2023-12-31,India; East region,ICMR AMRSN network,133,Table 5.2,ICMR AMRSN network surveillance data from tertiary-care hospitals; not hospital-specific; not community-representative. Region-wise surveillance reported in the source.
Aeromonas spp.,faeces,Cefixime,0.0,,0,0,2023,2023-01-01 to 2023-12-31,India,ICMR AMRSN network,154,Table 6.1,ICMR AMRSN network surveillance data from tertiary-care hospitals; not hospital-specific; not community-representative.
Aeromonas spp.,faeces,Ciprofloxacin,20.9,,18,86,2023,2023-01-01 to 2023-12-31,India,ICMR AMRSN network,154,Table 6.1,ICMR AMRSN network surveillance data from tertiary-care hospitals; not hospital-specific; not community-representative.
Aeromonas spp.,faeces,Imipenem,63.9,,53,83,2023,2023-01-01 to 2023-12-31,India,ICMR AMRSN network,154,Table 6.1,ICMR AMRSN network surveillance data from tertiary-care hospitals; not hospital-specific; not community-representative.
Aeromonas spp.,faeces,Meropenem,89.0,,73,82,2023,2023-01-01 to 2023-12-31,India,ICMR AMRSN network,154,Table 6.1,ICMR AMRSN network surveillance data from tertiary-care hospitals; not hospital-specific; not community-representative.
Aeromonas spp.,faeces,Tetracycline,77.6,,66,85,2023,2023-01-01 to 2023-12-31,India,ICMR AMRSN network,154,Table 6.1,ICMR AMRSN network surveillance data from tertiary-care hospitals; not hospital-specific; not community-representative.
Shigella flexneri,all specimens,Ampicillin,16.0,,4,25,2023,2023-01-01 to 2023-12-31,India,ICMR AMRSN network,156,Table 6.3,ICMR AMRSN network surveillance data from tertiary-care hospitals; not hospital-specific; not community-representative.
Shigella flexneri,all specimens,Azithromycin,83.3,,20,24,2023,2023-01-01 to 2023-12-31,India,ICMR AMRSN network,156,Table 6.3,ICMR AMRSN network surveillance data from tertiary-care hospitals; not hospital-specific; not community-representative.
Shigella flexneri,all specimens,Cefixime,64.0,,16,25,2023,2023-01-01 to 2023-12-31,India,ICMR AMRSN network,156,Table 6.3,ICMR AMRSN network surveillance data from tertiary-care hospitals; not hospital-specific; not community-representative.
Shigella flexneri,all specimens,Ciprofloxacin,0.0,,0,25,2023,2023-01-01 to 2023-12-31,India,ICMR AMRSN network,156,Table 6.3,ICMR AMRSN network surveillance data from tertiary-care hospitals; not hospital-specific; not community-representative.
Shigella flexneri,all specimens,Nalidixic acid,,,0,5,2023,2023-01-01 to 2023-12-31,India,ICMR AMRSN network,156,Table 6.3,ICMR AMRSN network surveillance data from tertiary-care hospitals; not hospital-specific; not community-representative.
Shigella flexneri,all specimens,Trimethoprim-,79.2,,19,24,2023,2023-01-01 to 2023-12-31,India,ICMR AMRSN network,156,Table 6.3,ICMR AMRSN network surveillance data from tertiary-care hospitals; not hospital-specific; not community-representative.
Shigella sonnei,all specimens,Ampicillin,,,14,15,2023,2023-01-01 to 2023-12-31,India,ICMR AMRSN network,156,Table 6.3,ICMR AMRSN network surveillance data from tertiary-care hospitals; not hospital-specific; not community-representative. Source marks the n=15 series with *.
Shigella sonnei,all specimens,Azithromycin,,,10,15,2023,2023-01-01 to 2023-12-31,India,ICMR AMRSN network,156,Table 6.3,ICMR AMRSN network surveillance data from tertiary-care hospitals; not hospital-specific; not community-representative. Source marks the n=15 series with *.
Shigella sonnei,all specimens,Cefixime,,,13,14,2023,2023-01-01 to 2023-12-31,India,ICMR AMRSN network,156,Table 6.3,ICMR AMRSN network surveillance data from tertiary-care hospitals; not hospital-specific; not community-representative. Source marks the n=15 series with *.
Shigella sonnei,all specimens,Ciprofloxacin,,,0,15,2023,2023-01-01 to 2023-12-31,India,ICMR AMRSN network,156,Table 6.3,ICMR AMRSN network surveillance data from tertiary-care hospitals; not hospital-specific; not community-representative. Source marks the n=15 series with *.
Shigella sonnei,all specimens,Nalidixic acid,,,0,1,2023,2023-01-01 to 2023-12-31,India,ICMR AMRSN network,156,Table 6.3,ICMR AMRSN network surveillance data from tertiary-care hospitals; not hospital-specific; not community-representative. Source marks the n=15 series with *.
Shigella sonnei,all specimens,Trimethoprim- sulfamethoxazole,,,6,15,2023,2023-01-01 to 2023-12-31,India,ICMR AMRSN network,156,Table 6.3,ICMR AMRSN network surveillance data from tertiary-care hospitals; not hospital-specific; not community-representative. Source marks the n=15 series with *.
Vibrio cholerae,faeces,Ampicillin,70.6,,12,17,2023,2023-01-01 to 2023-12-31,India,ICMR AMRSN network,158,Table 6.6,"ICMR AMRSN network surveillance data from tertiary-care hospitals; not hospital-specific; not community-representative. Source reports 17 Vibrio cholerae isolates; percentage values are described in the narrative only as approximately 70.6%, 88.2%, and 41.2% for the reported susceptible counts; where the table itself shows (-), percentage is left blank. Source marks the n=17 series with * and reports ""-"" for the percentage in the table. Percentages are explicitly reported in the narrative immediately preceding Table 6.6."
Vibrio cholerae,faeces,Nalidixic acid,,,0,0,2023,2023-01-01 to 2023-12-31,India,ICMR AMRSN network,158,Table 6.6,"ICMR AMRSN network surveillance data from tertiary-care hospitals; not hospital-specific; not community-representative. Source reports 17 Vibrio cholerae isolates; percentage values are described in the narrative only as approximately 70.6%, 88.2%, and 41.2% for the reported susceptible counts; where the table itself shows (-), percentage is left blank. Source marks the n=17 series with * and reports ""-"" for the percentage in the table. Percentages are explicitly reported in the narrative immediately preceding Table 6.6."
Vibrio cholerae,faeces,Tetracycline,88.2,,15,17,2023,2023-01-01 to 2023-12-31,India,ICMR AMRSN network,158,Table 6.6,"ICMR AMRSN network surveillance data from tertiary-care hospitals; not hospital-specific; not community-representative. Source reports 17 Vibrio cholerae isolates; percentage values are described in the narrative only as approximately 70.6%, 88.2%, and 41.2% for the reported susceptible counts; where the table itself shows (-), percentage is left blank. Source marks the n=17 series with * and reports ""-"" for the percentage in the table. Percentages are explicitly reported in the narrative immediately preceding Table 6.6."
Vibrio cholerae,faeces,Trimethoprim- sulfamethoxazole,,,7,17,2023,2023-01-01 to 2023-12-31,India,ICMR AMRSN network,158,Table 6.6,"ICMR AMRSN network surveillance data from tertiary-care hospitals; not hospital-specific; not community-representative. Source reports 17 Vibrio cholerae isolates; percentage values are described in the narrative only as approximately 70.6%, 88.2%, and 41.2% for the reported susceptible counts; where the table itself shows (-), percentage is left blank. Source marks the n=17 series with * and reports ""-"" for the percentage in the table. Percentages are explicitly reported in the narrative immediately preceding Table 6.6."
Escherichia coli Diarrheagenic,faeces,Ampicillin,3.0,,1,33,2023,2023-01-01 to 2023-12-31,India,ICMR AMRSN network,160,Table 6.8,ICMR AMRSN network surveillance data from tertiary-care hospitals; not hospital-specific; not community-representative.
Escherichia coli Diarrheagenic,faeces,Azithromycin,,,0,0,2023,2023-01-01 to 2023-12-31,India,ICMR AMRSN network,160,Table 6.8,ICMR AMRSN network surveillance data from tertiary-care hospitals; not hospital-specific; not community-representative. Source reports no available susceptibility data (0/0; -).
Escherichia coli Diarrheagenic,faeces,Cefixime,3.0,,1,33,2023,2023-01-01 to 2023-12-31,India,ICMR AMRSN network,160,Table 6.8,ICMR AMRSN network surveillance data from tertiary-care hospitals; not hospital-specific; not community-representative.
Escherichia coli Diarrheagenic,faeces,Ciprofloxacin,0.0,,0,33,2023,2023-01-01 to 2023-12-31,India,ICMR AMRSN network,160,Table 6.8,ICMR AMRSN network surveillance data from tertiary-care hospitals; not hospital-specific; not community-representative.
Escherichia coli Diarrheagenic,faeces,Nalidixic acid,15.6,,5,32,2023,2023-01-01 to 2023-12-31,India,ICMR AMRSN network,160,Table 6.8,ICMR AMRSN network surveillance data from tertiary-care hospitals; not hospital-specific; not community-representative.
Escherichia coli Diarrheagenic,faeces,Trimethoprim-sulfamethoxazole,21.2,,7,33,2023,2023-01-01 to 2023-12-31,India,ICMR AMRSN network,160,Table 6.8,ICMR AMRSN network surveillance data from tertiary-care hospitals; not hospital-specific; not community-representative.
CoNS,all specimens,Cefoxitin,20.1,,705,3500,2023,2023-01-01 to 2023-12-31,India,ICMR AMRSN network,164,Table 7.1,ICMR AMRSN network surveillance data from tertiary-care hospitals; not hospital-specific; not community-representative.
CoNS,all specimens,Ciprofloxacin,28.4,,1958,6895,2023,2023-01-01 to 2023-12-31,India,ICMR AMRSN network,164,Table 7.1,ICMR AMRSN network surveillance data from tertiary-care hospitals; not hospital-specific; not community-representative.
CoNS,all specimens,Clindamycin,33.7,,2326,6895,2023,2023-01-01 to 2023-12-31,India,ICMR AMRSN network,164,Table 7.1,ICMR AMRSN network surveillance data from tertiary-care hospitals; not hospital-specific; not community-representative.
CoNS,all specimens,Erythromycin,14.5,,684,4720,2023,2023-01-01 to 2023-12-31,India,ICMR AMRSN network,164,Table 7.1,ICMR AMRSN network surveillance data from tertiary-care hospitals; not hospital-specific; not community-representative.
CoNS,all specimens,Linezolid,99.3,,6849,6895,2023,2023-01-01 to 2023-12-31,India,ICMR AMRSN network,164,Table 7.1,ICMR AMRSN network surveillance data from tertiary-care hospitals; not hospital-specific; not community-representative.
CoNS,all specimens,Oxacillin,13.4,,487,3621,2023,2023-01-01 to 2023-12-31,India,ICMR AMRSN network,164,Table 7.1,ICMR AMRSN network surveillance data from tertiary-care hospitals; not hospital-specific; not community-representative.
CoNS,all specimens,Teicoplanin,100.0,,2137,2137,2023,2023-01-01 to 2023-12-31,India,ICMR AMRSN network,164,Table 7.1,ICMR AMRSN network surveillance data from tertiary-care hospitals; not hospital-specific; not community-representative.
CoNS,all specimens,Tetracycline,47.7,,1788,3747,2023,2023-01-01 to 2023-12-31,India,ICMR AMRSN network,164,Table 7.1,ICMR AMRSN network surveillance data from tertiary-care hospitals; not hospital-specific; not community-representative.
CoNS,all specimens,Trimethoprim-,55.0,,3789,6895,2023,2023-01-01 to 2023-12-31,India,ICMR AMRSN network,164,Table 7.1,ICMR AMRSN network surveillance data from tertiary-care hospitals; not hospital-specific; not community-representative.
CoNS,all specimens,Vancomycin,100.0,,4788,4788,2023,2023-01-01 to 2023-12-31,India,ICMR AMRSN network,164,Table 7.1,ICMR AMRSN network surveillance data from tertiary-care hospitals; not hospital-specific; not community-representative.
MRSA,all specimens,Cefoxitin,,,0,3116,2023,2023-01-01 to 2023-12-31,India,ICMR AMRSN network,164,Table 7.1,ICMR AMRSN network surveillance data from tertiary-care hospitals; not hospital-specific; not community-representative.
MRSA,all specimens,Ciprofloxacin,9.4,,404,4311,2023,2023-01-01 to 2023-12-31,India,ICMR AMRSN network,164,Table 7.1,ICMR AMRSN network surveillance data from tertiary-care hospitals; not hospital-specific; not community-representative.
MRSA,all specimens,Clindamycin,62.0,,2653,4280,2023,2023-01-01 to 2023-12-31,India,ICMR AMRSN network,164,Table 7.1,ICMR AMRSN network surveillance data from tertiary-care hospitals; not hospital-specific; not community-representative.
MRSA,all specimens,Erythromycin,24.2,,927,3834,2023,2023-01-01 to 2023-12-31,India,ICMR AMRSN network,164,Table 7.1,ICMR AMRSN network surveillance data from tertiary-care hospitals; not hospital-specific; not community-representative.
MRSA,all specimens,Linezolid,99.0,,4266,4311,2023,2023-01-01 to 2023-12-31,India,ICMR AMRSN network,164,Table 7.1,ICMR AMRSN network surveillance data from tertiary-care hospitals; not hospital-specific; not community-representative.
MRSA,all specimens,Oxacillin,,,0,2383,2023,2023-01-01 to 2023-12-31,India,ICMR AMRSN network,164,Table 7.1,ICMR AMRSN network surveillance data from tertiary-care hospitals; not hospital-specific; not community-representative.
MRSA,all specimens,Teicoplanin,100.0,,2402,2402,2023,2023-01-01 to 2023-12-31,India,ICMR AMRSN network,164,Table 7.1,ICMR AMRSN network surveillance data from tertiary-care hospitals; not hospital-specific; not community-representative.
MRSA,all specimens,Tetracycline,80.2,,2389,2978,2023,2023-01-01 to 2023-12-31,India,ICMR AMRSN network,164,Table 7.1,ICMR AMRSN network surveillance data from tertiary-care hospitals; not hospital-specific; not community-representative.
MRSA,all specimens,Tigecycline,100.0,,1364,1364,2023,2023-01-01 to 2023-12-31,India,ICMR AMRSN network,164,Table 7.1,ICMR AMRSN network surveillance data from tertiary-care hospitals; not hospital-specific; not community-representative.
MRSA,all specimens,Trimethoprim-,64.8,,2792,4311,2023,2023-01-01 to 2023-12-31,India,ICMR AMRSN network,164,Table 7.1,ICMR AMRSN network surveillance data from tertiary-care hospitals; not hospital-specific; not community-representative.
MRSA,all specimens,Vancomycin,100.0,,4311,4311,2023,2023-01-01 to 2023-12-31,India,ICMR AMRSN network,164,Table 7.1,ICMR AMRSN network surveillance data from tertiary-care hospitals; not hospital-specific; not community-representative.
MSSA,all specimens,Cefoxitin,100.0,,3901,3901,2023,2023-01-01 to 2023-12-31,India,ICMR AMRSN network,164,Table 7.1,ICMR AMRSN network surveillance data from tertiary-care hospitals; not hospital-specific; not community-representative.
MSSA,all specimens,Ciprofloxacin,34.4,,1568,4553,2023,2023-01-01 to 2023-12-31,India,ICMR AMRSN network,164,Table 7.1,ICMR AMRSN network surveillance data from tertiary-care hospitals; not hospital-specific; not community-representative.
MSSA,all specimens,Clindamycin,84.6,,3811,4506,2023,2023-01-01 to 2023-12-31,India,ICMR AMRSN network,164,Table 7.1,ICMR AMRSN network surveillance data from tertiary-care hospitals; not hospital-specific; not community-representative.
MSSA,all specimens,Erythromycin,53.5,,2299,4299,2023,2023-01-01 to 2023-12-31,India,ICMR AMRSN network,164,Table 7.1,ICMR AMRSN network surveillance data from tertiary-care hospitals; not hospital-specific; not community-representative.
MSSA,all specimens,Linezolid,99.8,,4528,4539,2023,2023-01-01 to 2023-12-31,India,ICMR AMRSN network,164,Table 7.1,ICMR AMRSN network surveillance data from tertiary-care hospitals; not hospital-specific; not community-representative.
MSSA,all specimens,Oxacillin,100.0,,1689,1689,2023,2023-01-01 to 2023-12-31,India,ICMR AMRSN network,164,Table 7.1,ICMR AMRSN network surveillance data from tertiary-care hospitals; not hospital-specific; not community-representative.
MSSA,all specimens,Teicoplanin,100.0,,1875,1875,2023,2023-01-01 to 2023-12-31,India,ICMR AMRSN network,164,Table 7.1,ICMR AMRSN network surveillance data from tertiary-care hospitals; not hospital-specific; not community-representative.
MSSA,all specimens,Tetracycline,92.3,,3278,3552,2023,2023-01-01 to 2023-12-31,India,ICMR AMRSN network,164,Table 7.1,ICMR AMRSN network surveillance data from tertiary-care hospitals; not hospital-specific; not community-representative.
MSSA,all specimens,Tigecycline,100.0,,1106,1106,2023,2023-01-01 to 2023-12-31,India,ICMR AMRSN network,164,Table 7.1,ICMR AMRSN network surveillance data from tertiary-care hospitals; not hospital-specific; not community-representative.
MSSA,all specimens,Trimethoprim-,84.9,,3853,4539,2023,2023-01-01 to 2023-12-31,India,ICMR AMRSN network,164,Table 7.1,ICMR AMRSN network surveillance data from tertiary-care hospitals; not hospital-specific; not community-representative.
MSSA,all specimens,Vancomycin,100.0,,4539,4539,2023,2023-01-01 to 2023-12-31,India,ICMR AMRSN network,164,Table 7.1,ICMR AMRSN network surveillance data from tertiary-care hospitals; not hospital-specific; not community-representative.
Staphylococcus aureus,all specimens,Cefoxitin,55.5,,3901,7017,2023,2023-01-01 to 2023-12-31,India,ICMR AMRSN network,164,Table 7.1,ICMR AMRSN network surveillance data from tertiary-care hospitals; not hospital-specific; not community-representative.
Staphylococcus aureus,all specimens,Ciprofloxacin,22.3,,1972,8864,2023,2023-01-01 to 2023-12-31,India,ICMR AMRSN network,164,Table 7.1,ICMR AMRSN network surveillance data from tertiary-care hospitals; not hospital-specific; not community-representative.
Staphylococcus aureus,all specimens,Clindamycin,73.6,,6464,8786,2023,2023-01-01 to 2023-12-31,India,ICMR AMRSN network,164,Table 7.1,ICMR AMRSN network surveillance data from tertiary-care hospitals; not hospital-specific; not community-representative.
Staphylococcus aureus,all specimens,Erythromycin,39.7,,3226,8133,2023,2023-01-01 to 2023-12-31,India,ICMR AMRSN network,164,Table 7.1,ICMR AMRSN network surveillance data from tertiary-care hospitals; not hospital-specific; not community-representative.
Staphylococcus aureus,all specimens,Linezolid,99.4,,8794,8850,2023,2023-01-01 to 2023-12-31,India,ICMR AMRSN network,164,Table 7.1,ICMR AMRSN network surveillance data from tertiary-care hospitals; not hospital-specific; not community-representative.
Staphylococcus aureus,all specimens,Oxacillin,35.9,,1689,4072,2023,2023-01-01 to 2023-12-31,India,ICMR AMRSN network,164,Table 7.1,ICMR AMRSN network surveillance data from tertiary-care hospitals; not hospital-specific; not community-representative.
Staphylococcus aureus,all specimens,Teicoplanin,100.0,,4444,4444,2023,2023-01-01 to 2023-12-31,India,ICMR AMRSN network,164,Table 7.1,ICMR AMRSN network surveillance data from tertiary-care hospitals; not hospital-specific; not community-representative.
Staphylococcus aureus,all specimens,Tetracycline,86.8,,5667,6530,2023,2023-01-01 to 2023-12-31,India,ICMR AMRSN network,164,Table 7.1,ICMR AMRSN network surveillance data from tertiary-care hospitals; not hospital-specific; not community-representative.
Staphylococcus aureus,all specimens,Tigecycline,100.0,,2470,2470,2023,2023-01-01 to 2023-12-31,India,ICMR AMRSN network,164,Table 7.1,ICMR AMRSN network surveillance data from tertiary-care hospitals; not hospital-specific; not community-representative.
Staphylococcus aureus,all specimens,Trimethoprim-,75.1,,6645,8850,2023,2023-01-01 to 2023-12-31,India,ICMR AMRSN network,164,Table 7.1,ICMR AMRSN network surveillance data from tertiary-care hospitals; not hospital-specific; not community-representative.
Staphylococcus aureus,all specimens,Vancomycin,100.0,,8850,8850,2023,2023-01-01 to 2023-12-31,India,ICMR AMRSN network,164,Table 7.1,ICMR AMRSN network surveillance data from tertiary-care hospitals; not hospital-specific; not community-representative.
CoNS,all specimens,Cefoxitin,20.1,,705,3500,2023,2023-01-01 to 2023-12-31,India,ICMR AMRSN network,165,Table 7.2,ICMR AMRSN network surveillance data from tertiary-care hospitals; not hospital-specific; not community-representative. Context=Total.
CoNS,all specimens,Erythrom ycin,14.5,,684,4720,2023,2023-01-01 to 2023-12-31,India,ICMR AMRSN network,165,Table 7.2,ICMR AMRSN network surveillance data from tertiary-care hospitals; not hospital-specific; not community-representative. Context=Total.
CoNS,all specimens,Oxacillin,13.4,,487,3621,2023,2023-01-01 to 2023-12-31,India,ICMR AMRSN network,165,Table 7.2,ICMR AMRSN network surveillance data from tertiary-care hospitals; not hospital-specific; not community-representative. Context=Total.
CoNS,all specimens,Teicoplan in,100.0,,2914,2914,2023,2023-01-01 to 2023-12-31,India,ICMR AMRSN network,165,Table 7.2,ICMR AMRSN network surveillance data from tertiary-care hospitals; not hospital-specific; not community-representative. Context=Total.
CoNS,all specimens,Tetracycli ne,47.7,,1788,3747,2023,2023-01-01 to 2023-12-31,India,ICMR AMRSN network,165,Table 7.2,ICMR AMRSN network surveillance data from tertiary-care hospitals; not hospital-specific; not community-representative. Context=Total.
CoNS,all specimens,Vancomyc in,100.0,,6895,6895,2023,2023-01-01 to 2023-12-31,India,ICMR AMRSN network,165,Table 7.2,ICMR AMRSN network surveillance data from tertiary-care hospitals; not hospital-specific; not community-representative. Context=Total.
MRSA,all specimens,Cefoxitin,,,0,3117,2023,2023-01-01 to 2023-12-31,India,ICMR AMRSN network,165,Table 7.2,ICMR AMRSN network surveillance data from tertiary-care hospitals; not hospital-specific; not community-representative. Context=Total.
MRSA,all specimens,Erythrom ycin,24.0,,927,3867,2023,2023-01-01 to 2023-12-31,India,ICMR AMRSN network,165,Table 7.2,ICMR AMRSN network surveillance data from tertiary-care hospitals; not hospital-specific; not community-representative. Context=Total.
MRSA,all specimens,Oxacillin,,,0,2382,2023,2023-01-01 to 2023-12-31,India,ICMR AMRSN network,165,Table 7.2,ICMR AMRSN network surveillance data from tertiary-care hospitals; not hospital-specific; not community-representative. Context=Total.
MRSA,all specimens,Teicoplan in,100.0,,2402,2402,2023,2023-01-01 to 2023-12-31,India,ICMR AMRSN network,165,Table 7.2,ICMR AMRSN network surveillance data from tertiary-care hospitals; not hospital-specific; not community-representative. Context=Total.
MRSA,all specimens,Tetracycli ne,79.8,,2389,2994,2023,2023-01-01 to 2023-12-31,India,ICMR AMRSN network,165,Table 7.2,ICMR AMRSN network surveillance data from tertiary-care hospitals; not hospital-specific; not community-representative. Context=Total.
MRSA,all specimens,Tigecyclin e,100.0,,1364,1364,2023,2023-01-01 to 2023-12-31,India,ICMR AMRSN network,165,Table 7.2,ICMR AMRSN network surveillance data from tertiary-care hospitals; not hospital-specific; not community-representative. Context=Total.
MRSA,all specimens,Vancomyc in,100.0,,4311,4311,2023,2023-01-01 to 2023-12-31,India,ICMR AMRSN network,165,Table 7.2,ICMR AMRSN network surveillance data from tertiary-care hospitals; not hospital-specific; not community-representative. Context=Total.
MSSA,all specimens,Cefoxitin,100.0,,3901,3901,2023,2023-01-01 to 2023-12-31,India,ICMR AMRSN network,165,Table 7.2,ICMR AMRSN network surveillance data from tertiary-care hospitals; not hospital-specific; not community-representative. Context=Total.
MSSA,all specimens,Erythrom ycin,53.4,,2299,4308,2023,2023-01-01 to 2023-12-31,India,ICMR AMRSN network,165,Table 7.2,ICMR AMRSN network surveillance data from tertiary-care hospitals; not hospital-specific; not community-representative. Context=Total.
MSSA,all specimens,Oxacillin,100.0,,1689,1689,2023,2023-01-01 to 2023-12-31,India,ICMR AMRSN network,165,Table 7.2,ICMR AMRSN network surveillance data from tertiary-care hospitals; not hospital-specific; not community-representative. Context=Total.
MSSA,all specimens,Teicoplan in,100.0,,1875,1875,2023,2023-01-01 to 2023-12-31,India,ICMR AMRSN network,165,Table 7.2,ICMR AMRSN network surveillance data from tertiary-care hospitals; not hospital-specific; not community-representative. Context=Total.
MSSA,all specimens,Tetracycli ne,92.3,,3278,3552,2023,2023-01-01 to 2023-12-31,India,ICMR AMRSN network,165,Table 7.2,ICMR AMRSN network surveillance data from tertiary-care hospitals; not hospital-specific; not community-representative. Context=Total.
MSSA,all specimens,Tigecyclin e,100.0,,1106,1106,2023,2023-01-01 to 2023-12-31,India,ICMR AMRSN network,165,Table 7.2,ICMR AMRSN network surveillance data from tertiary-care hospitals; not hospital-specific; not community-representative. Context=Total.
MSSA,all specimens,Vancomyc in,100.0,,4539,4539,2023,2023-01-01 to 2023-12-31,India,ICMR AMRSN network,165,Table 7.2,ICMR AMRSN network surveillance data from tertiary-care hospitals; not hospital-specific; not community-representative. Context=Total.
Staphylococcus aureus,all specimens,Cefoxitin,56.3,,3954,7017,2023,2023-01-01 to 2023-12-31,India,ICMR AMRSN network,165,Table 7.2,ICMR AMRSN network surveillance data from tertiary-care hospitals; not hospital-specific; not community-representative. Context=Total.
Staphylococcus aureus,all specimens,Erythrom ycin,39.7,,3226,8126,2023,2023-01-01 to 2023-12-31,India,ICMR AMRSN network,165,Table 7.2,ICMR AMRSN network surveillance data from tertiary-care hospitals; not hospital-specific; not community-representative. Context=Total.
Staphylococcus aureus,all specimens,Oxacillin,42.7,,1737,4071,2023,2023-01-01 to 2023-12-31,India,ICMR AMRSN network,165,Table 7.2,ICMR AMRSN network surveillance data from tertiary-care hospitals; not hospital-specific; not community-representative. Context=Total.
Staphylococcus aureus,all specimens,Teicoplan in,100.0,,4277,4277,2023,2023-01-01 to 2023-12-31,India,ICMR AMRSN network,165,Table 7.2,ICMR AMRSN network surveillance data from tertiary-care hospitals; not hospital-specific; not community-representative. Context=Total.
Staphylococcus aureus,all specimens,Tetracycli ne,86.8,,5667,6530,2023,2023-01-01 to 2023-12-31,India,ICMR AMRSN network,165,Table 7.2,ICMR AMRSN network surveillance data from tertiary-care hospitals; not hospital-specific; not community-representative. Context=Total.
Staphylococcus aureus,all specimens,Tigecyclin e,100.0,,2470,2470,2023,2023-01-01 to 2023-12-31,India,ICMR AMRSN network,165,Table 7.2,ICMR AMRSN network surveillance data from tertiary-care hospitals; not hospital-specific; not community-representative. Context=Total.
Staphylococcus aureus,all specimens,Vancomyc in,100.0,,8850,8850,2023,2023-01-01 to 2023-12-31,India,ICMR AMRSN network,165,Table 7.2,ICMR AMRSN network surveillance data from tertiary-care hospitals; not hospital-specific; not community-representative. Context=Total.
CoNS,blood,Cefoxitin,16.0,,412,2581,2023,2023-01-01 to 2023-12-31,India,ICMR AMRSN network,172,Table 7.5,ICMR AMRSN network surveillance data from tertiary-care hospitals; not hospital-specific; not community-representative.
CoNS,blood,Ciprofloxacin,26.8,,1519,5672,2023,2023-01-01 to 2023-12-31,India,ICMR AMRSN network,172,Table 7.5,ICMR AMRSN network surveillance data from tertiary-care hospitals; not hospital-specific; not community-representative.
CoNS,blood,Clindamycin,31.0,,1758,5672,2023,2023-01-01 to 2023-12-31,India,ICMR AMRSN network,172,Table 7.5,ICMR AMRSN network surveillance data from tertiary-care hospitals; not hospital-specific; not community-representative.
CoNS,blood,Erythromycin,12.0,,442,3696,2023,2023-01-01 to 2023-12-31,India,ICMR AMRSN network,172,Table 7.5,ICMR AMRSN network surveillance data from tertiary-care hospitals; not hospital-specific; not community-representative.
CoNS,blood,Linezolid,99.5,,5643,5672,2023,2023-01-01 to 2023-12-31,India,ICMR AMRSN network,172,Table 7.5,ICMR AMRSN network surveillance data from tertiary-care hospitals; not hospital-specific; not community-representative.
CoNS,blood,Oxacillin,12.0,,390,3250,2023,2023-01-01 to 2023-12-31,India,ICMR AMRSN network,172,Table 7.5,ICMR AMRSN network surveillance data from tertiary-care hospitals; not hospital-specific; not community-representative.
CoNS,blood,Teicoplanin,100.0,,2605,2605,2023,2023-01-01 to 2023-12-31,India,ICMR AMRSN network,172,Table 7.5,ICMR AMRSN network surveillance data from tertiary-care hospitals; not hospital-specific; not community-representative.
CoNS,blood,Tetracycline,42.6,,1208,2833,2023,2023-01-01 to 2023-12-31,India,ICMR AMRSN network,172,Table 7.5,ICMR AMRSN network surveillance data from tertiary-care hospitals; not hospital-specific; not community-representative.
CoNS,blood,Trimethoprim-,54.3,,3078,5672,2023,2023-01-01 to 2023-12-31,India,ICMR AMRSN network,172,Table 7.5,ICMR AMRSN network surveillance data from tertiary-care hospitals; not hospital-specific; not community-representative.
CoNS,blood,Vancomycin,100.0,,5672,5672,2023,2023-01-01 to 2023-12-31,India,ICMR AMRSN network,172,Table 7.5,ICMR AMRSN network surveillance data from tertiary-care hospitals; not hospital-specific; not community-representative.
MRSA,blood,Cefoxitin,,,0,557,2023,2023-01-01 to 2023-12-31,India,ICMR AMRSN network,172,Table 7.5,ICMR AMRSN network surveillance data from tertiary-care hospitals; not hospital-specific; not community-representative.
MRSA,blood,Ciprofloxacin,17.5,,136,778,2023,2023-01-01 to 2023-12-31,India,ICMR AMRSN network,172,Table 7.5,ICMR AMRSN network surveillance data from tertiary-care hospitals; not hospital-specific; not community-representative.
MRSA,blood,Clindamycin,58.2,,456,783,2023,2023-01-01 to 2023-12-31,India,ICMR AMRSN network,172,Table 7.5,ICMR AMRSN network surveillance data from tertiary-care hospitals; not hospital-specific; not community-representative.
MRSA,blood,Erythromycin,22.0,,152,690,2023,2023-01-01 to 2023-12-31,India,ICMR AMRSN network,172,Table 7.5,ICMR AMRSN network surveillance data from tertiary-care hospitals; not hospital-specific; not community-representative.
MRSA,blood,Linezolid,99.5,,769,773,2023,2023-01-01 to 2023-12-31,India,ICMR AMRSN network,172,Table 7.5,ICMR AMRSN network surveillance data from tertiary-care hospitals; not hospital-specific; not community-representative.
MRSA,blood,Oxacillin,,,0,405,2023,2023-01-01 to 2023-12-31,India,ICMR AMRSN network,172,Table 7.5,ICMR AMRSN network surveillance data from tertiary-care hospitals; not hospital-specific; not community-representative.
MRSA,blood,Teicoplanin,100.0,,454,454,2023,2023-01-01 to 2023-12-31,India,ICMR AMRSN network,172,Table 7.5,ICMR AMRSN network surveillance data from tertiary-care hospitals; not hospital-specific; not community-representative.
MRSA,blood,Tetracycline,77.5,,438,565,2023,2023-01-01 to 2023-12-31,India,ICMR AMRSN network,172,Table 7.5,ICMR AMRSN network surveillance data from tertiary-care hospitals; not hospital-specific; not community-representative.
MRSA,blood,Tigecycline,100.0,,248,248,2023,2023-01-01 to 2023-12-31,India,ICMR AMRSN network,172,Table 7.5,ICMR AMRSN network surveillance data from tertiary-care hospitals; not hospital-specific; not community-representative.
MRSA,blood,Trimethoprim-,58.5,,455,778,2023,2023-01-01 to 2023-12-31,India,ICMR AMRSN network,172,Table 7.5,ICMR AMRSN network surveillance data from tertiary-care hospitals; not hospital-specific; not community-representative.
MRSA,blood,Vancomycin,100.0,,773,773,2023,2023-01-01 to 2023-12-31,India,ICMR AMRSN network,172,Table 7.5,ICMR AMRSN network surveillance data from tertiary-care hospitals; not hospital-specific; not community-representative.
MSSA,blood,Cefoxitin,100.0,,589,589,2023,2023-01-01 to 2023-12-31,India,ICMR AMRSN network,172,Table 7.5,ICMR AMRSN network surveillance data from tertiary-care hospitals; not hospital-specific; not community-representative.
MSSA,blood,Ciprofloxacin,44.06,,308,699,2023,2023-01-01 to 2023-12-31,India,ICMR AMRSN network,172,Table 7.5,ICMR AMRSN network surveillance data from tertiary-care hospitals; not hospital-specific; not community-representative.
MSSA,blood,Clindamycin,83.5,,584,699,2023,2023-01-01 to 2023-12-31,India,ICMR AMRSN network,172,Table 7.5,ICMR AMRSN network surveillance data from tertiary-care hospitals; not hospital-specific; not community-representative.
MSSA,blood,Erythromycin,53.2,,358,673,2023,2023-01-01 to 2023-12-31,India,ICMR AMRSN network,172,Table 7.5,ICMR AMRSN network surveillance data from tertiary-care hospitals; not hospital-specific; not community-representative.
MSSA,blood,Linezolid,100.0,,699,699,2023,2023-01-01 to 2023-12-31,India,ICMR AMRSN network,172,Table 7.5,ICMR AMRSN network surveillance data from tertiary-care hospitals; not hospital-specific; not community-representative.
MSSA,blood,Oxacillin,100.0,,277,277,2023,2023-01-01 to 2023-12-31,India,ICMR AMRSN network,172,Table 7.5,ICMR AMRSN network surveillance data from tertiary-care hospitals; not hospital-specific; not community-representative.
MSSA,blood,Teicoplanin,100.0,,444,444,2023,2023-01-01 to 2023-12-31,India,ICMR AMRSN network,172,Table 7.5,ICMR AMRSN network surveillance data from tertiary-care hospitals; not hospital-specific; not community-representative.
MSSA,blood,Tetracycline,92.6,,502,542,2023,2023-01-01 to 2023-12-31,India,ICMR AMRSN network,172,Table 7.5,ICMR AMRSN network surveillance data from tertiary-care hospitals; not hospital-specific; not community-representative.
MSSA,blood,Tigecycline,100.0,,230,230,2023,2023-01-01 to 2023-12-31,India,ICMR AMRSN network,172,Table 7.5,ICMR AMRSN network surveillance data from tertiary-care hospitals; not hospital-specific; not community-representative.
MSSA,blood,Trimethoprim-,84.5,,591,699,2023,2023-01-01 to 2023-12-31,India,ICMR AMRSN network,172,Table 7.5,ICMR AMRSN network surveillance data from tertiary-care hospitals; not hospital-specific; not community-representative.
MSSA,blood,Vancomycin,100.0,,699,699,2023,2023-01-01 to 2023-12-31,India,ICMR AMRSN network,172,Table 7.5,ICMR AMRSN network surveillance data from tertiary-care hospitals; not hospital-specific; not community-representative.
Staphylococcus aureus,blood,Cefoxitin,52.3,,599,1146,2023,2023-01-01 to 2023-12-31,India,ICMR AMRSN network,172,Table 7.5,ICMR AMRSN network surveillance data from tertiary-care hospitals; not hospital-specific; not community-representative.
Staphylococcus aureus,blood,Ciprofloxacin,30.2,,444,1472,2023,2023-01-01 to 2023-12-31,India,ICMR AMRSN network,172,Table 7.5,ICMR AMRSN network surveillance data from tertiary-care hospitals; not hospital-specific; not community-representative.
Staphylococcus aureus,blood,Clindamycin,70.9,,1040,1467,2023,2023-01-01 to 2023-12-31,India,ICMR AMRSN network,172,Table 7.5,ICMR AMRSN network surveillance data from tertiary-care hospitals; not hospital-specific; not community-representative.
Staphylococcus aureus,blood,Erythromycin,38.1,,510,1337,2023,2023-01-01 to 2023-12-31,India,ICMR AMRSN network,172,Table 7.5,ICMR AMRSN network surveillance data from tertiary-care hospitals; not hospital-specific; not community-representative.
Staphylococcus aureus,blood,Linezolid,99.7,,1468,1472,2023,2023-01-01 to 2023-12-31,India,ICMR AMRSN network,172,Table 7.5,ICMR AMRSN network surveillance data from tertiary-care hospitals; not hospital-specific; not community-representative.
Staphylococcus aureus,blood,Oxacillin,42.4,,289,682,2023,2023-01-01 to 2023-12-31,India,ICMR AMRSN network,172,Table 7.5,ICMR AMRSN network surveillance data from tertiary-care hospitals; not hospital-specific; not community-representative.
Staphylococcus aureus,blood,Teicoplanin,100.0,,898,898,2023,2023-01-01 to 2023-12-31,India,ICMR AMRSN network,172,Table 7.5,ICMR AMRSN network surveillance data from tertiary-care hospitals; not hospital-specific; not community-representative.
Staphylococcus aureus,blood,Tetracycline,85.2,,940,1103,2023,2023-01-01 to 2023-12-31,India,ICMR AMRSN network,172,Table 7.5,ICMR AMRSN network surveillance data from tertiary-care hospitals; not hospital-specific; not community-representative.
Staphylococcus aureus,blood,Tigecycline,100.0,,478,478,2023,2023-01-01 to 2023-12-31,India,ICMR AMRSN network,172,Table 7.5,ICMR AMRSN network surveillance data from tertiary-care hospitals; not hospital-specific; not community-representative.
Staphylococcus aureus,blood,Trimethoprim-,71.1,,1046,1472,2023,2023-01-01 to 2023-12-31,India,ICMR AMRSN network,172,Table 7.5,ICMR AMRSN network surveillance data from tertiary-care hospitals; not hospital-specific; not community-representative.
Staphylococcus aureus,blood,Vancomycin,100.0,,1472,1472,2023,2023-01-01 to 2023-12-31,India,ICMR AMRSN network,172,Table 7.5,ICMR AMRSN network surveillance data from tertiary-care hospitals; not hospital-specific; not community-representative.
CoNS,superficial infections,Cefoxitin,30.2,,147,487,2023,2023-01-01 to 2023-12-31,India,ICMR AMRSN network,172,Table 7.6,ICMR AMRSN network surveillance data from tertiary-care hospitals; not hospital-specific; not community-representative.
CoNS,superficial infections,Ciprofloxacin,38.3,,197,515,2023,2023-01-01 to 2023-12-31,India,ICMR AMRSN network,172,Table 7.6,ICMR AMRSN network surveillance data from tertiary-care hospitals; not hospital-specific; not community-representative.
CoNS,superficial infections,Clindamycin,51.7,,266,515,2023,2023-01-01 to 2023-12-31,India,ICMR AMRSN network,172,Table 7.6,ICMR AMRSN network surveillance data from tertiary-care hospitals; not hospital-specific; not community-representative.
CoNS,superficial infections,Erythromycin,23.0,,118,512,2023,2023-01-01 to 2023-12-31,India,ICMR AMRSN network,172,Table 7.6,ICMR AMRSN network surveillance data from tertiary-care hospitals; not hospital-specific; not community-representative.
CoNS,superficial infections,Linezolid,99.0,,510,515,2023,2023-01-01 to 2023-12-31,India,ICMR AMRSN network,172,Table 7.6,ICMR AMRSN network surveillance data from tertiary-care hospitals; not hospital-specific; not community-representative.
CoNS,superficial infections,Oxacillin,36.4,,20,55,2023,2023-01-01 to 2023-12-31,India,ICMR AMRSN network,172,Table 7.6,ICMR AMRSN network surveillance data from tertiary-care hospitals; not hospital-specific; not community-representative.
CoNS,superficial infections,Teicoplanin,100.0,,75,75,2023,2023-01-01 to 2023-12-31,India,ICMR AMRSN network,172,Table 7.6,ICMR AMRSN network surveillance data from tertiary-care hospitals; not hospital-specific; not community-representative.
CoNS,superficial infections,Tetracycline,64.2,,321,500,2023,2023-01-01 to 2023-12-31,India,ICMR AMRSN network,172,Table 7.6,ICMR AMRSN network surveillance data from tertiary-care hospitals; not hospital-specific; not community-representative.
CoNS,superficial infections,Tigecycline,,,0,4,2023,2023-01-01 to 2023-12-31,India,ICMR AMRSN network,172,Table 7.6,ICMR AMRSN network surveillance data from tertiary-care hospitals; not hospital-specific; not community-representative.
CoNS,superficial infections,Trimethoprim-,56.5,,291,515,2023,2023-01-01 to 2023-12-31,India,ICMR AMRSN network,172,Table 7.6,ICMR AMRSN network surveillance data from tertiary-care hospitals; not hospital-specific; not community-representative.
CoNS,superficial infections,Vancomycin,100.0,,515,515,2023,2023-01-01 to 2023-12-31,India,ICMR AMRSN network,172,Table 7.6,ICMR AMRSN network surveillance data from tertiary-care hospitals; not hospital-specific; not community-representative.
MRSA,superficial infections,Cefoxitin,,,0,1582,2023,2023-01-01 to 2023-12-31,India,ICMR AMRSN network,172,Table 7.6,ICMR AMRSN network surveillance data from tertiary-care hospitals; not hospital-specific; not community-representative.
MRSA,superficial infections,Ciprofloxacin,5.83,,107,1833,2023,2023-01-01 to 2023-12-31,India,ICMR AMRSN network,172,Table 7.6,ICMR AMRSN network surveillance data from tertiary-care hospitals; not hospital-specific; not community-representative.
MRSA,superficial infections,Clindamycin,66.2,,1225,1833,2023,2023-01-01 to 2023-12-31,India,ICMR AMRSN network,172,Table 7.6,ICMR AMRSN network surveillance data from tertiary-care hospitals; not hospital-specific; not community-representative.
MRSA,superficial infections,Erythromycin,22.8,,391,1714,2023,2023-01-01 to 2023-12-31,India,ICMR AMRSN network,172,Table 7.6,ICMR AMRSN network surveillance data from tertiary-care hospitals; not hospital-specific; not community-representative.
MRSA,superficial infections,Linezolid,98.5,,1806,1833,2023,2023-01-01 to 2023-12-31,India,ICMR AMRSN network,172,Table 7.6,ICMR AMRSN network surveillance data from tertiary-care hospitals; not hospital-specific; not community-representative.
MRSA,superficial infections,Oxacillin,,,0,841,2023,2023-01-01 to 2023-12-31,India,ICMR AMRSN network,172,Table 7.6,ICMR AMRSN network surveillance data from tertiary-care hospitals; not hospital-specific; not community-representative.
MRSA,superficial infections,Teicoplanin,100.0,,1033,1033,2023,2023-01-01 to 2023-12-31,India,ICMR AMRSN network,172,Table 7.6,ICMR AMRSN network surveillance data from tertiary-care hospitals; not hospital-specific; not community-representative.
MRSA,superficial infections,Tetracycline,79.7,,1233,1548,2023,2023-01-01 to 2023-12-31,India,ICMR AMRSN network,172,Table 7.6,ICMR AMRSN network surveillance data from tertiary-care hospitals; not hospital-specific; not community-representative.
MRSA,superficial infections,Tigecycline,100.0,,769,769,2023,2023-01-01 to 2023-12-31,India,ICMR AMRSN network,172,Table 7.6,ICMR AMRSN network surveillance data from tertiary-care hospitals; not hospital-specific; not community-representative.
MRSA,superficial infections,Trimethoprim-,69.7,,1279,1833,2023,2023-01-01 to 2023-12-31,India,ICMR AMRSN network,172,Table 7.6,ICMR AMRSN network surveillance data from tertiary-care hospitals; not hospital-specific; not community-representative.
MRSA,superficial infections,Vancomycin,100.0,,1833,1833,2023,2023-01-01 to 2023-12-31,India,ICMR AMRSN network,172,Table 7.6,ICMR AMRSN network surveillance data from tertiary-care hospitals; not hospital-specific; not community-representative.
MSSA,superficial infections,Cefoxitin,100.0,,1956,1956,2023,2023-01-01 to 2023-12-31,India,ICMR AMRSN network,172,Table 7.6,ICMR AMRSN network surveillance data from tertiary-care hospitals; not hospital-specific; not community-representative.
MSSA,superficial infections,Ciprofloxacin,34.7,,735,2117,2023,2023-01-01 to 2023-12-31,India,ICMR AMRSN network,172,Table 7.6,ICMR AMRSN network surveillance data from tertiary-care hospitals; not hospital-specific; not community-representative.
MSSA,superficial infections,Clindamycin,86.8,,1834,2112,2023,2023-01-01 to 2023-12-31,India,ICMR AMRSN network,172,Table 7.6,ICMR AMRSN network surveillance data from tertiary-care hospitals; not hospital-specific; not community-representative.
MSSA,superficial infections,Erythromycin,55.1,,1132,2055,2023,2023-01-01 to 2023-12-31,India,ICMR AMRSN network,172,Table 7.6,ICMR AMRSN network surveillance data from tertiary-care hospitals; not hospital-specific; not community-representative.
MSSA,superficial infections,Linezolid,99.7,,2110,2117,2023,2023-01-01 to 2023-12-31,India,ICMR AMRSN network,172,Table 7.6,ICMR AMRSN network surveillance data from tertiary-care hospitals; not hospital-specific; not community-representative.
MSSA,superficial infections,Oxacillin,100.0,,674,674,2023,2023-01-01 to 2023-12-31,India,ICMR AMRSN network,172,Table 7.6,ICMR AMRSN network surveillance data from tertiary-care hospitals; not hospital-specific; not community-representative.
MSSA,superficial infections,Teicoplanin,100.0,,766,766,2023,2023-01-01 to 2023-12-31,India,ICMR AMRSN network,172,Table 7.6,ICMR AMRSN network surveillance data from tertiary-care hospitals; not hospital-specific; not community-representative.
MSSA,superficial infections,Tetracycline,92.4,,1719,1861,2023,2023-01-01 to 2023-12-31,India,ICMR AMRSN network,172,Table 7.6,ICMR AMRSN network surveillance data from tertiary-care hospitals; not hospital-specific; not community-representative.
MSSA,superficial infections,Tigecycline,100.0,,551,551,2023,2023-01-01 to 2023-12-31,India,ICMR AMRSN network,172,Table 7.6,ICMR AMRSN network surveillance data from tertiary-care hospitals; not hospital-specific; not community-representative.
MSSA,superficial infections,Trimethoprim-,87.6,,1856,2117,2023,2023-01-01 to 2023-12-31,India,ICMR AMRSN network,172,Table 7.6,ICMR AMRSN network surveillance data from tertiary-care hospitals; not hospital-specific; not community-representative.
MSSA,superficial infections,Vancomycin,100.0,,2117,2117,2023,2023-01-01 to 2023-12-31,India,ICMR AMRSN network,172,Table 7.6,ICMR AMRSN network surveillance data from tertiary-care hospitals; not hospital-specific; not community-representative.
Staphylococcus aureus,superficial infections,Cefoxitin,55.9,,1978,3538,2023,2023-01-01 to 2023-12-31,India,ICMR AMRSN network,172,Table 7.6,ICMR AMRSN network surveillance data from tertiary-care hospitals; not hospital-specific; not community-representative.
Staphylococcus aureus,superficial infections,Ciprofloxacin,21.3,,842,3950,2023,2023-01-01 to 2023-12-31,India,ICMR AMRSN network,172,Table 7.6,ICMR AMRSN network surveillance data from tertiary-care hospitals; not hospital-specific; not community-representative.
Staphylococcus aureus,superficial infections,Clindamycin,77.8,,3059,3933,2023,2023-01-01 to 2023-12-31,India,ICMR AMRSN network,172,Table 7.6,ICMR AMRSN network surveillance data from tertiary-care hospitals; not hospital-specific; not community-representative.
Staphylococcus aureus,superficial infections,Erythromycin,40.6,,1523,3754,2023,2023-01-01 to 2023-12-31,India,ICMR AMRSN network,172,Table 7.6,ICMR AMRSN network surveillance data from tertiary-care hospitals; not hospital-specific; not community-representative.
Staphylococcus aureus,superficial infections,Linezolid,99.1,,3916,3950,2023,2023-01-01 to 2023-12-31,India,ICMR AMRSN network,172,Table 7.6,ICMR AMRSN network surveillance data from tertiary-care hospitals; not hospital-specific; not community-representative.
Staphylococcus aureus,superficial infections,Oxacillin,45.8,,694,1515,2023,2023-01-01 to 2023-12-31,India,ICMR AMRSN network,172,Table 7.6,ICMR AMRSN network surveillance data from tertiary-care hospitals; not hospital-specific; not community-representative.
Staphylococcus aureus,superficial infections,Teicoplanin,100.0,,1799,1799,2023,2023-01-01 to 2023-12-31,India,ICMR AMRSN network,172,Table 7.6,ICMR AMRSN network surveillance data from tertiary-care hospitals; not hospital-specific; not community-representative.
Staphylococcus aureus,superficial infections,Tetracycline,86.8,,2952,3399,2023,2023-01-01 to 2023-12-31,India,ICMR AMRSN network,172,Table 7.6,ICMR AMRSN network surveillance data from tertiary-care hospitals; not hospital-specific; not community-representative.
Staphylococcus aureus,superficial infections,Tigecycline,100.0,,1320,1320,2023,2023-01-01 to 2023-12-31,India,ICMR AMRSN network,172,Table 7.6,ICMR AMRSN network surveillance data from tertiary-care hospitals; not hospital-specific; not community-representative.
Staphylococcus aureus,superficial infections,Trimethoprim-,79.4,,3135,3950,2023,2023-01-01 to 2023-12-31,India,ICMR AMRSN network,172,Table 7.6,ICMR AMRSN network surveillance data from tertiary-care hospitals; not hospital-specific; not community-representative.
Staphylococcus aureus,superficial infections,Vancomycin,100.0,,3950,3950,2023,2023-01-01 to 2023-12-31,India,ICMR AMRSN network,172,Table 7.6,ICMR AMRSN network surveillance data from tertiary-care hospitals; not hospital-specific; not community-representative.
CoNS,deep infections,Cefoxitin,44.8,,26,58,2023,2023-01-01 to 2023-12-31,India,ICMR AMRSN network,173,Table 7.7,ICMR AMRSN network surveillance data from tertiary-care hospitals; not hospital-specific; not community-representative.
CoNS,deep infections,Ciprofloxacin,27.3,,35,128,2023,2023-01-01 to 2023-12-31,India,ICMR AMRSN network,173,Table 7.7,ICMR AMRSN network surveillance data from tertiary-care hospitals; not hospital-specific; not community-representative.
CoNS,deep infections,Clindamycin,37.5,,48,128,2023,2023-01-01 to 2023-12-31,India,ICMR AMRSN network,173,Table 7.7,ICMR AMRSN network surveillance data from tertiary-care hospitals; not hospital-specific; not community-representative.
CoNS,deep infections,Erythromycin,24.1,,20,83,2023,2023-01-01 to 2023-12-31,India,ICMR AMRSN network,173,Table 7.7,ICMR AMRSN network surveillance data from tertiary-care hospitals; not hospital-specific; not community-representative.
CoNS,deep infections,Linezolid,99.2,,127,128,2023,2023-01-01 to 2023-12-31,India,ICMR AMRSN network,173,Table 7.7,ICMR AMRSN network surveillance data from tertiary-care hospitals; not hospital-specific; not community-representative.
CoNS,deep infections,Oxacillin,20.7,,17,82,2023,2023-01-01 to 2023-12-31,India,ICMR AMRSN network,173,Table 7.7,ICMR AMRSN network surveillance data from tertiary-care hospitals; not hospital-specific; not community-representative.
CoNS,deep infections,Teicoplanin,100.0,,56,56,2023,2023-01-01 to 2023-12-31,India,ICMR AMRSN network,173,Table 7.7,ICMR AMRSN network surveillance data from tertiary-care hospitals; not hospital-specific; not community-representative.
CoNS,deep infections,Tetracycline,68.6,,35,51,2023,2023-01-01 to 2023-12-31,India,ICMR AMRSN network,173,Table 7.7,ICMR AMRSN network surveillance data from tertiary-care hospitals; not hospital-specific; not community-representative.
CoNS,deep infections,Tigecycline,,,0,0,2023,2023-01-01 to 2023-12-31,India,ICMR AMRSN network,173,Table 7.7,ICMR AMRSN network surveillance data from tertiary-care hospitals; not hospital-specific; not community-representative.
CoNS,deep infections,Trimethoprim- sulfamethoxazole,57.0,,73,128,2023,2023-01-01 to 2023-12-31,India,ICMR AMRSN network,173,Table 7.7,ICMR AMRSN network surveillance data from tertiary-care hospitals; not hospital-specific; not community-representative.
CoNS,deep infections,Vancomycin,100.0,,128,128,2023,2023-01-01 to 2023-12-31,India,ICMR AMRSN network,173,Table 7.7,ICMR AMRSN network surveillance data from tertiary-care hospitals; not hospital-specific; not community-representative.
MRSA,deep infections,Cefoxitin,,,0,315,2023,2023-01-01 to 2023-12-31,India,ICMR AMRSN network,173,Table 7.7,ICMR AMRSN network surveillance data from tertiary-care hospitals; not hospital-specific; not community-representative.
MRSA,deep infections,Ciprofloxacin,3.36,,25,743,2023,2023-01-01 to 2023-12-31,India,ICMR AMRSN network,173,Table 7.7,ICMR AMRSN network surveillance data from tertiary-care hospitals; not hospital-specific; not community-representative.
MRSA,deep infections,Clindamycin,60.1,,447,743,2023,2023-01-01 to 2023-12-31,India,ICMR AMRSN network,173,Table 7.7,ICMR AMRSN network surveillance data from tertiary-care hospitals; not hospital-specific; not community-representative.
MRSA,deep infections,Erythromycin,28.4,,193,680,2023,2023-01-01 to 2023-12-31,India,ICMR AMRSN network,173,Table 7.7,ICMR AMRSN network surveillance data from tertiary-care hospitals; not hospital-specific; not community-representative.
MRSA,deep infections,Linezolid,99.6,,740,743,2023,2023-01-01 to 2023-12-31,India,ICMR AMRSN network,173,Table 7.7,ICMR AMRSN network surveillance data from tertiary-care hospitals; not hospital-specific; not community-representative.
MRSA,deep infections,Oxacillin,,,0,628,2023,2023-01-01 to 2023-12-31,India,ICMR AMRSN network,173,Table 7.7,ICMR AMRSN network surveillance data from tertiary-care hospitals; not hospital-specific; not community-representative.
MRSA,deep infections,Teicoplanin,100.0,,453,453,2023,2023-01-01 to 2023-12-31,India,ICMR AMRSN network,173,Table 7.7,ICMR AMRSN network surveillance data from tertiary-care hospitals; not hospital-specific; not community-representative.
MRSA,deep infections,Tetracycline,85.7,,245,286,2023,2023-01-01 to 2023-12-31,India,ICMR AMRSN network,173,Table 7.7,ICMR AMRSN network surveillance data from tertiary-care hospitals; not hospital-specific; not community-representative.
MRSA,deep infections,Tigecycline,100.0,,132,132,2023,2023-01-01 to 2023-12-31,India,ICMR AMRSN network,173,Table 7.7,ICMR AMRSN network surveillance data from tertiary-care hospitals; not hospital-specific; not community-representative.
MRSA,deep infections,Trimethoprim- sulfamethoxazole,58.1,,432,743,2023,2023-01-01 to 2023-12-31,India,ICMR AMRSN network,173,Table 7.7,ICMR AMRSN network surveillance data from tertiary-care hospitals; not hospital-specific; not community-representative.
MRSA,deep infections,Vancomycin,100.0,,743,743,2023,2023-01-01 to 2023-12-31,India,ICMR AMRSN network,173,Table 7.7,ICMR AMRSN network surveillance data from tertiary-care hospitals; not hospital-specific; not community-representative.
MSSA,deep infections,Cefoxitin,100.0,,356,356,2023,2023-01-01 to 2023-12-31,India,ICMR AMRSN network,173,Table 7.7,ICMR AMRSN network surveillance data from tertiary-care hospitals; not hospital-specific; not community-representative.
MSSA,deep infections,Ciprofloxacin,21.2,,120,565,2023,2023-01-01 to 2023-12-31,India,ICMR AMRSN network,173,Table 7.7,ICMR AMRSN network surveillance data from tertiary-care hospitals; not hospital-specific; not community-representative.
MSSA,deep infections,Clindamycin,83.0,,468,564,2023,2023-01-01 to 2023-12-31,India,ICMR AMRSN network,173,Table 7.7,ICMR AMRSN network surveillance data from tertiary-care hospitals; not hospital-specific; not community-representative.
MSSA,deep infections,Erythromycin,50.1,,271,541,2023,2023-01-01 to 2023-12-31,India,ICMR AMRSN network,173,Table 7.7,ICMR AMRSN network surveillance data from tertiary-care hospitals; not hospital-specific; not community-representative.
MSSA,deep infections,Linezolid,99.8,,564,565,2023,2023-01-01 to 2023-12-31,India,ICMR AMRSN network,173,Table 7.7,ICMR AMRSN network surveillance data from tertiary-care hospitals; not hospital-specific; not community-representative.
MSSA,deep infections,Oxacillin,100.0,,380,380,2023,2023-01-01 to 2023-12-31,India,ICMR AMRSN network,173,Table 7.7,ICMR AMRSN network surveillance data from tertiary-care hospitals; not hospital-specific; not community-representative.
MSSA,deep infections,Teicoplanin,100.0,,317,317,2023,2023-01-01 to 2023-12-31,India,ICMR AMRSN network,173,Table 7.7,ICMR AMRSN network surveillance data from tertiary-care hospitals; not hospital-specific; not community-representative.
MSSA,deep infections,Tetracycline,93.0,,277,298,2023,2023-01-01 to 2023-12-31,India,ICMR AMRSN network,173,Table 7.7,ICMR AMRSN network surveillance data from tertiary-care hospitals; not hospital-specific; not community-representative.
MSSA,deep infections,Tigecycline,100.0,,135,135,2023,2023-01-01 to 2023-12-31,India,ICMR AMRSN network,173,Table 7.7,ICMR AMRSN network surveillance data from tertiary-care hospitals; not hospital-specific; not community-representative.
MSSA,deep infections,Trimethoprim- sulfamethoxazole,74.3,,420,565,2023,2023-01-01 to 2023-12-31,India,ICMR AMRSN network,173,Table 7.7,ICMR AMRSN network surveillance data from tertiary-care hospitals; not hospital-specific; not community-representative.
MSSA,deep infections,Vancomycin,100.0,,565,565,2023,2023-01-01 to 2023-12-31,India,ICMR AMRSN network,173,Table 7.7,ICMR AMRSN network surveillance data from tertiary-care hospitals; not hospital-specific; not community-representative.
Staphylococcus aureus,deep infections,Cefoxitin,54.4,,365,671,2023,2023-01-01 to 2023-12-31,India,ICMR AMRSN network,173,Table 7.7,ICMR AMRSN network surveillance data from tertiary-care hospitals; not hospital-specific; not community-representative.
Staphylococcus aureus,deep infections,Ciprofloxacin,11.1,,145,1308,2023,2023-01-01 to 2023-12-31,India,ICMR AMRSN network,173,Table 7.7,ICMR AMRSN network surveillance data from tertiary-care hospitals; not hospital-specific; not community-representative.
Staphylococcus aureus,deep infections,Clindamycin,70.0,,915,1307,2023,2023-01-01 to 2023-12-31,India,ICMR AMRSN network,173,Table 7.7,ICMR AMRSN network surveillance data from tertiary-care hospitals; not hospital-specific; not community-representative.
Staphylococcus aureus,deep infections,Erythromycin,38.1,,464,1218,2023,2023-01-01 to 2023-12-31,India,ICMR AMRSN network,173,Table 7.7,ICMR AMRSN network surveillance data from tertiary-care hospitals; not hospital-specific; not community-representative.
Staphylococcus aureus,deep infections,Linezolid,99.7,,1304,1308,2023,2023-01-01 to 2023-12-31,India,ICMR AMRSN network,173,Table 7.7,ICMR AMRSN network surveillance data from tertiary-care hospitals; not hospital-specific; not community-representative.
Staphylococcus aureus,deep infections,Oxacillin,38.6,,389,1008,2023,2023-01-01 to 2023-12-31,India,ICMR AMRSN network,173,Table 7.7,ICMR AMRSN network surveillance data from tertiary-care hospitals; not hospital-specific; not community-representative.
Staphylococcus aureus,deep infections,Teicoplanin,100.0,,770,770,2023,2023-01-01 to 2023-12-31,India,ICMR AMRSN network,173,Table 7.7,ICMR AMRSN network surveillance data from tertiary-care hospitals; not hospital-specific; not community-representative.
Staphylococcus aureus,deep infections,Tetracycline,89.4,,522,584,2023,2023-01-01 to 2023-12-31,India,ICMR AMRSN network,173,Table 7.7,ICMR AMRSN network surveillance data from tertiary-care hospitals; not hospital-specific; not community-representative.
Staphylococcus aureus,deep infections,Tigecycline,100.0,,267,267,2023,2023-01-01 to 2023-12-31,India,ICMR AMRSN network,173,Table 7.7,ICMR AMRSN network surveillance data from tertiary-care hospitals; not hospital-specific; not community-representative.
Staphylococcus aureus,deep infections,Trimethoprim- sulfamethoxazole,65.1,,852,1308,2023,2023-01-01 to 2023-12-31,India,ICMR AMRSN network,173,Table 7.7,ICMR AMRSN network surveillance data from tertiary-care hospitals; not hospital-specific; not community-representative.
Staphylococcus aureus,deep infections,Vancomycin,100.0,,1308,1308,2023,2023-01-01 to 2023-12-31,India,ICMR AMRSN network,173,Table 7.7,ICMR AMRSN network surveillance data from tertiary-care hospitals; not hospital-specific; not community-representative.
Staphylococcus epidermidis,all specimens,Cefoxitin,23.7,,232,977,2023,2023-01-01 to 2023-12-31,India,ICMR AMRSN network,176,Table 7.10,ICMR AMRSN network surveillance data from tertiary-care hospitals; not hospital-specific; not community-representative.
Staphylococcus epidermidis,all specimens,Ciprofloxacin,31.8,,653,2056,2023,2023-01-01 to 2023-12-31,India,ICMR AMRSN network,176,Table 7.10,ICMR AMRSN network surveillance data from tertiary-care hospitals; not hospital-specific; not community-representative.
Staphylococcus epidermidis,all specimens,Clindamycin,36.6,,752,2056,2023,2023-01-01 to 2023-12-31,India,ICMR AMRSN network,176,Table 7.10,ICMR AMRSN network surveillance data from tertiary-care hospitals; not hospital-specific; not community-representative.
Staphylococcus epidermidis,all specimens,Erythromycin,17.2,,232,1347,2023,2023-01-01 to 2023-12-31,India,ICMR AMRSN network,176,Table 7.10,ICMR AMRSN network surveillance data from tertiary-care hospitals; not hospital-specific; not community-representative.
Staphylococcus epidermidis,all specimens,Linezolid,99.6,,2048,2056,2023,2023-01-01 to 2023-12-31,India,ICMR AMRSN network,176,Table 7.10,ICMR AMRSN network surveillance data from tertiary-care hospitals; not hospital-specific; not community-representative.
Staphylococcus epidermidis,all specimens,Teicoplanin,100.0,,995,995,2023,2023-01-01 to 2023-12-31,India,ICMR AMRSN network,176,Table 7.10,ICMR AMRSN network surveillance data from tertiary-care hospitals; not hospital-specific; not community-representative.
Staphylococcus epidermidis,all specimens,Tetracycline,49.6,,524,1057,2023,2023-01-01 to 2023-12-31,India,ICMR AMRSN network,176,Table 7.10,ICMR AMRSN network surveillance data from tertiary-care hospitals; not hospital-specific; not community-representative.
Staphylococcus epidermidis,all specimens,Trimethoprim,56.5,,1161,2056,2023,2023-01-01 to 2023-12-31,India,ICMR AMRSN network,176,Table 7.10,ICMR AMRSN network surveillance data from tertiary-care hospitals; not hospital-specific; not community-representative.
Staphylococcus epidermidis,all specimens,Vancomycin,100.0,,2056,2056,2023,2023-01-01 to 2023-12-31,India,ICMR AMRSN network,176,Table 7.10,ICMR AMRSN network surveillance data from tertiary-care hospitals; not hospital-specific; not community-representative.
Staphylococcus haemolyticus,all specimens,Cefoxitin,11.3,,160,1418,2023,2023-01-01 to 2023-12-31,India,ICMR AMRSN network,176,Table 7.10,ICMR AMRSN network surveillance data from tertiary-care hospitals; not hospital-specific; not community-representative.
Staphylococcus haemolyticus,all specimens,Ciprofloxacin,17.2,,388,2262,2023,2023-01-01 to 2023-12-31,India,ICMR AMRSN network,176,Table 7.10,ICMR AMRSN network surveillance data from tertiary-care hospitals; not hospital-specific; not community-representative.
Staphylococcus haemolyticus,all specimens,Clindamycin,23.2,,525,2262,2023,2023-01-01 to 2023-12-31,India,ICMR AMRSN network,176,Table 7.10,ICMR AMRSN network surveillance data from tertiary-care hospitals; not hospital-specific; not community-representative.
Staphylococcus haemolyticus,all specimens,Erythromycin,9.0,,162,1799,2023,2023-01-01 to 2023-12-31,India,ICMR AMRSN network,176,Table 7.10,ICMR AMRSN network surveillance data from tertiary-care hospitals; not hospital-specific; not community-representative.
Staphylococcus haemolyticus,all specimens,Linezolid,99.3,,2247,2262,2023,2023-01-01 to 2023-12-31,India,ICMR AMRSN network,176,Table 7.10,ICMR AMRSN network surveillance data from tertiary-care hospitals; not hospital-specific; not community-representative.
Staphylococcus haemolyticus,all specimens,Teicoplanin,100.0,,735,735,2023,2023-01-01 to 2023-12-31,India,ICMR AMRSN network,176,Table 7.10,ICMR AMRSN network surveillance data from tertiary-care hospitals; not hospital-specific; not community-representative.
Staphylococcus haemolyticus,all specimens,Tetracycline,42.8,,643,1504,2023,2023-01-01 to 2023-12-31,India,ICMR AMRSN network,176,Table 7.10,ICMR AMRSN network surveillance data from tertiary-care hospitals; not hospital-specific; not community-representative.
Staphylococcus haemolyticus,all specimens,Trimethoprim,47.4,,1072,2262,2023,2023-01-01 to 2023-12-31,India,ICMR AMRSN network,176,Table 7.10,ICMR AMRSN network surveillance data from tertiary-care hospitals; not hospital-specific; not community-representative.
Staphylococcus haemolyticus,all specimens,Vancomycin,100.0,,2262,2262,2023,2023-01-01 to 2023-12-31,India,ICMR AMRSN network,176,Table 7.10,ICMR AMRSN network surveillance data from tertiary-care hospitals; not hospital-specific; not community-representative.
Staphylococcus hominis,all specimens,Cefoxitin,20.0,,146,731,2023,2023-01-01 to 2023-12-31,India,ICMR AMRSN network,176,Table 7.10,ICMR AMRSN network surveillance data from tertiary-care hospitals; not hospital-specific; not community-representative.
Staphylococcus hominis,all specimens,Ciprofloxacin,31.2,,439,1408,2023,2023-01-01 to 2023-12-31,India,ICMR AMRSN network,176,Table 7.10,ICMR AMRSN network surveillance data from tertiary-care hospitals; not hospital-specific; not community-representative.
Staphylococcus hominis,all specimens,Clindamycin,41.1,,578,1408,2023,2023-01-01 to 2023-12-31,India,ICMR AMRSN network,176,Table 7.10,ICMR AMRSN network surveillance data from tertiary-care hospitals; not hospital-specific; not community-representative.
Staphylococcus hominis,all specimens,Erythromycin,12.7,,133,1047,2023,2023-01-01 to 2023-12-31,India,ICMR AMRSN network,176,Table 7.10,ICMR AMRSN network surveillance data from tertiary-care hospitals; not hospital-specific; not community-representative.
Staphylococcus hominis,all specimens,Linezolid,99.8,,1405,1408,2023,2023-01-01 to 2023-12-31,India,ICMR AMRSN network,176,Table 7.10,ICMR AMRSN network surveillance data from tertiary-care hospitals; not hospital-specific; not community-representative.
Staphylococcus hominis,all specimens,Teicoplanin,100.0,,567,567,2023,2023-01-01 to 2023-12-31,India,ICMR AMRSN network,176,Table 7.10,ICMR AMRSN network surveillance data from tertiary-care hospitals; not hospital-specific; not community-representative.
Staphylococcus hominis,all specimens,Tetracycline,41.6,,344,827,2023,2023-01-01 to 2023-12-31,India,ICMR AMRSN network,176,Table 7.10,ICMR AMRSN network surveillance data from tertiary-care hospitals; not hospital-specific; not community-representative.
Staphylococcus hominis,all specimens,Trimethoprim,56.0,,789,1408,2023,2023-01-01 to 2023-12-31,India,ICMR AMRSN network,176,Table 7.10,ICMR AMRSN network surveillance data from tertiary-care hospitals; not hospital-specific; not community-representative.
Staphylococcus hominis,all specimens,Vancomycin,100.0,,1408,1408,2023,2023-01-01 to 2023-12-31,India,ICMR AMRSN network,176,Table 7.10,ICMR AMRSN network surveillance data from tertiary-care hospitals; not hospital-specific; not community-representative.
Staphylococcus lugdunensis,all specimens,Cefoxitin,67.7,,86,127,2023,2023-01-01 to 2023-12-31,India,ICMR AMRSN network,176,Table 7.10,ICMR AMRSN network surveillance data from tertiary-care hospitals; not hospital-specific; not community-representative.
Staphylococcus lugdunensis,all specimens,Ciprofloxacin,70.0,,91,130,2023,2023-01-01 to 2023-12-31,India,ICMR AMRSN network,176,Table 7.10,ICMR AMRSN network surveillance data from tertiary-care hospitals; not hospital-specific; not community-representative.
Staphylococcus lugdunensis,all specimens,Clindamycin,71.5,,93,130,2023,2023-01-01 to 2023-12-31,India,ICMR AMRSN network,176,Table 7.10,ICMR AMRSN network surveillance data from tertiary-care hospitals; not hospital-specific; not community-representative.
Staphylococcus lugdunensis,all specimens,Erythromycin,41.9,,54,129,2023,2023-01-01 to 2023-12-31,India,ICMR AMRSN network,176,Table 7.10,ICMR AMRSN network surveillance data from tertiary-care hospitals; not hospital-specific; not community-representative.
Staphylococcus lugdunensis,all specimens,Linezolid,93.8,,122,130,2023,2023-01-01 to 2023-12-31,India,ICMR AMRSN network,176,Table 7.10,ICMR AMRSN network surveillance data from tertiary-care hospitals; not hospital-specific; not community-representative.
Staphylococcus lugdunensis,all specimens,Teicoplanin,100.0,,23,23,2023,2023-01-01 to 2023-12-31,India,ICMR AMRSN network,176,Table 7.10,ICMR AMRSN network surveillance data from tertiary-care hospitals; not hospital-specific; not community-representative.
Staphylococcus lugdunensis,all specimens,Tetracycline,80.0,,96,120,2023,2023-01-01 to 2023-12-31,India,ICMR AMRSN network,176,Table 7.10,ICMR AMRSN network surveillance data from tertiary-care hospitals; not hospital-specific; not community-representative.
Staphylococcus lugdunensis,all specimens,Trimethoprim,81.5,,106,130,2023,2023-01-01 to 2023-12-31,India,ICMR AMRSN network,176,Table 7.10,ICMR AMRSN network surveillance data from tertiary-care hospitals; not hospital-specific; not community-representative.
Staphylococcus lugdunensis,all specimens,Vancomycin,100.0,,130,130,2023,2023-01-01 to 2023-12-31,India,ICMR AMRSN network,176,Table 7.10,ICMR AMRSN network surveillance data from tertiary-care hospitals; not hospital-specific; not community-representative.
Staphylococcus saprophyticus,all specimens,Cefoxitin,82.6,,19,23,2023,2023-01-01 to 2023-12-31,India,ICMR AMRSN network,176,Table 7.10,ICMR AMRSN network surveillance data from tertiary-care hospitals; not hospital-specific; not community-representative.
Staphylococcus saprophyticus,all specimens,Ciprofloxacin,96.6,,28,29,2023,2023-01-01 to 2023-12-31,India,ICMR AMRSN network,176,Table 7.10,ICMR AMRSN network surveillance data from tertiary-care hospitals; not hospital-specific; not community-representative.
Staphylococcus saprophyticus,all specimens,Clindamycin,69.0,,20,29,2023,2023-01-01 to 2023-12-31,India,ICMR AMRSN network,176,Table 7.10,ICMR AMRSN network surveillance data from tertiary-care hospitals; not hospital-specific; not community-representative.
Staphylococcus saprophyticus,all specimens,Erythromycin,34.6,,9,26,2023,2023-01-01 to 2023-12-31,India,ICMR AMRSN network,176,Table 7.10,ICMR AMRSN network surveillance data from tertiary-care hospitals; not hospital-specific; not community-representative.
Staphylococcus saprophyticus,all specimens,Linezolid,96.6,,28,29,2023,2023-01-01 to 2023-12-31,India,ICMR AMRSN network,176,Table 7.10,ICMR AMRSN network surveillance data from tertiary-care hospitals; not hospital-specific; not community-representative.
Staphylococcus saprophyticus,all specimens,Teicoplanin,100.0,,16,16,2023,2023-01-01 to 2023-12-31,India,ICMR AMRSN network,176,Table 7.10,ICMR AMRSN network surveillance data from tertiary-care hospitals; not hospital-specific; not community-representative.
Staphylococcus saprophyticus,all specimens,Tetracycline,100.0,,25,25,2023,2023-01-01 to 2023-12-31,India,ICMR AMRSN network,176,Table 7.10,ICMR AMRSN network surveillance data from tertiary-care hospitals; not hospital-specific; not community-representative.
Staphylococcus saprophyticus,all specimens,Trimethoprim,86.2,,25,29,2023,2023-01-01 to 2023-12-31,India,ICMR AMRSN network,176,Table 7.10,ICMR AMRSN network surveillance data from tertiary-care hospitals; not hospital-specific; not community-representative.
Staphylococcus saprophyticus,all specimens,Vancomycin,100.0,,29,29,2023,2023-01-01 to 2023-12-31,India,ICMR AMRSN network,176,Table 7.10,ICMR AMRSN network surveillance data from tertiary-care hospitals; not hospital-specific; not community-representative.
Staphylococcus spp.,all specimens,Cefoxitin,27.7,,62,224,2023,2023-01-01 to 2023-12-31,India,ICMR AMRSN network,176,Table 7.10,ICMR AMRSN network surveillance data from tertiary-care hospitals; not hospital-specific; not community-representative.
Staphylococcus spp.,all specimens,Ciprofloxacin,35.5,,359,1010,2023,2023-01-01 to 2023-12-31,India,ICMR AMRSN network,176,Table 7.10,ICMR AMRSN network surveillance data from tertiary-care hospitals; not hospital-specific; not community-representative.
Staphylococcus spp.,all specimens,Clindamycin,35.4,,358,1010,2023,2023-01-01 to 2023-12-31,India,ICMR AMRSN network,176,Table 7.10,ICMR AMRSN network surveillance data from tertiary-care hospitals; not hospital-specific; not community-representative.
Staphylococcus spp.,all specimens,Erythromycin,25.3,,94,372,2023,2023-01-01 to 2023-12-31,India,ICMR AMRSN network,176,Table 7.10,ICMR AMRSN network surveillance data from tertiary-care hospitals; not hospital-specific; not community-representative.
Staphylococcus spp.,all specimens,Linezolid,98.9,,999,1010,2023,2023-01-01 to 2023-12-31,India,ICMR AMRSN network,176,Table 7.10,ICMR AMRSN network surveillance data from tertiary-care hospitals; not hospital-specific; not community-representative.
Staphylococcus spp.,all specimens,Teicoplanin,100.0,,578,578,2023,2023-01-01 to 2023-12-31,India,ICMR AMRSN network,176,Table 7.10,ICMR AMRSN network surveillance data from tertiary-care hospitals; not hospital-specific; not community-representative.
Staphylococcus spp.,all specimens,Tetracycline,72.9,,156,214,2023,2023-01-01 to 2023-12-31,India,ICMR AMRSN network,176,Table 7.10,ICMR AMRSN network surveillance data from tertiary-care hospitals; not hospital-specific; not community-representative.
Staphylococcus spp.,all specimens,Trimethoprim,63.0,,636,1010,2023,2023-01-01 to 2023-12-31,India,ICMR AMRSN network,176,Table 7.10,ICMR AMRSN network surveillance data from tertiary-care hospitals; not hospital-specific; not community-representative.
Staphylococcus spp.,all specimens,Vancomycin,100.0,,1010,1010,2023,2023-01-01 to 2023-12-31,India,ICMR AMRSN network,176,Table 7.10,ICMR AMRSN network surveillance data from tertiary-care hospitals; not hospital-specific; not community-representative.
Enterococcus faecalis,CSF,Ampicillin,,,16,29,2023,2023-01-01 to 2023-12-31,India,ICMR AMRSN network,178,Table 7.12,ICMR AMRSN network surveillance data from tertiary-care hospitals; not hospital-specific; not community-representative.
Enterococcus faecalis,CSF,Gentamicin,,,14,28,2023,2023-01-01 to 2023-12-31,India,ICMR AMRSN network,178,Table 7.12,ICMR AMRSN network surveillance data from tertiary-care hospitals; not hospital-specific; not community-representative.
Enterococcus faecalis,CSF,Linezolid,,,28,29,2023,2023-01-01 to 2023-12-31,India,ICMR AMRSN network,178,Table 7.12,ICMR AMRSN network surveillance data from tertiary-care hospitals; not hospital-specific; not community-representative.
Enterococcus faecalis,CSF,Teicoplanin,,,21,24,2023,2023-01-01 to 2023-12-31,India,ICMR AMRSN network,178,Table 7.12,ICMR AMRSN network surveillance data from tertiary-care hospitals; not hospital-specific; not community-representative.
Enterococcus faecalis,CSF,Vancomyci,,,24,29,2023,2023-01-01 to 2023-12-31,India,ICMR AMRSN network,178,Table 7.12,ICMR AMRSN network surveillance data from tertiary-care hospitals; not hospital-specific; not community-representative.
Enterococcus faecalis,all specimens except urine,Ampicillin,77.3,,1394,1804,2023,2023-01-01 to 2023-12-31,India,ICMR AMRSN network,178,Table 7.12,ICMR AMRSN network surveillance data from tertiary-care hospitals; not hospital-specific; not community-representative.
Enterococcus faecalis,all specimens except urine,Gentamicin,55.3,,975,1763,2023,2023-01-01 to 2023-12-31,India,ICMR AMRSN network,178,Table 7.12,ICMR AMRSN network surveillance data from tertiary-care hospitals; not hospital-specific; not community-representative.
Enterococcus faecalis,all specimens except urine,Linezolid,97.7,,1823,1866,2023,2023-01-01 to 2023-12-31,India,ICMR AMRSN network,178,Table 7.12,ICMR AMRSN network surveillance data from tertiary-care hospitals; not hospital-specific; not community-representative.
Enterococcus faecalis,all specimens except urine,Teicoplanin,93.0,,1655,1779,2023,2023-01-01 to 2023-12-31,India,ICMR AMRSN network,178,Table 7.12,ICMR AMRSN network surveillance data from tertiary-care hospitals; not hospital-specific; not community-representative.
Enterococcus faecalis,all specimens except urine,Vancomyci,94.1,,1756,1866,2023,2023-01-01 to 2023-12-31,India,ICMR AMRSN network,178,Table 7.12,ICMR AMRSN network surveillance data from tertiary-care hospitals; not hospital-specific; not community-representative.
Enterococcus faecalis,blood,Ampicillin,64.9,,340,524,2023,2023-01-01 to 2023-12-31,India,ICMR AMRSN network,178,Table 7.12,ICMR AMRSN network surveillance data from tertiary-care hospitals; not hospital-specific; not community-representative.
Enterococcus faecalis,blood,Gentamicin,51.4,,271,527,2023,2023-01-01 to 2023-12-31,India,ICMR AMRSN network,178,Table 7.12,ICMR AMRSN network surveillance data from tertiary-care hospitals; not hospital-specific; not community-representative.
Enterococcus faecalis,blood,Linezolid,97.6,,532,545,2023,2023-01-01 to 2023-12-31,India,ICMR AMRSN network,178,Table 7.12,ICMR AMRSN network surveillance data from tertiary-care hospitals; not hospital-specific; not community-representative.
Enterococcus faecalis,blood,Teicoplanin,87.6,,440,502,2023,2023-01-01 to 2023-12-31,India,ICMR AMRSN network,178,Table 7.12,ICMR AMRSN network surveillance data from tertiary-care hospitals; not hospital-specific; not community-representative.
Enterococcus faecalis,blood,Vancomyci,89.5,,488,545,2023,2023-01-01 to 2023-12-31,India,ICMR AMRSN network,178,Table 7.12,ICMR AMRSN network surveillance data from tertiary-care hospitals; not hospital-specific; not community-representative.
Enterococcus faecalis,deep infection,Ampicillin,89.3,,134,150,2023,2023-01-01 to 2023-12-31,India,ICMR AMRSN network,178,Table 7.12,ICMR AMRSN network surveillance data from tertiary-care hospitals; not hospital-specific; not community-representative.
Enterococcus faecalis,deep infection,Gentamicin,60.6,,86,142,2023,2023-01-01 to 2023-12-31,India,ICMR AMRSN network,178,Table 7.12,ICMR AMRSN network surveillance data from tertiary-care hospitals; not hospital-specific; not community-representative.
Enterococcus faecalis,deep infection,Linezolid,98.0,,150,153,2023,2023-01-01 to 2023-12-31,India,ICMR AMRSN network,178,Table 7.12,ICMR AMRSN network surveillance data from tertiary-care hospitals; not hospital-specific; not community-representative.
Enterococcus faecalis,deep infection,Teicoplanin,98.6,,145,147,2023,2023-01-01 to 2023-12-31,India,ICMR AMRSN network,178,Table 7.12,ICMR AMRSN network surveillance data from tertiary-care hospitals; not hospital-specific; not community-representative.
Enterococcus faecalis,deep infection,Vancomyci,98.7,,151,153,2023,2023-01-01 to 2023-12-31,India,ICMR AMRSN network,178,Table 7.12,ICMR AMRSN network surveillance data from tertiary-care hospitals; not hospital-specific; not community-representative.
Enterococcus faecalis,superficial infection,Ampicillin,82.9,,534,644,2023,2023-01-01 to 2023-12-31,India,ICMR AMRSN network,178,Table 7.12,ICMR AMRSN network surveillance data from tertiary-care hospitals; not hospital-specific; not community-representative.
Enterococcus faecalis,superficial infection,Gentamicin,55.3,,342,619,2023,2023-01-01 to 2023-12-31,India,ICMR AMRSN network,178,Table 7.12,ICMR AMRSN network surveillance data from tertiary-care hospitals; not hospital-specific; not community-representative.
Enterococcus faecalis,superficial infection,Linezolid,98.3,,639,650,2023,2023-01-01 to 2023-12-31,India,ICMR AMRSN network,178,Table 7.12,ICMR AMRSN network surveillance data from tertiary-care hospitals; not hospital-specific; not community-representative.
Enterococcus faecalis,superficial infection,Teicoplanin,95.5,,613,642,2023,2023-01-01 to 2023-12-31,India,ICMR AMRSN network,178,Table 7.12,ICMR AMRSN network surveillance data from tertiary-care hospitals; not hospital-specific; not community-representative.
Enterococcus faecalis,superficial infection,Vancomyci,96.9,,630,650,2023,2023-01-01 to 2023-12-31,India,ICMR AMRSN network,178,Table 7.12,ICMR AMRSN network surveillance data from tertiary-care hospitals; not hospital-specific; not community-representative.
Enterococcus faecium,CSF,Ampicillin,31.3,,10,32,2023,2023-01-01 to 2023-12-31,India,ICMR AMRSN network,178,Table 7.12,ICMR AMRSN network surveillance data from tertiary-care hospitals; not hospital-specific; not community-representative.
Enterococcus faecium,CSF,Gentamicin,46.9,,15,32,2023,2023-01-01 to 2023-12-31,India,ICMR AMRSN network,178,Table 7.12,ICMR AMRSN network surveillance data from tertiary-care hospitals; not hospital-specific; not community-representative.
Enterococcus faecium,CSF,Linezolid,100.0,,33,33,2023,2023-01-01 to 2023-12-31,India,ICMR AMRSN network,178,Table 7.12,ICMR AMRSN network surveillance data from tertiary-care hospitals; not hospital-specific; not community-representative.
Enterococcus faecium,CSF,Teicoplanin,,,18,27,2023,2023-01-01 to 2023-12-31,India,ICMR AMRSN network,178,Table 7.12,ICMR AMRSN network surveillance data from tertiary-care hospitals; not hospital-specific; not community-representative.
Enterococcus faecium,CSF,Vancomyci,60.6,,20,33,2023,2023-01-01 to 2023-12-31,India,ICMR AMRSN network,178,Table 7.12,ICMR AMRSN network surveillance data from tertiary-care hospitals; not hospital-specific; not community-representative.
Enterococcus faecium,all specimens except urine,Ampicillin,19.7,,334,1699,2023,2023-01-01 to 2023-12-31,India,ICMR AMRSN network,178,Table 7.12,ICMR AMRSN network surveillance data from tertiary-care hospitals; not hospital-specific; not community-representative.
Enterococcus faecium,all specimens except urine,Gentamicin,35.1,,594,1691,2023,2023-01-01 to 2023-12-31,India,ICMR AMRSN network,178,Table 7.12,ICMR AMRSN network surveillance data from tertiary-care hospitals; not hospital-specific; not community-representative.
Enterococcus faecium,all specimens except urine,Linezolid,92.9,,1676,1804,2023,2023-01-01 to 2023-12-31,India,ICMR AMRSN network,178,Table 7.12,ICMR AMRSN network surveillance data from tertiary-care hospitals; not hospital-specific; not community-representative.
Enterococcus faecium,all specimens except urine,Teicoplanin,72.1,,1130,1567,2023,2023-01-01 to 2023-12-31,India,ICMR AMRSN network,178,Table 7.12,ICMR AMRSN network surveillance data from tertiary-care hospitals; not hospital-specific; not community-representative.
Enterococcus faecium,all specimens except urine,Vancomyci,70.3,,1269,1804,2023,2023-01-01 to 2023-12-31,India,ICMR AMRSN network,178,Table 7.12,ICMR AMRSN network surveillance data from tertiary-care hospitals; not hospital-specific; not community-representative.
Enterococcus faecium,blood,Ampicillin,17.4,,119,684,2023,2023-01-01 to 2023-12-31,India,ICMR AMRSN network,178,Table 7.12,ICMR AMRSN network surveillance data from tertiary-care hospitals; not hospital-specific; not community-representative.
Enterococcus faecium,blood,Gentamicin,31.1,,212,681,2023,2023-01-01 to 2023-12-31,India,ICMR AMRSN network,178,Table 7.12,ICMR AMRSN network surveillance data from tertiary-care hospitals; not hospital-specific; not community-representative.
Enterococcus faecium,blood,Linezolid,90.6,,662,731,2023,2023-01-01 to 2023-12-31,India,ICMR AMRSN network,178,Table 7.12,ICMR AMRSN network surveillance data from tertiary-care hospitals; not hospital-specific; not community-representative.
Enterococcus faecium,blood,Teicoplanin,64.9,,399,615,2023,2023-01-01 to 2023-12-31,India,ICMR AMRSN network,178,Table 7.12,ICMR AMRSN network surveillance data from tertiary-care hospitals; not hospital-specific; not community-representative.
Enterococcus faecium,blood,Vancomyci,61.8,,452,731,2023,2023-01-01 to 2023-12-31,India,ICMR AMRSN network,178,Table 7.12,ICMR AMRSN network surveillance data from tertiary-care hospitals; not hospital-specific; not community-representative.
Enterococcus faecium,deep infection,Ampicillin,18.1,,27,149,2023,2023-01-01 to 2023-12-31,India,ICMR AMRSN network,178,Table 7.12,ICMR AMRSN network surveillance data from tertiary-care hospitals; not hospital-specific; not community-representative.
Enterococcus faecium,deep infection,Gentamicin,37.3,,57,153,2023,2023-01-01 to 2023-12-31,India,ICMR AMRSN network,178,Table 7.12,ICMR AMRSN network surveillance data from tertiary-care hospitals; not hospital-specific; not community-representative.
Enterococcus faecium,deep infection,Linezolid,92.5,,147,159,2023,2023-01-01 to 2023-12-31,India,ICMR AMRSN network,178,Table 7.12,ICMR AMRSN network surveillance data from tertiary-care hospitals; not hospital-specific; not community-representative.
Enterococcus faecium,deep infection,Teicoplanin,69.9,,107,153,2023,2023-01-01 to 2023-12-31,India,ICMR AMRSN network,178,Table 7.12,ICMR AMRSN network surveillance data from tertiary-care hospitals; not hospital-specific; not community-representative.
Enterococcus faecium,deep infection,Vancomyci,71.7,,114,159,2023,2023-01-01 to 2023-12-31,India,ICMR AMRSN network,178,Table 7.12,ICMR AMRSN network surveillance data from tertiary-care hospitals; not hospital-specific; not community-representative.
Enterococcus faecium,superficial infection,Ampicillin,25.4,,95,374,2023,2023-01-01 to 2023-12-31,India,ICMR AMRSN network,178,Table 7.12,ICMR AMRSN network surveillance data from tertiary-care hospitals; not hospital-specific; not community-representative.
Enterococcus faecium,superficial infection,Gentamicin,35.7,,121,339,2023,2023-01-01 to 2023-12-31,India,ICMR AMRSN network,178,Table 7.12,ICMR AMRSN network surveillance data from tertiary-care hospitals; not hospital-specific; not community-representative.
Enterococcus faecium,superficial infection,Linezolid,93.6,,353,377,2023,2023-01-01 to 2023-12-31,India,ICMR AMRSN network,178,Table 7.12,ICMR AMRSN network surveillance data from tertiary-care hospitals; not hospital-specific; not community-representative.
Enterococcus faecium,superficial infection,Teicoplanin,77.7,,283,364,2023,2023-01-01 to 2023-12-31,India,ICMR AMRSN network,178,Table 7.12,ICMR AMRSN network surveillance data from tertiary-care hospitals; not hospital-specific; not community-representative.
Enterococcus faecium,superficial infection,Vancomyci,77.7,,293,377,2023,2023-01-01 to 2023-12-31,India,ICMR AMRSN network,178,Table 7.12,ICMR AMRSN network surveillance data from tertiary-care hospitals; not hospital-specific; not community-representative.
Enterococcus faecalis,urine,Ampicillin,66.0,,1019,1543,2023,2023-01-01 to 2023-12-31,India,ICMR AMRSN network,179,Table 7.13,ICMR AMRSN network surveillance data from tertiary-care hospitals; not hospital-specific; not community-representative.
Enterococcus faecalis,urine,Ciprofloxacin,11.4,,174,1532,2023,2023-01-01 to 2023-12-31,India,ICMR AMRSN network,179,Table 7.13,ICMR AMRSN network surveillance data from tertiary-care hospitals; not hospital-specific; not community-representative.
Enterococcus faecalis,urine,Gentamicin HL,44.2,,603,1363,2023,2023-01-01 to 2023-12-31,India,ICMR AMRSN network,179,Table 7.13,ICMR AMRSN network surveillance data from tertiary-care hospitals; not hospital-specific; not community-representative.
Enterococcus faecalis,urine,Linezolid,96.4,,1537,1595,2023,2023-01-01 to 2023-12-31,India,ICMR AMRSN network,179,Table 7.13,ICMR AMRSN network surveillance data from tertiary-care hospitals; not hospital-specific; not community-representative.
Enterococcus faecalis,urine,Nitrofurantoin,79.7,,1220,1531,2023,2023-01-01 to 2023-12-31,India,ICMR AMRSN network,179,Table 7.13,ICMR AMRSN network surveillance data from tertiary-care hospitals; not hospital-specific; not community-representative.
Enterococcus faecalis,urine,Teicoplanin,92.0,,1425,1549,2023,2023-01-01 to 2023-12-31,India,ICMR AMRSN network,179,Table 7.13,ICMR AMRSN network surveillance data from tertiary-care hospitals; not hospital-specific; not community-representative.
Enterococcus faecalis,urine,Vancomycin,94.7,,1511,1595,2023,2023-01-01 to 2023-12-31,India,ICMR AMRSN network,179,Table 7.13,ICMR AMRSN network surveillance data from tertiary-care hospitals; not hospital-specific; not community-representative.
Enterococcus faecium,urine,Ampicillin,16.1,,145,900,2023,2023-01-01 to 2023-12-31,India,ICMR AMRSN network,179,Table 7.13,ICMR AMRSN network surveillance data from tertiary-care hospitals; not hospital-specific; not community-representative.
Enterococcus faecium,urine,Ciprofloxacin,4.5,,39,861,2023,2023-01-01 to 2023-12-31,India,ICMR AMRSN network,179,Table 7.13,ICMR AMRSN network surveillance data from tertiary-care hospitals; not hospital-specific; not community-representative.
Enterococcus faecium,urine,Gentamicin HL,40.0,,320,801,2023,2023-01-01 to 2023-12-31,India,ICMR AMRSN network,179,Table 7.13,ICMR AMRSN network surveillance data from tertiary-care hospitals; not hospital-specific; not community-representative.
Enterococcus faecium,urine,Linezolid,92.1,,868,942,2023,2023-01-01 to 2023-12-31,India,ICMR AMRSN network,179,Table 7.13,ICMR AMRSN network surveillance data from tertiary-care hospitals; not hospital-specific; not community-representative.
Enterococcus faecium,urine,Nitrofurantoin,37.6,,310,824,2023,2023-01-01 to 2023-12-31,India,ICMR AMRSN network,179,Table 7.13,ICMR AMRSN network surveillance data from tertiary-care hospitals; not hospital-specific; not community-representative.
Enterococcus faecium,urine,Teicoplanin,73.5,,667,908,2023,2023-01-01 to 2023-12-31,India,ICMR AMRSN network,179,Table 7.13,ICMR AMRSN network surveillance data from tertiary-care hospitals; not hospital-specific; not community-representative.
Enterococcus faecium,urine,Vancomycin,73.0,,688,942,2023,2023-01-01 to 2023-12-31,India,ICMR AMRSN network,179,Table 7.13,ICMR AMRSN network surveillance data from tertiary-care hospitals; not hospital-specific; not community-representative.
Enterococcus faecalis,all specimens,Ampicillin,72.1,,2413,3347,2023,2023-01-01 to 2023-12-31,India,ICMR AMRSN network,180,Table 7.14,ICMR AMRSN network surveillance data from tertiary-care hospitals; not hospital-specific; not community-representative. Context=Total.
Enterococcus faecalis,all specimens,Ciprofloxacin,11.4,,205,1805,2023,2023-01-01 to 2023-12-31,India,ICMR AMRSN network,180,Table 7.14,ICMR AMRSN network surveillance data from tertiary-care hospitals; not hospital-specific; not community-representative. Context=Total.
Enterococcus faecalis,all specimens,Fosfomycin,75.8,,945,1247,2023,2023-01-01 to 2023-12-31,India,ICMR AMRSN network,180,Table 7.14,ICMR AMRSN network surveillance data from tertiary-care hospitals; not hospital-specific; not community-representative. Context=Total.
Enterococcus faecalis,all specimens,Gentamicin HL,50.5,,1578,3126,2023,2023-01-01 to 2023-12-31,India,ICMR AMRSN network,180,Table 7.14,ICMR AMRSN network surveillance data from tertiary-care hospitals; not hospital-specific; not community-representative. Context=Total.
Enterococcus faecalis,all specimens,Linezolid,97.1,,3360,3461,2023,2023-01-01 to 2023-12-31,India,ICMR AMRSN network,180,Table 7.14,ICMR AMRSN network surveillance data from tertiary-care hospitals; not hospital-specific; not community-representative. Context=Total.
Enterococcus faecalis,all specimens,Nitrofurantoin,80.0,,1321,1651,2023,2023-01-01 to 2023-12-31,India,ICMR AMRSN network,180,Table 7.14,ICMR AMRSN network surveillance data from tertiary-care hospitals; not hospital-specific; not community-representative. Context=Total.
Enterococcus faecalis,all specimens,Teicoplanin,92.5,,3080,3328,2023,2023-01-01 to 2023-12-31,India,ICMR AMRSN network,180,Table 7.14,ICMR AMRSN network surveillance data from tertiary-care hospitals; not hospital-specific; not community-representative. Context=Total.
Enterococcus faecalis,all specimens,Vancomycin,94.4,,3267,3461,2023,2023-01-01 to 2023-12-31,India,ICMR AMRSN network,180,Table 7.14,ICMR AMRSN network surveillance data from tertiary-care hospitals; not hospital-specific; not community-representative. Context=Total.
Enterococcus faecium,all specimens,Ampicillin,18.4,,479,2599,2023,2023-01-01 to 2023-12-31,India,ICMR AMRSN network,180,Table 7.14,ICMR AMRSN network surveillance data from tertiary-care hospitals; not hospital-specific; not community-representative. Context=Total.
Enterococcus faecium,all specimens,Ciprofloxacin,4.5,,50,1112,2023,2023-01-01 to 2023-12-31,India,ICMR AMRSN network,180,Table 7.14,ICMR AMRSN network surveillance data from tertiary-care hospitals; not hospital-specific; not community-representative. Context=Total.
Enterococcus faecium,all specimens,Gentamicin HL,36.7,,914,2492,2023,2023-01-01 to 2023-12-31,India,ICMR AMRSN network,180,Table 7.14,ICMR AMRSN network surveillance data from tertiary-care hospitals; not hospital-specific; not community-representative. Context=Total.
Enterococcus faecium,all specimens,Linezolid,92.6,,2544,2746,2023,2023-01-01 to 2023-12-31,India,ICMR AMRSN network,180,Table 7.14,ICMR AMRSN network surveillance data from tertiary-care hospitals; not hospital-specific; not community-representative. Context=Total.
Enterococcus faecium,all specimens,Nitrofurantoin,36.2,,318,878,2023,2023-01-01 to 2023-12-31,India,ICMR AMRSN network,180,Table 7.14,ICMR AMRSN network surveillance data from tertiary-care hospitals; not hospital-specific; not community-representative. Context=Total.
Enterococcus faecium,all specimens,Teicoplanin,72.6,,1797,2475,2023,2023-01-01 to 2023-12-31,India,ICMR AMRSN network,180,Table 7.14,ICMR AMRSN network surveillance data from tertiary-care hospitals; not hospital-specific; not community-representative. Context=Total.
Enterococcus faecium,all specimens,Vancomycin,71.3,,1957,2746,2023,2023-01-01 to 2023-12-31,India,ICMR AMRSN network,180,Table 7.14,ICMR AMRSN network surveillance data from tertiary-care hospitals; not hospital-specific; not community-representative. Context=Total.
Candida albicans,all samples,Anidulafungin,95.1,,116,122,2023,2023-01-01 to 2023-12-31,India,ICMR AMRSN network,196,Table 8.1,ICMR AMRSN network surveillance data from tertiary-care hospitals; not hospital-specific; not community-representative.
Candida albicans,all samples,Caspofungin,90.7,,352,388,2023,2023-01-01 to 2023-12-31,India,ICMR AMRSN network,196,Table 8.1,ICMR AMRSN network surveillance data from tertiary-care hospitals; not hospital-specific; not community-representative.
Candida albicans,all samples,Fluconazole,90.8,,347,382,2023,2023-01-01 to 2023-12-31,India,ICMR AMRSN network,196,Table 8.1,ICMR AMRSN network surveillance data from tertiary-care hospitals; not hospital-specific; not community-representative.
Candida albicans,all samples,Micafungin,92.5,,198,214,2023,2023-01-01 to 2023-12-31,India,ICMR AMRSN network,196,Table 8.1,ICMR AMRSN network surveillance data from tertiary-care hospitals; not hospital-specific; not community-representative.
Candida albicans,all samples,Voriconazole,87.9,,334,380,2023,2023-01-01 to 2023-12-31,India,ICMR AMRSN network,196,Table 8.1,ICMR AMRSN network surveillance data from tertiary-care hospitals; not hospital-specific; not community-representative.
Candida auris,all samples,Anidulafungin,86.0,,49,57,2023,2023-01-01 to 2023-12-31,India,ICMR AMRSN network,196,Table 8.1,ICMR AMRSN network surveillance data from tertiary-care hospitals; not hospital-specific; not community-representative.
Candida auris,all samples,Caspofungin,75.2,,82,109,2023,2023-01-01 to 2023-12-31,India,ICMR AMRSN network,196,Table 8.1,ICMR AMRSN network surveillance data from tertiary-care hospitals; not hospital-specific; not community-representative.
Candida auris,all samples,Fluconazole,2.7,,3,110,2023,2023-01-01 to 2023-12-31,India,ICMR AMRSN network,196,Table 8.1,ICMR AMRSN network surveillance data from tertiary-care hospitals; not hospital-specific; not community-representative.
Candida auris,all samples,Micafungin,92.4,,85,92,2023,2023-01-01 to 2023-12-31,India,ICMR AMRSN network,196,Table 8.1,ICMR AMRSN network surveillance data from tertiary-care hospitals; not hospital-specific; not community-representative.
Candida auris,all samples,Voriconazole,14.5,,16,110,2023,2023-01-01 to 2023-12-31,India,ICMR AMRSN network,196,Table 8.1,ICMR AMRSN network surveillance data from tertiary-care hospitals; not hospital-specific; not community-representative.
Candida glabrata,all samples,Anidulafungin,92.6,,75,81,2023,2023-01-01 to 2023-12-31,India,ICMR AMRSN network,196,Table 8.1,ICMR AMRSN network surveillance data from tertiary-care hospitals; not hospital-specific; not community-representative.
Candida glabrata,all samples,Caspofungin,72.2,,135,187,2023,2023-01-01 to 2023-12-31,India,ICMR AMRSN network,196,Table 8.1,ICMR AMRSN network surveillance data from tertiary-care hospitals; not hospital-specific; not community-representative.
Candida glabrata,all samples,Fluconazole,91.3,,146,160,2023,2023-01-01 to 2023-12-31,India,ICMR AMRSN network,196,Table 8.1,ICMR AMRSN network surveillance data from tertiary-care hospitals; not hospital-specific; not community-representative.
Candida glabrata,all samples,Micafungin,82.9,,116,140,2023,2023-01-01 to 2023-12-31,India,ICMR AMRSN network,196,Table 8.1,ICMR AMRSN network surveillance data from tertiary-care hospitals; not hospital-specific; not community-representative.
Candida glabrata,all samples,Voriconazole,62.8,,115,183,2023,2023-01-01 to 2023-12-31,India,ICMR AMRSN network,196,Table 8.1,ICMR AMRSN network surveillance data from tertiary-care hospitals; not hospital-specific; not community-representative.
Candida krusei,all samples,Anidulafungin,100.0,,26,26,2023,2023-01-01 to 2023-12-31,India,ICMR AMRSN network,196,Table 8.1,ICMR AMRSN network surveillance data from tertiary-care hospitals; not hospital-specific; not community-representative.
Candida krusei,all samples,Caspofungin,61.5,,24,39,2023,2023-01-01 to 2023-12-31,India,ICMR AMRSN network,196,Table 8.1,ICMR AMRSN network surveillance data from tertiary-care hospitals; not hospital-specific; not community-representative.
Candida krusei,all samples,Fluconazole,37.5,,15,40,2023,2023-01-01 to 2023-12-31,India,ICMR AMRSN network,196,Table 8.1,ICMR AMRSN network surveillance data from tertiary-care hospitals; not hospital-specific; not community-representative.
Candida krusei,all samples,Micafungin,93.8,,30,32,2023,2023-01-01 to 2023-12-31,India,ICMR AMRSN network,196,Table 8.1,ICMR AMRSN network surveillance data from tertiary-care hospitals; not hospital-specific; not community-representative.
Candida krusei,all samples,Voriconazole,97.5,,39,40,2023,2023-01-01 to 2023-12-31,India,ICMR AMRSN network,196,Table 8.1,ICMR AMRSN network surveillance data from tertiary-care hospitals; not hospital-specific; not community-representative.
Candida parapsilosis,all samples,Anidulafungin,98.3,,58,59,2023,2023-01-01 to 2023-12-31,India,ICMR AMRSN network,196,Table 8.1,ICMR AMRSN network surveillance data from tertiary-care hospitals; not hospital-specific; not community-representative.
Candida parapsilosis,all samples,Caspofungin,99.2,,126,127,2023,2023-01-01 to 2023-12-31,India,ICMR AMRSN network,196,Table 8.1,ICMR AMRSN network surveillance data from tertiary-care hospitals; not hospital-specific; not community-representative.
Candida parapsilosis,all samples,Fluconazole,88.6,,109,123,2023,2023-01-01 to 2023-12-31,India,ICMR AMRSN network,196,Table 8.1,ICMR AMRSN network surveillance data from tertiary-care hospitals; not hospital-specific; not community-representative.
Candida parapsilosis,all samples,Micafungin,94.7,,90,95,2023,2023-01-01 to 2023-12-31,India,ICMR AMRSN network,196,Table 8.1,ICMR AMRSN network surveillance data from tertiary-care hospitals; not hospital-specific; not community-representative.
Candida parapsilosis,all samples,Voriconazole,88.2,,112,127,2023,2023-01-01 to 2023-12-31,India,ICMR AMRSN network,196,Table 8.1,ICMR AMRSN network surveillance data from tertiary-care hospitals; not hospital-specific; not community-representative.
Candida tropicalis,all samples,Anidulafungin,92.8,,167,180,2023,2023-01-01 to 2023-12-31,India,ICMR AMRSN network,196,Table 8.1,ICMR AMRSN network surveillance data from tertiary-care hospitals; not hospital-specific; not community-representative.
Candida tropicalis,all samples,Caspofungin,94.5,,378,400,2023,2023-01-01 to 2023-12-31,India,ICMR AMRSN network,196,Table 8.1,ICMR AMRSN network surveillance data from tertiary-care hospitals; not hospital-specific; not community-representative.
Candida tropicalis,all samples,Fluconazole,92.5,,368,398,2023,2023-01-01 to 2023-12-31,India,ICMR AMRSN network,196,Table 8.1,ICMR AMRSN network surveillance data from tertiary-care hospitals; not hospital-specific; not community-representative.
Candida tropicalis,all samples,Micafungin,93.4,,281,301,2023,2023-01-01 to 2023-12-31,India,ICMR AMRSN network,196,Table 8.1,ICMR AMRSN network surveillance data from tertiary-care hospitals; not hospital-specific; not community-representative.
Candida tropicalis,all samples,Voriconazole,89.0,,356,400,2023,2023-01-01 to 2023-12-31,India,ICMR AMRSN network,196,Table 8.1,ICMR AMRSN network surveillance data from tertiary-care hospitals; not hospital-specific; not community-representative.
Candida albicans,blood,Anidulafungin,94.1,,48,51,2023,2023-01-01 to 2023-12-31,India,ICMR AMRSN network,197,Table 8.2,ICMR AMRSN network surveillance data from tertiary-care hospitals; not hospital-specific; not community-representative.
Candida albicans,blood,Caspofungin,92.1,,93,101,2023,2023-01-01 to 2023-12-31,India,ICMR AMRSN network,197,Table 8.2,ICMR AMRSN network surveillance data from tertiary-care hospitals; not hospital-specific; not community-representative.
Candida albicans,blood,Fluconazole,93.8,,91,97,2023,2023-01-01 to 2023-12-31,India,ICMR AMRSN network,197,Table 8.2,ICMR AMRSN network surveillance data from tertiary-care hospitals; not hospital-specific; not community-representative.
Candida albicans,blood,Micafungin,92.3,,72,78,2023,2023-01-01 to 2023-12-31,India,ICMR AMRSN network,197,Table 8.2,ICMR AMRSN network surveillance data from tertiary-care hospitals; not hospital-specific; not community-representative.
Candida albicans,blood,Voriconazole,88.1,,89,101,2023,2023-01-01 to 2023-12-31,India,ICMR AMRSN network,197,Table 8.2,ICMR AMRSN network surveillance data from tertiary-care hospitals; not hospital-specific; not community-representative.
Candida auris,blood,Anidulafungin,83.3,,30,36,2023,2023-01-01 to 2023-12-31,India,ICMR AMRSN network,197,Table 8.2,ICMR AMRSN network surveillance data from tertiary-care hospitals; not hospital-specific; not community-representative.
Candida auris,blood,Caspofungin,71.4,,50,70,2023,2023-01-01 to 2023-12-31,India,ICMR AMRSN network,197,Table 8.2,ICMR AMRSN network surveillance data from tertiary-care hospitals; not hospital-specific; not community-representative.
Candida auris,blood,Fluconazole,4.3,,3,70,2023,2023-01-01 to 2023-12-31,India,ICMR AMRSN network,197,Table 8.2,ICMR AMRSN network surveillance data from tertiary-care hospitals; not hospital-specific; not community-representative.
Candida auris,blood,Micafungin,89.8,,53,59,2023,2023-01-01 to 2023-12-31,India,ICMR AMRSN network,197,Table 8.2,ICMR AMRSN network surveillance data from tertiary-care hospitals; not hospital-specific; not community-representative.
Candida auris,blood,Voriconazole,20.0,,14,70,2023,2023-01-01 to 2023-12-31,India,ICMR AMRSN network,197,Table 8.2,ICMR AMRSN network surveillance data from tertiary-care hospitals; not hospital-specific; not community-representative.
Candida glabrata,blood,Anidulafungin,91.5,,43,47,2023,2023-01-01 to 2023-12-31,India,ICMR AMRSN network,197,Table 8.2,ICMR AMRSN network surveillance data from tertiary-care hospitals; not hospital-specific; not community-representative.
Candida glabrata,blood,Caspofungin,60.2,,50,83,2023,2023-01-01 to 2023-12-31,India,ICMR AMRSN network,197,Table 8.2,ICMR AMRSN network surveillance data from tertiary-care hospitals; not hospital-specific; not community-representative.
Candida glabrata,blood,Fluconazole,85.7,,54,63,2023,2023-01-01 to 2023-12-31,India,ICMR AMRSN network,197,Table 8.2,ICMR AMRSN network surveillance data from tertiary-care hospitals; not hospital-specific; not community-representative.
Candida glabrata,blood,Micafungin,78.3,,54,69,2023,2023-01-01 to 2023-12-31,India,ICMR AMRSN network,197,Table 8.2,ICMR AMRSN network surveillance data from tertiary-care hospitals; not hospital-specific; not community-representative.
Candida glabrata,blood,Voriconazole,68.7,,57,83,2023,2023-01-01 to 2023-12-31,India,ICMR AMRSN network,197,Table 8.2,ICMR AMRSN network surveillance data from tertiary-care hospitals; not hospital-specific; not community-representative.
Candida krusei,blood,Anidulafungin,100.0,,16,16,2023,2023-01-01 to 2023-12-31,India,ICMR AMRSN network,197,Table 8.2,ICMR AMRSN network surveillance data from tertiary-care hospitals; not hospital-specific; not community-representative.
Candida krusei,blood,Caspofungin,47.4,,9,19,2023,2023-01-01 to 2023-12-31,India,ICMR AMRSN network,197,Table 8.2,ICMR AMRSN network surveillance data from tertiary-care hospitals; not hospital-specific; not community-representative.
Candida krusei,blood,Fluconazole,31.6,,6,19,2023,2023-01-01 to 2023-12-31,India,ICMR AMRSN network,197,Table 8.2,ICMR AMRSN network surveillance data from tertiary-care hospitals; not hospital-specific; not community-representative.
Candida krusei,blood,Micafungin,94.1,,16,17,2023,2023-01-01 to 2023-12-31,India,ICMR AMRSN network,197,Table 8.2,ICMR AMRSN network surveillance data from tertiary-care hospitals; not hospital-specific; not community-representative.
Candida krusei,blood,Voriconazole,94.7,,18,19,2023,2023-01-01 to 2023-12-31,India,ICMR AMRSN network,197,Table 8.2,ICMR AMRSN network surveillance data from tertiary-care hospitals; not hospital-specific; not community-representative.
Candida parapsilosis,blood,Anidulafungin,98.0,,48,49,2023,2023-01-01 to 2023-12-31,India,ICMR AMRSN network,197,Table 8.2,ICMR AMRSN network surveillance data from tertiary-care hospitals; not hospital-specific; not community-representative.
Candida parapsilosis,blood,Caspofungin,99.1,,109,110,2023,2023-01-01 to 2023-12-31,India,ICMR AMRSN network,197,Table 8.2,ICMR AMRSN network surveillance data from tertiary-care hospitals; not hospital-specific; not community-representative.
Candida parapsilosis,blood,Fluconazole,90.6,,96,106,2023,2023-01-01 to 2023-12-31,India,ICMR AMRSN network,197,Table 8.2,ICMR AMRSN network surveillance data from tertiary-care hospitals; not hospital-specific; not community-representative.
Candida parapsilosis,blood,Micafungin,95.0,,76,80,2023,2023-01-01 to 2023-12-31,India,ICMR AMRSN network,197,Table 8.2,ICMR AMRSN network surveillance data from tertiary-care hospitals; not hospital-specific; not community-representative.
Candida parapsilosis,blood,Voriconazole,88.2,,97,110,2023,2023-01-01 to 2023-12-31,India,ICMR AMRSN network,197,Table 8.2,ICMR AMRSN network surveillance data from tertiary-care hospitals; not hospital-specific; not community-representative.
Candida tropicalis,blood,Anidulafungin,90.1,,109,121,2023,2023-01-01 to 2023-12-31,India,ICMR AMRSN network,197,Table 8.2,ICMR AMRSN network surveillance data from tertiary-care hospitals; not hospital-specific; not community-representative.
Candida tropicalis,blood,Caspofungin,92.2,,190,206,2023,2023-01-01 to 2023-12-31,India,ICMR AMRSN network,197,Table 8.2,ICMR AMRSN network surveillance data from tertiary-care hospitals; not hospital-specific; not community-representative.
Candida tropicalis,blood,Fluconazole,92.2,,190,206,2023,2023-01-01 to 2023-12-31,India,ICMR AMRSN network,197,Table 8.2,ICMR AMRSN network surveillance data from tertiary-care hospitals; not hospital-specific; not community-representative.
Candida tropicalis,blood,Micafungin,93.7,,163,174,2023,2023-01-01 to 2023-12-31,India,ICMR AMRSN network,197,Table 8.2,ICMR AMRSN network surveillance data from tertiary-care hospitals; not hospital-specific; not community-representative.
Candida tropicalis,blood,Voriconazole,88.0,,183,208,2023,2023-01-01 to 2023-12-31,India,ICMR AMRSN network,197,Table 8.2,ICMR AMRSN network surveillance data from tertiary-care hospitals; not hospital-specific; not community-representative.
Candida albicans,urine,Anidulafungin,100.0,,27,27,2023,2023-01-01 to 2023-12-31,India,ICMR AMRSN network,197,Table 8.3,ICMR AMRSN network surveillance data from tertiary-care hospitals; not hospital-specific; not community-representative.
Candida albicans,urine,Caspofungin,92.9,,78,84,2023,2023-01-01 to 2023-12-31,India,ICMR AMRSN network,197,Table 8.3,ICMR AMRSN network surveillance data from tertiary-care hospitals; not hospital-specific; not community-representative.
Candida albicans,urine,Fluconazole,89.3,,75,84,2023,2023-01-01 to 2023-12-31,India,ICMR AMRSN network,197,Table 8.3,ICMR AMRSN network surveillance data from tertiary-care hospitals; not hospital-specific; not community-representative.
Candida albicans,urine,Micafungin,90.3,,65,72,2023,2023-01-01 to 2023-12-31,India,ICMR AMRSN network,197,Table 8.3,ICMR AMRSN network surveillance data from tertiary-care hospitals; not hospital-specific; not community-representative.
Candida albicans,urine,Voriconazole,91.4,,74,81,2023,2023-01-01 to 2023-12-31,India,ICMR AMRSN network,197,Table 8.3,ICMR AMRSN network surveillance data from tertiary-care hospitals; not hospital-specific; not community-representative.
Candida auris,urine,Anidulafungin,,,15,17,2023,2023-01-01 to 2023-12-31,India,ICMR AMRSN network,197,Table 8.3,ICMR AMRSN network surveillance data from tertiary-care hospitals; not hospital-specific; not community-representative. Source marks low isolate counts with *.
Candida auris,urine,Caspofungin,87.5,,21,24,2023,2023-01-01 to 2023-12-31,India,ICMR AMRSN network,197,Table 8.3,ICMR AMRSN network surveillance data from tertiary-care hospitals; not hospital-specific; not community-representative. Source marks low isolate counts with *.
Candida auris,urine,Fluconazole,0.0,,0,24,2023,2023-01-01 to 2023-12-31,India,ICMR AMRSN network,197,Table 8.3,ICMR AMRSN network surveillance data from tertiary-care hospitals; not hospital-specific; not community-representative. Source marks low isolate counts with *.
Candida auris,urine,Micafungin,95.8,,23,24,2023,2023-01-01 to 2023-12-31,India,ICMR AMRSN network,197,Table 8.3,ICMR AMRSN network surveillance data from tertiary-care hospitals; not hospital-specific; not community-representative. Source marks low isolate counts with *.
Candida auris,urine,Voriconazole,0.0,,0,24,2023,2023-01-01 to 2023-12-31,India,ICMR AMRSN network,197,Table 8.3,ICMR AMRSN network surveillance data from tertiary-care hospitals; not hospital-specific; not community-representative. Source marks low isolate counts with *.
Candida glabrata,urine,Anidulafungin,,,12,13,2023,2023-01-01 to 2023-12-31,India,ICMR AMRSN network,197,Table 8.3,ICMR AMRSN network surveillance data from tertiary-care hospitals; not hospital-specific; not community-representative.
Candida glabrata,urine,Caspofungin,82.9,,29,35,2023,2023-01-01 to 2023-12-31,India,ICMR AMRSN network,197,Table 8.3,ICMR AMRSN network surveillance data from tertiary-care hospitals; not hospital-specific; not community-representative.
Candida glabrata,urine,Fluconazole,90.9,,30,33,2023,2023-01-01 to 2023-12-31,India,ICMR AMRSN network,197,Table 8.3,ICMR AMRSN network surveillance data from tertiary-care hospitals; not hospital-specific; not community-representative.
Candida glabrata,urine,Micafungin,96.6,,28,29,2023,2023-01-01 to 2023-12-31,India,ICMR AMRSN network,197,Table 8.3,ICMR AMRSN network surveillance data from tertiary-care hospitals; not hospital-specific; not community-representative.
Candida glabrata,urine,Voriconazole,55.9,,19,34,2023,2023-01-01 to 2023-12-31,India,ICMR AMRSN network,197,Table 8.3,ICMR AMRSN network surveillance data from tertiary-care hospitals; not hospital-specific; not community-representative.
Candida parapsilosis,urine,Anidulafungin,,,5,5,2023,2023-01-01 to 2023-12-31,India,ICMR AMRSN network,197,Table 8.3,ICMR AMRSN network surveillance data from tertiary-care hospitals; not hospital-specific; not community-representative. Source marks low isolate counts with *.
Candida parapsilosis,urine,Caspofungin,,,8,8,2023,2023-01-01 to 2023-12-31,India,ICMR AMRSN network,197,Table 8.3,ICMR AMRSN network surveillance data from tertiary-care hospitals; not hospital-specific; not community-representative. Source marks low isolate counts with *.
Candida parapsilosis,urine,Fluconazole,,,4,8,2023,2023-01-01 to 2023-12-31,India,ICMR AMRSN network,197,Table 8.3,ICMR AMRSN network surveillance data from tertiary-care hospitals; not hospital-specific; not community-representative. Source marks low isolate counts with *.
Candida parapsilosis,urine,Micafungin,,,7,8,2023,2023-01-01 to 2023-12-31,India,ICMR AMRSN network,197,Table 8.3,ICMR AMRSN network surveillance data from tertiary-care hospitals; not hospital-specific; not community-representative. Source marks low isolate counts with *.
Candida parapsilosis,urine,Voriconazole,,,7,8,2023,2023-01-01 to 2023-12-31,India,ICMR AMRSN network,197,Table 8.3,ICMR AMRSN network surveillance data from tertiary-care hospitals; not hospital-specific; not community-representative. Source marks low isolate counts with *.
Candida tropicalis,urine,Anidulafungin,100.0,,22,22,2023,2023-01-01 to 2023-12-31,India,ICMR AMRSN network,197,Table 8.3,ICMR AMRSN network surveillance data from tertiary-care hospitals; not hospital-specific; not community-representative.
Candida tropicalis,urine,Caspofungin,100.0,,82,82,2023,2023-01-01 to 2023-12-31,India,ICMR AMRSN network,197,Table 8.3,ICMR AMRSN network surveillance data from tertiary-care hospitals; not hospital-specific; not community-representative.
Candida tropicalis,urine,Fluconazole,92.6,,75,81,2023,2023-01-01 to 2023-12-31,India,ICMR AMRSN network,197,Table 8.3,ICMR AMRSN network surveillance data from tertiary-care hospitals; not hospital-specific; not community-representative.
Candida tropicalis,urine,Micafungin,98.6,,69,70,2023,2023-01-01 to 2023-12-31,India,ICMR AMRSN network,197,Table 8.3,ICMR AMRSN network surveillance data from tertiary-care hospitals; not hospital-specific; not community-representative.
Candida tropicalis,urine,Voriconazole,91.5,,75,82,2023,2023-01-01 to 2023-12-31,India,ICMR AMRSN network,197,Table 8.3,ICMR AMRSN network surveillance data from tertiary-care hospitals; not hospital-specific; not community-representative.
Aspergillus flavus,all samples,Amphotericin,69.2,,173,250,2023,2023-01-01 to 2023-12-31,India,ICMR AMRSN network,198,Table 8.4,ICMR AMRSN network surveillance data from tertiary-care hospitals; not hospital-specific; not community-representative.
Aspergillus flavus,all samples,Caspofungin,100.0,,250,250,2023,2023-01-01 to 2023-12-31,India,ICMR AMRSN network,198,Table 8.4,ICMR AMRSN network surveillance data from tertiary-care hospitals; not hospital-specific; not community-representative.
Aspergillus flavus,all samples,Itraconazole,97.5,,243,250,2023,2023-01-01 to 2023-12-31,India,ICMR AMRSN network,198,Table 8.4,ICMR AMRSN network surveillance data from tertiary-care hospitals; not hospital-specific; not community-representative.
Aspergillus flavus,all samples,Posaconazole,100.0,,250,250,2023,2023-01-01 to 2023-12-31,India,ICMR AMRSN network,198,Table 8.4,ICMR AMRSN network surveillance data from tertiary-care hospitals; not hospital-specific; not community-representative.
Aspergillus flavus,all samples,Voriconazole,99.2,,248,250,2023,2023-01-01 to 2023-12-31,India,ICMR AMRSN network,198,Table 8.4,ICMR AMRSN network surveillance data from tertiary-care hospitals; not hospital-specific; not community-representative.
Aspergillus fumigatus,all samples,Amphotericin,48.87,,87,178,2023,2023-01-01 to 2023-12-31,India,ICMR AMRSN network,198,Table 8.4,ICMR AMRSN network surveillance data from tertiary-care hospitals; not hospital-specific; not community-representative.
Aspergillus fumigatus,all samples,Caspofungin,100.0,,178,178,2023,2023-01-01 to 2023-12-31,India,ICMR AMRSN network,198,Table 8.4,ICMR AMRSN network surveillance data from tertiary-care hospitals; not hospital-specific; not community-representative.
Aspergillus fumigatus,all samples,Itraconazole,96.06,,171,178,2023,2023-01-01 to 2023-12-31,India,ICMR AMRSN network,198,Table 8.4,ICMR AMRSN network surveillance data from tertiary-care hospitals; not hospital-specific; not community-representative.
Aspergillus fumigatus,all samples,Posaconazole,90.44,,161,178,2023,2023-01-01 to 2023-12-31,India,ICMR AMRSN network,198,Table 8.4,ICMR AMRSN network surveillance data from tertiary-care hospitals; not hospital-specific; not community-representative.
Aspergillus fumigatus,all samples,Voriconazole,95.5,4.5,170,178,2023,2023-01-01 to 2023-12-31,India,ICMR AMRSN network,198,Table 8.4,ICMR AMRSN network surveillance data from tertiary-care hospitals; not hospital-specific; not community-representative. Report explicitly states 4.5% voriconazole resistance for A. fumigatus in 2023.
Streptococcus pneumoniae,invasive meningitis,Cefotaxime,81.8,,9,11,2023,2023-01-01 to 2023-12-31,India,ICMR AMRSN network,210,Table 9.2,ICMR AMRSN network surveillance data from tertiary-care hospitals; not hospital-specific; not community-representative.
Streptococcus pneumoniae,invasive meningitis,Penicillin,27.27,,3,11,2023,2023-01-01 to 2023-12-31,India,ICMR AMRSN network,210,Table 9.2,ICMR AMRSN network surveillance data from tertiary-care hospitals; not hospital-specific; not community-representative.
Streptococcus pneumoniae,invasive non-meningeal,Cefotaxime,100.0,,63,63,2023,2023-01-01 to 2023-12-31,India,ICMR AMRSN network,210,Table 9.2,ICMR AMRSN network surveillance data from tertiary-care hospitals; not hospital-specific; not community-representative.
Streptococcus pneumoniae,invasive non-meningeal,Penicillin,98.41,,62,63,2023,2023-01-01 to 2023-12-31,India,ICMR AMRSN network,210,Table 9.2,ICMR AMRSN network surveillance data from tertiary-care hospitals; not hospital-specific; not community-representative.
Streptococcus pneumoniae,invasive,Chloramphenicol,93.2,,69,74,2023,2023-01-01 to 2023-12-31,India,ICMR AMRSN network,211,Table 9.3,ICMR AMRSN network surveillance data from tertiary-care hospitals; not hospital-specific; not community-representative.
Streptococcus pneumoniae,invasive,Cotrimoxazole,27.0,,20,74,2023,2023-01-01 to 2023-12-31,India,ICMR AMRSN network,211,Table 9.3,ICMR AMRSN network surveillance data from tertiary-care hospitals; not hospital-specific; not community-representative.
Streptococcus pneumoniae,invasive,Erythromycin,24.3,,18,74,2023,2023-01-01 to 2023-12-31,India,ICMR AMRSN network,211,Table 9.3,ICMR AMRSN network surveillance data from tertiary-care hospitals; not hospital-specific; not community-representative.
Streptococcus pneumoniae,invasive,Levofloxacin,95.9,,71,74,2023,2023-01-01 to 2023-12-31,India,ICMR AMRSN network,211,Table 9.3,ICMR AMRSN network surveillance data from tertiary-care hospitals; not hospital-specific; not community-representative.
Streptococcus pneumoniae,invasive,Linezolid,100.0,,74,74,2023,2023-01-01 to 2023-12-31,India,ICMR AMRSN network,211,Table 9.3,ICMR AMRSN network surveillance data from tertiary-care hospitals; not hospital-specific; not community-representative.
Streptococcus pneumoniae,invasive,Vancomycin,100.0,,74,74,2023,2023-01-01 to 2023-12-31,India,ICMR AMRSN network,211,Table 9.3,ICMR AMRSN network surveillance data from tertiary-care hospitals; not hospital-specific; not community-representative.
Acinetobacter baumannii,bloodstream infection,Amikacin,12.9,,106,820,2023,2023-01-01 to 2023-12-31,India,ICMR HAI surveillance network,226,Table 10.27,ICMR AMRSN network surveillance data from tertiary-care hospitals; not hospital-specific; not community-representative.
Acinetobacter baumannii,bloodstream infection,Amoxicillin-,11.5,,3,26,2023,2023-01-01 to 2023-12-31,India,ICMR HAI surveillance network,226,Table 10.27,ICMR AMRSN network surveillance data from tertiary-care hospitals; not hospital-specific; not community-representative.
Acinetobacter baumannii,bloodstream infection,Ampicillin,6.3,,2,32,2023,2023-01-01 to 2023-12-31,India,ICMR HAI surveillance network,226,Table 10.27,ICMR AMRSN network surveillance data from tertiary-care hospitals; not hospital-specific; not community-representative.
Acinetobacter baumannii,bloodstream infection,Cefepime,9.0,,65,720,2023,2023-01-01 to 2023-12-31,India,ICMR HAI surveillance network,226,Table 10.27,ICMR AMRSN network surveillance data from tertiary-care hospitals; not hospital-specific; not community-representative.
Acinetobacter baumannii,bloodstream infection,Cefotaxime,7.1,,20,283,2023,2023-01-01 to 2023-12-31,India,ICMR HAI surveillance network,226,Table 10.27,ICMR AMRSN network surveillance data from tertiary-care hospitals; not hospital-specific; not community-representative.
Acinetobacter baumannii,bloodstream infection,Ceftazidime,7.5,,59,784,2023,2023-01-01 to 2023-12-31,India,ICMR HAI surveillance network,226,Table 10.27,ICMR AMRSN network surveillance data from tertiary-care hospitals; not hospital-specific; not community-representative.
Acinetobacter baumannii,bloodstream infection,Ceftriaxone,7.9,,20,252,2023,2023-01-01 to 2023-12-31,India,ICMR HAI surveillance network,226,Table 10.27,ICMR AMRSN network surveillance data from tertiary-care hospitals; not hospital-specific; not community-representative.
Acinetobacter baumannii,bloodstream infection,Ciprofloxacin,11.7,,94,802,2023,2023-01-01 to 2023-12-31,India,ICMR HAI surveillance network,226,Table 10.27,ICMR AMRSN network surveillance data from tertiary-care hospitals; not hospital-specific; not community-representative.
Acinetobacter baumannii,bloodstream infection,Colistin,98.8,,569,576,2023,2023-01-01 to 2023-12-31,India,ICMR HAI surveillance network,226,Table 10.27,ICMR AMRSN network surveillance data from tertiary-care hospitals; not hospital-specific; not community-representative.
Acinetobacter baumannii,bloodstream infection,Ertapenem,7.7,,2,26,2023,2023-01-01 to 2023-12-31,India,ICMR HAI surveillance network,226,Table 10.27,ICMR AMRSN network surveillance data from tertiary-care hospitals; not hospital-specific; not community-representative.
Acinetobacter baumannii,bloodstream infection,Gentamicin,15.0,,111,738,2023,2023-01-01 to 2023-12-31,India,ICMR HAI surveillance network,226,Table 10.27,ICMR AMRSN network surveillance data from tertiary-care hospitals; not hospital-specific; not community-representative.
Acinetobacter baumannii,bloodstream infection,Imipenem,8.5,91.0,71,832,2023,2023-01-01 to 2023-12-31,India,ICMR HAI surveillance network,226,Table 10.27,ICMR AMRSN network surveillance data from tertiary-care hospitals; not hospital-specific; not community-representative. Report summary explicitly states 91% imipenem resistance among A. baumannii causing BSIs.
Acinetobacter baumannii,bloodstream infection,Levofloxacin,12.6,,72,573,2023,2023-01-01 to 2023-12-31,India,ICMR HAI surveillance network,226,Table 10.27,ICMR AMRSN network surveillance data from tertiary-care hospitals; not hospital-specific; not community-representative.
Acinetobacter baumannii,bloodstream infection,Meropenem,10.1,,85,845,2023,2023-01-01 to 2023-12-31,India,ICMR HAI surveillance network,226,Table 10.27,ICMR AMRSN network surveillance data from tertiary-care hospitals; not hospital-specific; not community-representative.
Acinetobacter baumannii,bloodstream infection,Minocycline,65.7,,412,627,2023,2023-01-01 to 2023-12-31,India,ICMR HAI surveillance network,226,Table 10.27,ICMR AMRSN network surveillance data from tertiary-care hospitals; not hospital-specific; not community-representative.
Acinetobacter baumannii,bloodstream infection,Netilmicin,22.6,,12,53,2023,2023-01-01 to 2023-12-31,India,ICMR HAI surveillance network,226,Table 10.27,ICMR AMRSN network surveillance data from tertiary-care hospitals; not hospital-specific; not community-representative.
Acinetobacter baumannii,bloodstream infection,Piperacillin,7.5,,11,146,2023,2023-01-01 to 2023-12-31,India,ICMR HAI surveillance network,226,Table 10.27,ICMR AMRSN network surveillance data from tertiary-care hospitals; not hospital-specific; not community-representative.
Acinetobacter baumannii,bloodstream infection,Tetracycline,21.9,,37,169,2023,2023-01-01 to 2023-12-31,India,ICMR HAI surveillance network,226,Table 10.27,ICMR AMRSN network surveillance data from tertiary-care hospitals; not hospital-specific; not community-representative.
Acinetobacter baumannii,bloodstream infection,Tigecycline,80.3,,61,76,2023,2023-01-01 to 2023-12-31,India,ICMR HAI surveillance network,226,Table 10.27,ICMR AMRSN network surveillance data from tertiary-care hospitals; not hospital-specific; not community-representative.
Acinetobacter baumannii,bloodstream infection,Tobramycin,17.9,,65,364,2023,2023-01-01 to 2023-12-31,India,ICMR HAI surveillance network,226,Table 10.27,ICMR AMRSN network surveillance data from tertiary-care hospitals; not hospital-specific; not community-representative.
Escherichia coli,bloodstream infection,Amikacin,53.8,,150,279,2023,2023-01-01 to 2023-12-31,India,ICMR HAI surveillance network,226,Table 10.27,ICMR AMRSN network surveillance data from tertiary-care hospitals; not hospital-specific; not community-representative.
Escherichia coli,bloodstream infection,Amoxicillin-,7.4,,9,121,2023,2023-01-01 to 2023-12-31,India,ICMR HAI surveillance network,226,Table 10.27,ICMR AMRSN network surveillance data from tertiary-care hospitals; not hospital-specific; not community-representative.
Escherichia coli,bloodstream infection,Ampicillin,8.3,,11,133,2023,2023-01-01 to 2023-12-31,India,ICMR HAI surveillance network,226,Table 10.27,ICMR AMRSN network surveillance data from tertiary-care hospitals; not hospital-specific; not community-representative.
Escherichia coli,bloodstream infection,Cefazolin,6.4,,8,126,2023,2023-01-01 to 2023-12-31,India,ICMR HAI surveillance network,226,Table 10.27,ICMR AMRSN network surveillance data from tertiary-care hospitals; not hospital-specific; not community-representative.
Escherichia coli,bloodstream infection,Cefepime,20.8,,54,260,2023,2023-01-01 to 2023-12-31,India,ICMR HAI surveillance network,226,Table 10.27,ICMR AMRSN network surveillance data from tertiary-care hospitals; not hospital-specific; not community-representative.
Escherichia coli,bloodstream infection,Cefotaxime,11.4,,16,141,2023,2023-01-01 to 2023-12-31,India,ICMR HAI surveillance network,226,Table 10.27,ICMR AMRSN network surveillance data from tertiary-care hospitals; not hospital-specific; not community-representative.
Escherichia coli,bloodstream infection,Ceftazidime,9.2,,10,109,2023,2023-01-01 to 2023-12-31,India,ICMR HAI surveillance network,226,Table 10.27,ICMR AMRSN network surveillance data from tertiary-care hospitals; not hospital-specific; not community-representative.
Escherichia coli,bloodstream infection,Ceftriaxone,12.3,,25,203,2023,2023-01-01 to 2023-12-31,India,ICMR HAI surveillance network,226,Table 10.27,ICMR AMRSN network surveillance data from tertiary-care hospitals; not hospital-specific; not community-representative.
Escherichia coli,bloodstream infection,Ciprofloxacin,15.6,,42,269,2023,2023-01-01 to 2023-12-31,India,ICMR HAI surveillance network,226,Table 10.27,ICMR AMRSN network surveillance data from tertiary-care hospitals; not hospital-specific; not community-representative.
Escherichia coli,bloodstream infection,Colistin,100.0,,131,131,2023,2023-01-01 to 2023-12-31,India,ICMR HAI surveillance network,226,Table 10.27,ICMR AMRSN network surveillance data from tertiary-care hospitals; not hospital-specific; not community-representative.
Escherichia coli,bloodstream infection,Ertapenem,38.0,,68,179,2023,2023-01-01 to 2023-12-31,India,ICMR HAI surveillance network,226,Table 10.27,ICMR AMRSN network surveillance data from tertiary-care hospitals; not hospital-specific; not community-representative.
Escherichia coli,bloodstream infection,Gentamicin,49.6,,127,256,2023,2023-01-01 to 2023-12-31,India,ICMR HAI surveillance network,226,Table 10.27,ICMR AMRSN network surveillance data from tertiary-care hospitals; not hospital-specific; not community-representative.
Escherichia coli,bloodstream infection,Imipenem,37.9,,103,272,2023,2023-01-01 to 2023-12-31,India,ICMR HAI surveillance network,226,Table 10.27,ICMR AMRSN network surveillance data from tertiary-care hospitals; not hospital-specific; not community-representative.
Escherichia coli,bloodstream infection,Levofloxacin,26.3,,35,133,2023,2023-01-01 to 2023-12-31,India,ICMR HAI surveillance network,226,Table 10.27,ICMR AMRSN network surveillance data from tertiary-care hospitals; not hospital-specific; not community-representative.
Escherichia coli,bloodstream infection,Meropenem,43.3,,120,277,2023,2023-01-01 to 2023-12-31,India,ICMR HAI surveillance network,226,Table 10.27,ICMR AMRSN network surveillance data from tertiary-care hospitals; not hospital-specific; not community-representative.
Escherichia coli,bloodstream infection,Minocycline,56.0,,42,75,2023,2023-01-01 to 2023-12-31,India,ICMR HAI surveillance network,226,Table 10.27,ICMR AMRSN network surveillance data from tertiary-care hospitals; not hospital-specific; not community-representative.
Escherichia coli,bloodstream infection,Netilmicin,,,9,9,2023,2023-01-01 to 2023-12-31,India,ICMR HAI surveillance network,226,Table 10.27,ICMR AMRSN network surveillance data from tertiary-care hospitals; not hospital-specific; not community-representative.
Escherichia coli,bloodstream infection,Tetracycline,30.1,,13,42,2023,2023-01-01 to 2023-12-31,India,ICMR HAI surveillance network,226,Table 10.27,ICMR AMRSN network surveillance data from tertiary-care hospitals; not hospital-specific; not community-representative.
Escherichia coli,bloodstream infection,Tigecycline,86.8,,33,38,2023,2023-01-01 to 2023-12-31,India,ICMR HAI surveillance network,226,Table 10.27,ICMR AMRSN network surveillance data from tertiary-care hospitals; not hospital-specific; not community-representative.
Escherichia coli,bloodstream infection,Tobramycin,45.3,,24,53,2023,2023-01-01 to 2023-12-31,India,ICMR HAI surveillance network,226,Table 10.27,ICMR AMRSN network surveillance data from tertiary-care hospitals; not hospital-specific; not community-representative.
Klebsiella pneumoniae,bloodstream infection,Amikacin,27.0,,265,982,2023,2023-01-01 to 2023-12-31,India,ICMR HAI surveillance network,226,Table 10.27,ICMR AMRSN network surveillance data from tertiary-care hospitals; not hospital-specific; not community-representative.
Klebsiella pneumoniae,bloodstream infection,Amoxicillin-,7.7,,36,465,2023,2023-01-01 to 2023-12-31,India,ICMR HAI surveillance network,226,Table 10.27,ICMR AMRSN network surveillance data from tertiary-care hospitals; not hospital-specific; not community-representative.
Klebsiella pneumoniae,bloodstream infection,Ampicillin,1.5,,3,136,2023,2023-01-01 to 2023-12-31,India,ICMR HAI surveillance network,226,Table 10.27,ICMR AMRSN network surveillance data from tertiary-care hospitals; not hospital-specific; not community-representative.
Klebsiella pneumoniae,bloodstream infection,Cefazolin,3.4,,15,447,2023,2023-01-01 to 2023-12-31,India,ICMR HAI surveillance network,226,Table 10.27,ICMR AMRSN network surveillance data from tertiary-care hospitals; not hospital-specific; not community-representative.
Klebsiella pneumoniae,bloodstream infection,Cefepime,11.4,,111,969,2023,2023-01-01 to 2023-12-31,India,ICMR HAI surveillance network,226,Table 10.27,ICMR AMRSN network surveillance data from tertiary-care hospitals; not hospital-specific; not community-representative.
Klebsiella pneumoniae,bloodstream infection,Cefotaxime,8.5,,42,491,2023,2023-01-01 to 2023-12-31,India,ICMR HAI surveillance network,226,Table 10.27,ICMR AMRSN network surveillance data from tertiary-care hospitals; not hospital-specific; not community-representative.
Klebsiella pneumoniae,bloodstream infection,Ceftazidime,12.1,,50,415,2023,2023-01-01 to 2023-12-31,India,ICMR HAI surveillance network,226,Table 10.27,ICMR AMRSN network surveillance data from tertiary-care hospitals; not hospital-specific; not community-representative.
Klebsiella pneumoniae,bloodstream infection,Ceftriaxone,8.1,,66,814,2023,2023-01-01 to 2023-12-31,India,ICMR HAI surveillance network,226,Table 10.27,ICMR AMRSN network surveillance data from tertiary-care hospitals; not hospital-specific; not community-representative.
Klebsiella pneumoniae,bloodstream infection,Ciprofloxacin,14.9,,142,952,2023,2023-01-01 to 2023-12-31,India,ICMR HAI surveillance network,226,Table 10.27,ICMR AMRSN network surveillance data from tertiary-care hospitals; not hospital-specific; not community-representative.
Klebsiella pneumoniae,bloodstream infection,Colistin,94.8,,547,577,2023,2023-01-01 to 2023-12-31,India,ICMR HAI surveillance network,226,Table 10.27,ICMR AMRSN network surveillance data from tertiary-care hospitals; not hospital-specific; not community-representative.
Klebsiella pneumoniae,bloodstream infection,Ertapenem,18.1,,123,679,2023,2023-01-01 to 2023-12-31,India,ICMR HAI surveillance network,226,Table 10.27,ICMR AMRSN network surveillance data from tertiary-care hospitals; not hospital-specific; not community-representative.
Klebsiella pneumoniae,bloodstream infection,Gentamicin,30.1,,284,942,2023,2023-01-01 to 2023-12-31,India,ICMR HAI surveillance network,226,Table 10.27,ICMR AMRSN network surveillance data from tertiary-care hospitals; not hospital-specific; not community-representative.
Klebsiella pneumoniae,bloodstream infection,Imipenem,19.7,80.0,191,968,2023,2023-01-01 to 2023-12-31,India,ICMR HAI surveillance network,226,Table 10.27,ICMR AMRSN network surveillance data from tertiary-care hospitals; not hospital-specific; not community-representative. Report summary explicitly states 80% imipenem resistance among K. pneumoniae causing BSIs.
Klebsiella pneumoniae,bloodstream infection,Levofloxacin,20.7,,104,502,2023,2023-01-01 to 2023-12-31,India,ICMR HAI surveillance network,226,Table 10.27,ICMR AMRSN network surveillance data from tertiary-care hospitals; not hospital-specific; not community-representative.
Klebsiella pneumoniae,bloodstream infection,Meropenem,22.2,,222,1001,2023,2023-01-01 to 2023-12-31,India,ICMR HAI surveillance network,226,Table 10.27,ICMR AMRSN network surveillance data from tertiary-care hospitals; not hospital-specific; not community-representative.
Klebsiella pneumoniae,bloodstream infection,Minocycline,60.4,,183,303,2023,2023-01-01 to 2023-12-31,India,ICMR HAI surveillance network,226,Table 10.27,ICMR AMRSN network surveillance data from tertiary-care hospitals; not hospital-specific; not community-representative.
Klebsiella pneumoniae,bloodstream infection,Netilmicin,8.6,,7,81,2023,2023-01-01 to 2023-12-31,India,ICMR HAI surveillance network,226,Table 10.27,ICMR AMRSN network surveillance data from tertiary-care hospitals; not hospital-specific; not community-representative.
Klebsiella pneumoniae,bloodstream infection,Tetracycline,55.6,,124,223,2023,2023-01-01 to 2023-12-31,India,ICMR HAI surveillance network,226,Table 10.27,ICMR AMRSN network surveillance data from tertiary-care hospitals; not hospital-specific; not community-representative.
Klebsiella pneumoniae,bloodstream infection,Tigecycline,79.6,,109,137,2023,2023-01-01 to 2023-12-31,India,ICMR HAI surveillance network,226,Table 10.27,ICMR AMRSN network surveillance data from tertiary-care hospitals; not hospital-specific; not community-representative.
Klebsiella pneumoniae,bloodstream infection,Tobramycin,21.1,,56,266,2023,2023-01-01 to 2023-12-31,India,ICMR HAI surveillance network,226,Table 10.27,ICMR AMRSN network surveillance data from tertiary-care hospitals; not hospital-specific; not community-representative.
Pseudomonas aeruginosa,bloodstream infection,Amikacin,51.3,,76,148,2023,2023-01-01 to 2023-12-31,India,ICMR HAI surveillance network,226,Table 10.27,ICMR AMRSN network surveillance data from tertiary-care hospitals; not hospital-specific; not community-representative.
Pseudomonas aeruginosa,bloodstream infection,Amoxicillin- Clavulanate,,,1,7,2023,2023-01-01 to 2023-12-31,India,ICMR HAI surveillance network,226,Table 10.27,ICMR AMRSN network surveillance data from tertiary-care hospitals; not hospital-specific; not community-representative.
Pseudomonas aeruginosa,bloodstream infection,Cefazolin,,,1,8,2023,2023-01-01 to 2023-12-31,India,ICMR HAI surveillance network,226,Table 10.27,ICMR AMRSN network surveillance data from tertiary-care hospitals; not hospital-specific; not community-representative.
Pseudomonas aeruginosa,bloodstream infection,Cefepime,41.0,,73,178,2023,2023-01-01 to 2023-12-31,India,ICMR HAI surveillance network,226,Table 10.27,ICMR AMRSN network surveillance data from tertiary-care hospitals; not hospital-specific; not community-representative.
Pseudomonas aeruginosa,bloodstream infection,Cefotaxime,,,2,2,2023,2023-01-01 to 2023-12-31,India,ICMR HAI surveillance network,226,Table 10.27,ICMR AMRSN network surveillance data from tertiary-care hospitals; not hospital-specific; not community-representative.
Pseudomonas aeruginosa,bloodstream infection,Ceftazidime,43.1,,75,174,2023,2023-01-01 to 2023-12-31,India,ICMR HAI surveillance network,226,Table 10.27,ICMR AMRSN network surveillance data from tertiary-care hospitals; not hospital-specific; not community-representative.
Pseudomonas aeruginosa,bloodstream infection,Ceftriaxone,,,6,13,2023,2023-01-01 to 2023-12-31,India,ICMR HAI surveillance network,226,Table 10.27,ICMR AMRSN network surveillance data from tertiary-care hospitals; not hospital-specific; not community-representative.
Pseudomonas aeruginosa,bloodstream infection,Ciprofloxacin,48.6,,87,179,2023,2023-01-01 to 2023-12-31,India,ICMR HAI surveillance network,226,Table 10.27,ICMR AMRSN network surveillance data from tertiary-care hospitals; not hospital-specific; not community-representative.
Pseudomonas aeruginosa,bloodstream infection,Colistin,94.7,,89,94,2023,2023-01-01 to 2023-12-31,India,ICMR HAI surveillance network,226,Table 10.27,ICMR AMRSN network surveillance data from tertiary-care hospitals; not hospital-specific; not community-representative.
Pseudomonas aeruginosa,bloodstream infection,Gentamicin,47.2,,51,108,2023,2023-01-01 to 2023-12-31,India,ICMR HAI surveillance network,226,Table 10.27,ICMR AMRSN network surveillance data from tertiary-care hospitals; not hospital-specific; not community-representative.
Pseudomonas aeruginosa,bloodstream infection,Imipenem,40.3,,73,181,2023,2023-01-01 to 2023-12-31,India,ICMR HAI surveillance network,226,Table 10.27,ICMR AMRSN network surveillance data from tertiary-care hospitals; not hospital-specific; not community-representative.
Pseudomonas aeruginosa,bloodstream infection,Levofloxacin,37.1,,53,143,2023,2023-01-01 to 2023-12-31,India,ICMR HAI surveillance network,226,Table 10.27,ICMR AMRSN network surveillance data from tertiary-care hospitals; not hospital-specific; not community-representative.
Pseudomonas aeruginosa,bloodstream infection,Meropenem,44.1,,79,179,2023,2023-01-01 to 2023-12-31,India,ICMR HAI surveillance network,226,Table 10.27,ICMR AMRSN network surveillance data from tertiary-care hospitals; not hospital-specific; not community-representative.
Pseudomonas aeruginosa,bloodstream infection,Minocycline,,,4,9,2023,2023-01-01 to 2023-12-31,India,ICMR HAI surveillance network,226,Table 10.27,ICMR AMRSN network surveillance data from tertiary-care hospitals; not hospital-specific; not community-representative.
Pseudomonas aeruginosa,bloodstream infection,Netilmicin,37.5,,12,32,2023,2023-01-01 to 2023-12-31,India,ICMR HAI surveillance network,226,Table 10.27,ICMR AMRSN network surveillance data from tertiary-care hospitals; not hospital-specific; not community-representative.
Pseudomonas aeruginosa,bloodstream infection,Piperacillin,42.1,,16,38,2023,2023-01-01 to 2023-12-31,India,ICMR HAI surveillance network,226,Table 10.27,ICMR AMRSN network surveillance data from tertiary-care hospitals; not hospital-specific; not community-representative.
Pseudomonas aeruginosa,bloodstream infection,Tobramycin,46.8,,44,94,2023,2023-01-01 to 2023-12-31,India,ICMR HAI surveillance network,226,Table 10.27,ICMR AMRSN network surveillance data from tertiary-care hospitals; not hospital-specific; not community-representative.
Enterococcus faecalis,bloodstream infection,Ampicillin,55.4,,41,74,2023,2023-01-01 to 2023-12-31,India,ICMR HAI surveillance network,226,Table 10.28,ICMR AMRSN network surveillance data from tertiary-care hospitals; not hospital-specific; not community-representative.
Enterococcus faecalis,bloodstream infection,Ciprofloxacin,25.7,,18,70,2023,2023-01-01 to 2023-12-31,India,ICMR HAI surveillance network,226,Table 10.28,ICMR AMRSN network surveillance data from tertiary-care hospitals; not hospital-specific; not community-representative.
Enterococcus faecalis,bloodstream infection,Gentamicin,,,2,5,2023,2023-01-01 to 2023-12-31,India,ICMR HAI surveillance network,226,Table 10.28,ICMR AMRSN network surveillance data from tertiary-care hospitals; not hospital-specific; not community-representative.
Enterococcus faecalis,bloodstream infection,Linezolid,90.8,,59,65,2023,2023-01-01 to 2023-12-31,India,ICMR HAI surveillance network,226,Table 10.28,ICMR AMRSN network surveillance data from tertiary-care hospitals; not hospital-specific; not community-representative.
Enterococcus faecalis,bloodstream infection,Teicoplanin,87.7,,64,73,2023,2023-01-01 to 2023-12-31,India,ICMR HAI surveillance network,226,Table 10.28,ICMR AMRSN network surveillance data from tertiary-care hospitals; not hospital-specific; not community-representative.
Enterococcus faecalis,bloodstream infection,Tetracycline,38.1,,16,42,2023,2023-01-01 to 2023-12-31,India,ICMR HAI surveillance network,226,Table 10.28,ICMR AMRSN network surveillance data from tertiary-care hospitals; not hospital-specific; not community-representative.
Enterococcus faecalis,bloodstream infection,Vancomycin,84.8,,78,92,2023,2023-01-01 to 2023-12-31,India,ICMR HAI surveillance network,226,Table 10.28,ICMR AMRSN network surveillance data from tertiary-care hospitals; not hospital-specific; not community-representative.
Enterococcus faecium,bloodstream infection,Ampicillin,8.6,,13,151,2023,2023-01-01 to 2023-12-31,India,ICMR HAI surveillance network,226,Table 10.28,ICMR AMRSN network surveillance data from tertiary-care hospitals; not hospital-specific; not community-representative.
Enterococcus faecium,bloodstream infection,Ciprofloxacin,5.0,,8,159,2023,2023-01-01 to 2023-12-31,India,ICMR HAI surveillance network,226,Table 10.28,ICMR AMRSN network surveillance data from tertiary-care hospitals; not hospital-specific; not community-representative.
Enterococcus faecium,bloodstream infection,Gentamicin,,,2,4,2023,2023-01-01 to 2023-12-31,India,ICMR HAI surveillance network,226,Table 10.28,ICMR AMRSN network surveillance data from tertiary-care hospitals; not hospital-specific; not community-representative.
Enterococcus faecium,bloodstream infection,Linezolid,84.1,,175,208,2023,2023-01-01 to 2023-12-31,India,ICMR HAI surveillance network,226,Table 10.28,ICMR AMRSN network surveillance data from tertiary-care hospitals; not hospital-specific; not community-representative.
Enterococcus faecium,bloodstream infection,Teicoplanin,54.4,,111,204,2023,2023-01-01 to 2023-12-31,India,ICMR HAI surveillance network,226,Table 10.28,ICMR AMRSN network surveillance data from tertiary-care hospitals; not hospital-specific; not community-representative.
Enterococcus faecium,bloodstream infection,Tetracycline,12.5,,13,104,2023,2023-01-01 to 2023-12-31,India,ICMR HAI surveillance network,226,Table 10.28,ICMR AMRSN network surveillance data from tertiary-care hospitals; not hospital-specific; not community-representative.
Enterococcus faecium,bloodstream infection,Vancomycin,57.3,42.7,137,239,2023,2023-01-01 to 2023-12-31,India,ICMR HAI surveillance network,226,Table 10.28,ICMR AMRSN network surveillance data from tertiary-care hospitals; not hospital-specific; not community-representative. Report summary explicitly states around 42.7% vancomycin resistance among E. faecium causing BSIs.
Enterococcus spp.,bloodstream infection,Ampicillin,41.2,,14,34,2023,2023-01-01 to 2023-12-31,India,ICMR HAI surveillance network,226,Table 10.28,ICMR AMRSN network surveillance data from tertiary-care hospitals; not hospital-specific; not community-representative.
Enterococcus spp.,bloodstream infection,Ciprofloxacin,46.7,,14,30,2023,2023-01-01 to 2023-12-31,India,ICMR HAI surveillance network,226,Table 10.28,ICMR AMRSN network surveillance data from tertiary-care hospitals; not hospital-specific; not community-representative.
Enterococcus spp.,bloodstream infection,Linezolid,97.1,,33,34,2023,2023-01-01 to 2023-12-31,India,ICMR HAI surveillance network,226,Table 10.28,ICMR AMRSN network surveillance data from tertiary-care hospitals; not hospital-specific; not community-representative.
Enterococcus spp.,bloodstream infection,Teicoplanin,66.7,,14,21,2023,2023-01-01 to 2023-12-31,India,ICMR HAI surveillance network,226,Table 10.28,ICMR AMRSN network surveillance data from tertiary-care hospitals; not hospital-specific; not community-representative.
Enterococcus spp.,bloodstream infection,Tetracycline,,,4,10,2023,2023-01-01 to 2023-12-31,India,ICMR HAI surveillance network,226,Table 10.28,ICMR AMRSN network surveillance data from tertiary-care hospitals; not hospital-specific; not community-representative.
Enterococcus spp.,bloodstream infection,Vancomycin,76.3,,29,38,2023,2023-01-01 to 2023-12-31,India,ICMR HAI surveillance network,226,Table 10.28,ICMR AMRSN network surveillance data from tertiary-care hospitals; not hospital-specific; not community-representative.
Staphylococcus aureus,bloodstream infection,Ciprofloxacin,44.2,,77,174,2023,2023-01-01 to 2023-12-31,India,ICMR HAI surveillance network,227,Table 10.29,ICMR AMRSN network surveillance data from tertiary-care hospitals; not hospital-specific; not community-representative.
Staphylococcus aureus,bloodstream infection,Clindamycin,46.4,,84,181,2023,2023-01-01 to 2023-12-31,India,ICMR HAI surveillance network,227,Table 10.29,ICMR AMRSN network surveillance data from tertiary-care hospitals; not hospital-specific; not community-representative.
Staphylococcus aureus,bloodstream infection,Erythromycin,20.1,,38,189,2023,2023-01-01 to 2023-12-31,India,ICMR HAI surveillance network,227,Table 10.29,ICMR AMRSN network surveillance data from tertiary-care hospitals; not hospital-specific; not community-representative.
Staphylococcus aureus,bloodstream infection,Linezolid,99.4,,161,162,2023,2023-01-01 to 2023-12-31,India,ICMR HAI surveillance network,227,Table 10.29,ICMR AMRSN network surveillance data from tertiary-care hospitals; not hospital-specific; not community-representative.
Staphylococcus aureus,bloodstream infection,Oxacillin,37.5,63.0,24,64,2023,2023-01-01 to 2023-12-31,India,ICMR HAI surveillance network,227,Table 10.29,ICMR AMRSN network surveillance data from tertiary-care hospitals; not hospital-specific; not community-representative. Report summary explicitly states nearly 63% oxacillin resistance among S. aureus causing BSIs.
Staphylococcus aureus,bloodstream infection,Teicoplanin,95.0,,57,60,2023,2023-01-01 to 2023-12-31,India,ICMR HAI surveillance network,227,Table 10.29,ICMR AMRSN network surveillance data from tertiary-care hospitals; not hospital-specific; not community-representative.
Staphylococcus aureus,bloodstream infection,Tetracycline,78.5,,51,65,2023,2023-01-01 to 2023-12-31,India,ICMR HAI surveillance network,227,Table 10.29,ICMR AMRSN network surveillance data from tertiary-care hospitals; not hospital-specific; not community-representative.
Staphylococcus aureus,bloodstream infection,Trimethoprim/Sulfamethoxazole,74.4,,99,133,2023,2023-01-01 to 2023-12-31,India,ICMR HAI surveillance network,227,Table 10.29,ICMR AMRSN network surveillance data from tertiary-care hospitals; not hospital-specific; not community-representative.
Staphylococcus aureus,bloodstream infection,Vancomycin,100.0,,92,92,2023,2023-01-01 to 2023-12-31,India,ICMR HAI surveillance network,227,Table 10.29,ICMR AMRSN network surveillance data from tertiary-care hospitals; not hospital-specific; not community-representative.
Acinetobacter baumannii,urinary tract infection,Amikacin,18.0,,9,50,2023,2023-01-01 to 2023-12-31,India,ICMR HAI surveillance network,235,Table 10.39,ICMR AMRSN network surveillance data from tertiary-care hospitals; not hospital-specific; not community-representative.
Acinetobacter baumannii,urinary tract infection,Cefepime,9.1,,4,44,2023,2023-01-01 to 2023-12-31,India,ICMR HAI surveillance network,235,Table 10.39,ICMR AMRSN network surveillance data from tertiary-care hospitals; not hospital-specific; not community-representative.
Acinetobacter baumannii,urinary tract infection,Ceftazidime,10.0,,4,40,2023,2023-01-01 to 2023-12-31,India,ICMR HAI surveillance network,235,Table 10.39,ICMR AMRSN network surveillance data from tertiary-care hospitals; not hospital-specific; not community-representative.
Acinetobacter baumannii,urinary tract infection,Ciprofloxacin,13.3,,6,45,2023,2023-01-01 to 2023-12-31,India,ICMR HAI surveillance network,235,Table 10.39,ICMR AMRSN network surveillance data from tertiary-care hospitals; not hospital-specific; not community-representative.
Acinetobacter baumannii,urinary tract infection,Colistin,,,12,12,2023,2023-01-01 to 2023-12-31,India,ICMR HAI surveillance network,235,Table 10.39,ICMR AMRSN network surveillance data from tertiary-care hospitals; not hospital-specific; not community-representative.
Acinetobacter baumannii,urinary tract infection,Ertapenem,,,1,3,2023,2023-01-01 to 2023-12-31,India,ICMR HAI surveillance network,235,Table 10.39,ICMR AMRSN network surveillance data from tertiary-care hospitals; not hospital-specific; not community-representative.
Acinetobacter baumannii,urinary tract infection,Gentamicin,19.1,,8,42,2023,2023-01-01 to 2023-12-31,India,ICMR HAI surveillance network,235,Table 10.39,ICMR AMRSN network surveillance data from tertiary-care hospitals; not hospital-specific; not community-representative.
Acinetobacter baumannii,urinary tract infection,Imipenem,8.7,,4,46,2023,2023-01-01 to 2023-12-31,India,ICMR HAI surveillance network,235,Table 10.39,ICMR AMRSN network surveillance data from tertiary-care hospitals; not hospital-specific; not community-representative.
Acinetobacter baumannii,urinary tract infection,Levofloxacin,12.9,,4,31,2023,2023-01-01 to 2023-12-31,India,ICMR HAI surveillance network,235,Table 10.39,ICMR AMRSN network surveillance data from tertiary-care hospitals; not hospital-specific; not community-representative.
Acinetobacter baumannii,urinary tract infection,Meropenem,9.1,,4,44,2023,2023-01-01 to 2023-12-31,India,ICMR HAI surveillance network,235,Table 10.39,ICMR AMRSN network surveillance data from tertiary-care hospitals; not hospital-specific; not community-representative.
Acinetobacter baumannii,urinary tract infection,Minocycline,75.0,,27,36,2023,2023-01-01 to 2023-12-31,India,ICMR HAI surveillance network,235,Table 10.39,ICMR AMRSN network surveillance data from tertiary-care hospitals; not hospital-specific; not community-representative.
Acinetobacter baumannii,urinary tract infection,Piperacillin/ Tazobactam,16.7,,8,48,2023,2023-01-01 to 2023-12-31,India,ICMR HAI surveillance network,235,Table 10.39,ICMR AMRSN network surveillance data from tertiary-care hospitals; not hospital-specific; not community-representative.
Acinetobacter baumannii,urinary tract infection,Tetracycline,25.0,,6,24,2023,2023-01-01 to 2023-12-31,India,ICMR HAI surveillance network,235,Table 10.39,ICMR AMRSN network surveillance data from tertiary-care hospitals; not hospital-specific; not community-representative.
Acinetobacter baumannii,urinary tract infection,Tigecycline,,,2,4,2023,2023-01-01 to 2023-12-31,India,ICMR HAI surveillance network,235,Table 10.39,ICMR AMRSN network surveillance data from tertiary-care hospitals; not hospital-specific; not community-representative.
Acinetobacter baumannii,urinary tract infection,Tobramycin,4.8,,1,21,2023,2023-01-01 to 2023-12-31,India,ICMR HAI surveillance network,235,Table 10.39,ICMR AMRSN network surveillance data from tertiary-care hospitals; not hospital-specific; not community-representative.
Escherichia coli,urinary tract infection,Amikacin,56.9,,132,232,2023,2023-01-01 to 2023-12-31,India,ICMR HAI surveillance network,235,Table 10.39,ICMR AMRSN network surveillance data from tertiary-care hospitals; not hospital-specific; not community-representative.
Escherichia coli,urinary tract infection,Amoxicillin/ Clavulanate,11.5,,11,96,2023,2023-01-01 to 2023-12-31,India,ICMR HAI surveillance network,235,Table 10.39,ICMR AMRSN network surveillance data from tertiary-care hospitals; not hospital-specific; not community-representative.
Escherichia coli,urinary tract infection,Ampicillin,1.8,,2,109,2023,2023-01-01 to 2023-12-31,India,ICMR HAI surveillance network,235,Table 10.39,ICMR AMRSN network surveillance data from tertiary-care hospitals; not hospital-specific; not community-representative.
Escherichia coli,urinary tract infection,Cefazolin,9.0,,8,89,2023,2023-01-01 to 2023-12-31,India,ICMR HAI surveillance network,235,Table 10.39,ICMR AMRSN network surveillance data from tertiary-care hospitals; not hospital-specific; not community-representative.
Escherichia coli,urinary tract infection,Cefepime,15.2,,25,165,2023,2023-01-01 to 2023-12-31,India,ICMR HAI surveillance network,235,Table 10.39,ICMR AMRSN network surveillance data from tertiary-care hospitals; not hospital-specific; not community-representative.
Escherichia coli,urinary tract infection,Cefotaxime,7.0,,10,142,2023,2023-01-01 to 2023-12-31,India,ICMR HAI surveillance network,235,Table 10.39,ICMR AMRSN network surveillance data from tertiary-care hospitals; not hospital-specific; not community-representative.
Escherichia coli,urinary tract infection,Ceftazidime,7.1,,7,98,2023,2023-01-01 to 2023-12-31,India,ICMR HAI surveillance network,235,Table 10.39,ICMR AMRSN network surveillance data from tertiary-care hospitals; not hospital-specific; not community-representative.
Escherichia coli,urinary tract infection,Ceftriaxone,6.5,,10,153,2023,2023-01-01 to 2023-12-31,India,ICMR HAI surveillance network,235,Table 10.39,ICMR AMRSN network surveillance data from tertiary-care hospitals; not hospital-specific; not community-representative.
Escherichia coli,urinary tract infection,Ciprofloxacin,6.4,,13,203,2023,2023-01-01 to 2023-12-31,India,ICMR HAI surveillance network,235,Table 10.39,ICMR AMRSN network surveillance data from tertiary-care hospitals; not hospital-specific; not community-representative.
Escherichia coli,urinary tract infection,Colistin,93.5,,86,95,2023,2023-01-01 to 2023-12-31,India,ICMR HAI surveillance network,235,Table 10.39,ICMR AMRSN network surveillance data from tertiary-care hospitals; not hospital-specific; not community-representative.
Escherichia coli,urinary tract infection,Ertapenem,52.1,,75,144,2023,2023-01-01 to 2023-12-31,India,ICMR HAI surveillance network,235,Table 10.39,ICMR AMRSN network surveillance data from tertiary-care hospitals; not hospital-specific; not community-representative.
Escherichia coli,urinary tract infection,Gentamicin,51.9,,107,206,2023,2023-01-01 to 2023-12-31,India,ICMR HAI surveillance network,235,Table 10.39,ICMR AMRSN network surveillance data from tertiary-care hospitals; not hospital-specific; not community-representative.
Escherichia coli,urinary tract infection,Imipenem,44.8,,82,183,2023,2023-01-01 to 2023-12-31,India,ICMR HAI surveillance network,235,Table 10.39,ICMR AMRSN network surveillance data from tertiary-care hospitals; not hospital-specific; not community-representative.
Escherichia coli,urinary tract infection,Levofloxacin,5.6,,5,90,2023,2023-01-01 to 2023-12-31,India,ICMR HAI surveillance network,235,Table 10.39,ICMR AMRSN network surveillance data from tertiary-care hospitals; not hospital-specific; not community-representative.
Escherichia coli,urinary tract infection,Meropenem,44.5,,81,182,2023,2023-01-01 to 2023-12-31,India,ICMR HAI surveillance network,235,Table 10.39,ICMR AMRSN network surveillance data from tertiary-care hospitals; not hospital-specific; not community-representative.
Escherichia coli,urinary tract infection,Minocycline,71.2,,37,52,2023,2023-01-01 to 2023-12-31,India,ICMR HAI surveillance network,235,Table 10.39,ICMR AMRSN network surveillance data from tertiary-care hospitals; not hospital-specific; not community-representative.
Escherichia coli,urinary tract infection,Netilmicin,,,8,11,2023,2023-01-01 to 2023-12-31,India,ICMR HAI surveillance network,235,Table 10.39,ICMR AMRSN network surveillance data from tertiary-care hospitals; not hospital-specific; not community-representative.
Escherichia coli,urinary tract infection,Piperacillin/ Tazobactam,34.1,,71,208,2023,2023-01-01 to 2023-12-31,India,ICMR HAI surveillance network,235,Table 10.39,ICMR AMRSN network surveillance data from tertiary-care hospitals; not hospital-specific; not community-representative.
Escherichia coli,urinary tract infection,Tetracycline,31.6,,18,57,2023,2023-01-01 to 2023-12-31,India,ICMR HAI surveillance network,235,Table 10.39,ICMR AMRSN network surveillance data from tertiary-care hospitals; not hospital-specific; not community-representative.
Escherichia coli,urinary tract infection,Tigecycline,92.0,,23,25,2023,2023-01-01 to 2023-12-31,India,ICMR HAI surveillance network,235,Table 10.39,ICMR AMRSN network surveillance data from tertiary-care hospitals; not hospital-specific; not community-representative.
Escherichia coli,urinary tract infection,Tobramycin,32.3,,10,31,2023,2023-01-01 to 2023-12-31,India,ICMR HAI surveillance network,235,Table 10.39,ICMR AMRSN network surveillance data from tertiary-care hospitals; not hospital-specific; not community-representative.
Klebsiella pneumoniae,urinary tract infection,Amikacin,23.1,,39,169,2023,2023-01-01 to 2023-12-31,India,ICMR HAI surveillance network,235,Table 10.39,ICMR AMRSN network surveillance data from tertiary-care hospitals; not hospital-specific; not community-representative.
Klebsiella pneumoniae,urinary tract infection,Amoxicillin/ Clavulanate,6.0,,5,83,2023,2023-01-01 to 2023-12-31,India,ICMR HAI surveillance network,235,Table 10.39,ICMR AMRSN network surveillance data from tertiary-care hospitals; not hospital-specific; not community-representative.
Klebsiella pneumoniae,urinary tract infection,Ampicillin,3.9,,1,26,2023,2023-01-01 to 2023-12-31,India,ICMR HAI surveillance network,235,Table 10.39,ICMR AMRSN network surveillance data from tertiary-care hospitals; not hospital-specific; not community-representative.
Klebsiella pneumoniae,urinary tract infection,Cefazolin,6.0,,3,50,2023,2023-01-01 to 2023-12-31,India,ICMR HAI surveillance network,235,Table 10.39,ICMR AMRSN network surveillance data from tertiary-care hospitals; not hospital-specific; not community-representative.
Klebsiella pneumoniae,urinary tract infection,Cefepime,8.6,,12,140,2023,2023-01-01 to 2023-12-31,India,ICMR HAI surveillance network,235,Table 10.39,ICMR AMRSN network surveillance data from tertiary-care hospitals; not hospital-specific; not community-representative.
Klebsiella pneumoniae,urinary tract infection,Cefotaxime,6.7,,7,104,2023,2023-01-01 to 2023-12-31,India,ICMR HAI surveillance network,235,Table 10.39,ICMR AMRSN network surveillance data from tertiary-care hospitals; not hospital-specific; not community-representative.
Klebsiella pneumoniae,urinary tract infection,Ceftazidime,5.6,,4,72,2023,2023-01-01 to 2023-12-31,India,ICMR HAI surveillance network,235,Table 10.39,ICMR AMRSN network surveillance data from tertiary-care hospitals; not hospital-specific; not community-representative.
Klebsiella pneumoniae,urinary tract infection,Ceftriaxone,5.7,,7,122,2023,2023-01-01 to 2023-12-31,India,ICMR HAI surveillance network,235,Table 10.39,ICMR AMRSN network surveillance data from tertiary-care hospitals; not hospital-specific; not community-representative.
Klebsiella pneumoniae,urinary tract infection,Ciprofloxacin,5.4,,8,149,2023,2023-01-01 to 2023-12-31,India,ICMR HAI surveillance network,235,Table 10.39,ICMR AMRSN network surveillance data from tertiary-care hospitals; not hospital-specific; not community-representative.
Klebsiella pneumoniae,urinary tract infection,Colistin,92.3,,84,91,2023,2023-01-01 to 2023-12-31,India,ICMR HAI surveillance network,235,Table 10.39,ICMR AMRSN network surveillance data from tertiary-care hospitals; not hospital-specific; not community-representative.
Klebsiella pneumoniae,urinary tract infection,Ertapenem,16.3,,15,92,2023,2023-01-01 to 2023-12-31,India,ICMR HAI surveillance network,235,Table 10.39,ICMR AMRSN network surveillance data from tertiary-care hospitals; not hospital-specific; not community-representative.
Klebsiella pneumoniae,urinary tract infection,Gentamicin,22.9,,35,153,2023,2023-01-01 to 2023-12-31,India,ICMR HAI surveillance network,235,Table 10.39,ICMR AMRSN network surveillance data from tertiary-care hospitals; not hospital-specific; not community-representative.
Klebsiella pneumoniae,urinary tract infection,Imipenem,20.7,,32,155,2023,2023-01-01 to 2023-12-31,India,ICMR HAI surveillance network,235,Table 10.39,ICMR AMRSN network surveillance data from tertiary-care hospitals; not hospital-specific; not community-representative.
Klebsiella pneumoniae,urinary tract infection,Levofloxacin,8.2,,7,85,2023,2023-01-01 to 2023-12-31,India,ICMR HAI surveillance network,235,Table 10.39,ICMR AMRSN network surveillance data from tertiary-care hospitals; not hospital-specific; not community-representative.
Klebsiella pneumoniae,urinary tract infection,Meropenem,19.7,,29,147,2023,2023-01-01 to 2023-12-31,India,ICMR HAI surveillance network,235,Table 10.39,ICMR AMRSN network surveillance data from tertiary-care hospitals; not hospital-specific; not community-representative.
Klebsiella pneumoniae,urinary tract infection,Minocycline,47.2,,25,53,2023,2023-01-01 to 2023-12-31,India,ICMR HAI surveillance network,235,Table 10.39,ICMR AMRSN network surveillance data from tertiary-care hospitals; not hospital-specific; not community-representative.
Klebsiella pneumoniae,urinary tract infection,Piperacillin/ Tazobactam,15.2,,24,158,2023,2023-01-01 to 2023-12-31,India,ICMR HAI surveillance network,235,Table 10.39,ICMR AMRSN network surveillance data from tertiary-care hospitals; not hospital-specific; not community-representative.
Klebsiella pneumoniae,urinary tract infection,Tetracycline,50.9,,28,55,2023,2023-01-01 to 2023-12-31,India,ICMR HAI surveillance network,235,Table 10.39,ICMR AMRSN network surveillance data from tertiary-care hospitals; not hospital-specific; not community-representative.
Klebsiella pneumoniae,urinary tract infection,Tigecycline,,,14,19,2023,2023-01-01 to 2023-12-31,India,ICMR HAI surveillance network,235,Table 10.39,ICMR AMRSN network surveillance data from tertiary-care hospitals; not hospital-specific; not community-representative.
Klebsiella pneumoniae,urinary tract infection,Tobramycin,16.7,,4,24,2023,2023-01-01 to 2023-12-31,India,ICMR HAI surveillance network,235,Table 10.39,ICMR AMRSN network surveillance data from tertiary-care hospitals; not hospital-specific; not community-representative.
Pseudomonas aeruginosa,urinary tract infection,Amikacin,26.1,,31,119,2023,2023-01-01 to 2023-12-31,India,ICMR HAI surveillance network,235,Table 10.39,ICMR AMRSN network surveillance data from tertiary-care hospitals; not hospital-specific; not community-representative.
Pseudomonas aeruginosa,urinary tract infection,Cefepime,20.7,,25,121,2023,2023-01-01 to 2023-12-31,India,ICMR HAI surveillance network,235,Table 10.39,ICMR AMRSN network surveillance data from tertiary-care hospitals; not hospital-specific; not community-representative.
Pseudomonas aeruginosa,urinary tract infection,Ceftazidime,19.0,,22,116,2023,2023-01-01 to 2023-12-31,India,ICMR HAI surveillance network,235,Table 10.39,ICMR AMRSN network surveillance data from tertiary-care hospitals; not hospital-specific; not community-representative.
Pseudomonas aeruginosa,urinary tract infection,Ceftriaxone,,,2,2,2023,2023-01-01 to 2023-12-31,India,ICMR HAI surveillance network,235,Table 10.39,ICMR AMRSN network surveillance data from tertiary-care hospitals; not hospital-specific; not community-representative.
Pseudomonas aeruginosa,urinary tract infection,Ciprofloxacin,19.7,,23,117,2023,2023-01-01 to 2023-12-31,India,ICMR HAI surveillance network,235,Table 10.39,ICMR AMRSN network surveillance data from tertiary-care hospitals; not hospital-specific; not community-representative.
Pseudomonas aeruginosa,urinary tract infection,Colistin,94.3,,50,53,2023,2023-01-01 to 2023-12-31,India,ICMR HAI surveillance network,235,Table 10.39,ICMR AMRSN network surveillance data from tertiary-care hospitals; not hospital-specific; not community-representative.
Pseudomonas aeruginosa,urinary tract infection,Gentamicin,32.9,,24,73,2023,2023-01-01 to 2023-12-31,India,ICMR HAI surveillance network,235,Table 10.39,ICMR AMRSN network surveillance data from tertiary-care hospitals; not hospital-specific; not community-representative.
Pseudomonas aeruginosa,urinary tract infection,Imipenem,16.1,,18,112,2023,2023-01-01 to 2023-12-31,India,ICMR HAI surveillance network,235,Table 10.39,ICMR AMRSN network surveillance data from tertiary-care hospitals; not hospital-specific; not community-representative.
Pseudomonas aeruginosa,urinary tract infection,Levofloxacin,14.9,,14,94,2023,2023-01-01 to 2023-12-31,India,ICMR HAI surveillance network,235,Table 10.39,ICMR AMRSN network surveillance data from tertiary-care hospitals; not hospital-specific; not community-representative.
Pseudomonas aeruginosa,urinary tract infection,Meropenem,19.7,,23,117,2023,2023-01-01 to 2023-12-31,India,ICMR HAI surveillance network,235,Table 10.39,ICMR AMRSN network surveillance data from tertiary-care hospitals; not hospital-specific; not community-representative.
Pseudomonas aeruginosa,urinary tract infection,Minocycline,,,1,4,2023,2023-01-01 to 2023-12-31,India,ICMR HAI surveillance network,235,Table 10.39,ICMR AMRSN network surveillance data from tertiary-care hospitals; not hospital-specific; not community-representative.
Pseudomonas aeruginosa,urinary tract infection,Netilmicin,13.1,,8,61,2023,2023-01-01 to 2023-12-31,India,ICMR HAI surveillance network,235,Table 10.39,ICMR AMRSN network surveillance data from tertiary-care hospitals; not hospital-specific; not community-representative.
Pseudomonas aeruginosa,urinary tract infection,Piperacillin,13.2,,5,38,2023,2023-01-01 to 2023-12-31,India,ICMR HAI surveillance network,235,Table 10.39,ICMR AMRSN network surveillance data from tertiary-care hospitals; not hospital-specific; not community-representative.
Pseudomonas aeruginosa,urinary tract infection,Piperacillin/ Tazobactam,28.2,,33,117,2023,2023-01-01 to 2023-12-31,India,ICMR HAI surveillance network,235,Table 10.39,ICMR AMRSN network surveillance data from tertiary-care hospitals; not hospital-specific; not community-representative.
Pseudomonas aeruginosa,urinary tract infection,Tobramycin,17.9,,15,84,2023,2023-01-01 to 2023-12-31,India,ICMR HAI surveillance network,235,Table 10.39,ICMR AMRSN network surveillance data from tertiary-care hospitals; not hospital-specific; not community-representative.
Enterococcus faecalis,urinary tract infection,Ampicillin,28.1,,9,32,2023,2023-01-01 to 2023-12-31,India,ICMR HAI surveillance network,235,Table 10.40,ICMR AMRSN network surveillance data from tertiary-care hospitals; not hospital-specific; not community-representative.
Enterococcus faecalis,urinary tract infection,Ciprofloxacin,17.1,,6,35,2023,2023-01-01 to 2023-12-31,India,ICMR HAI surveillance network,235,Table 10.40,ICMR AMRSN network surveillance data from tertiary-care hospitals; not hospital-specific; not community-representative.
Enterococcus faecalis,urinary tract infection,Fosfomycin,53.6,,15,28,2023,2023-01-01 to 2023-12-31,India,ICMR HAI surveillance network,235,Table 10.40,ICMR AMRSN network surveillance data from tertiary-care hospitals; not hospital-specific; not community-representative.
Enterococcus faecalis,urinary tract infection,Linezolid,91.4,,32,35,2023,2023-01-01 to 2023-12-31,India,ICMR HAI surveillance network,235,Table 10.40,ICMR AMRSN network surveillance data from tertiary-care hospitals; not hospital-specific; not community-representative.
Enterococcus faecalis,urinary tract infection,Nitrofurantoin,68.7,,22,32,2023,2023-01-01 to 2023-12-31,India,ICMR HAI surveillance network,235,Table 10.40,ICMR AMRSN network surveillance data from tertiary-care hospitals; not hospital-specific; not community-representative.
Enterococcus faecalis,urinary tract infection,Teicoplanin,,,16,18,2023,2023-01-01 to 2023-12-31,India,ICMR HAI surveillance network,235,Table 10.40,ICMR AMRSN network surveillance data from tertiary-care hospitals; not hospital-specific; not community-representative.
Enterococcus faecalis,urinary tract infection,Tetracycline,,,2,15,2023,2023-01-01 to 2023-12-31,India,ICMR HAI surveillance network,235,Table 10.40,ICMR AMRSN network surveillance data from tertiary-care hospitals; not hospital-specific; not community-representative.
Enterococcus faecalis,urinary tract infection,Vancomycin,82.5,,33,40,2023,2023-01-01 to 2023-12-31,India,ICMR HAI surveillance network,235,Table 10.40,ICMR AMRSN network surveillance data from tertiary-care hospitals; not hospital-specific; not community-representative.
Enterococcus faecium,urinary tract infection,Ampicillin,6.3,,6,95,2023,2023-01-01 to 2023-12-31,India,ICMR HAI surveillance network,235,Table 10.40,ICMR AMRSN network surveillance data from tertiary-care hospitals; not hospital-specific; not community-representative.
Enterococcus faecium,urinary tract infection,Ciprofloxacin,4.4,,5,113,2023,2023-01-01 to 2023-12-31,India,ICMR HAI surveillance network,235,Table 10.40,ICMR AMRSN network surveillance data from tertiary-care hospitals; not hospital-specific; not community-representative.
Enterococcus faecium,urinary tract infection,Fosfomycin,56.0,,14,25,2023,2023-01-01 to 2023-12-31,India,ICMR HAI surveillance network,235,Table 10.40,ICMR AMRSN network surveillance data from tertiary-care hospitals; not hospital-specific; not community-representative.
Enterococcus faecium,urinary tract infection,Linezolid,83.5,,86,103,2023,2023-01-01 to 2023-12-31,India,ICMR HAI surveillance network,235,Table 10.40,ICMR AMRSN network surveillance data from tertiary-care hospitals; not hospital-specific; not community-representative.
Enterococcus faecium,urinary tract infection,Nitrofurantoin,29.1,,25,86,2023,2023-01-01 to 2023-12-31,India,ICMR HAI surveillance network,235,Table 10.40,ICMR AMRSN network surveillance data from tertiary-care hospitals; not hospital-specific; not community-representative.
Enterococcus faecium,urinary tract infection,Teicoplanin,55.6,,50,90,2023,2023-01-01 to 2023-12-31,India,ICMR HAI surveillance network,235,Table 10.40,ICMR AMRSN network surveillance data from tertiary-care hospitals; not hospital-specific; not community-representative.
Enterococcus faecium,urinary tract infection,Tetracycline,9.1,,6,66,2023,2023-01-01 to 2023-12-31,India,ICMR HAI surveillance network,235,Table 10.40,ICMR AMRSN network surveillance data from tertiary-care hospitals; not hospital-specific; not community-representative.
Enterococcus faecium,urinary tract infection,Vancomycin,59.7,,77,129,2023,2023-01-01 to 2023-12-31,India,ICMR HAI surveillance network,235,Table 10.40,ICMR AMRSN network surveillance data from tertiary-care hospitals; not hospital-specific; not community-representative.
Enterococcus spp.,urinary tract infection,Ampicillin,24.3,,9,37,2023,2023-01-01 to 2023-12-31,India,ICMR HAI surveillance network,235,Table 10.40,ICMR AMRSN network surveillance data from tertiary-care hospitals; not hospital-specific; not community-representative.
Enterococcus spp.,urinary tract infection,Ciprofloxacin,20.0,,8,40,2023,2023-01-01 to 2023-12-31,India,ICMR HAI surveillance network,235,Table 10.40,ICMR AMRSN network surveillance data from tertiary-care hospitals; not hospital-specific; not community-representative.
Enterococcus spp.,urinary tract infection,Fosfomycin,,,7,8,2023,2023-01-01 to 2023-12-31,India,ICMR HAI surveillance network,235,Table 10.40,ICMR AMRSN network surveillance data from tertiary-care hospitals; not hospital-specific; not community-representative.
Enterococcus spp.,urinary tract infection,Linezolid,88.6,,39,44,2023,2023-01-01 to 2023-12-31,India,ICMR HAI surveillance network,235,Table 10.40,ICMR AMRSN network surveillance data from tertiary-care hospitals; not hospital-specific; not community-representative.
Enterococcus spp.,urinary tract infection,Nitrofurantoin,43.2,,19,44,2023,2023-01-01 to 2023-12-31,India,ICMR HAI surveillance network,235,Table 10.40,ICMR AMRSN network surveillance data from tertiary-care hospitals; not hospital-specific; not community-representative.
Enterococcus spp.,urinary tract infection,Teicoplanin,,,8,14,2023,2023-01-01 to 2023-12-31,India,ICMR HAI surveillance network,235,Table 10.40,ICMR AMRSN network surveillance data from tertiary-care hospitals; not hospital-specific; not community-representative.
Enterococcus spp.,urinary tract infection,Tetracycline,,,3,16,2023,2023-01-01 to 2023-12-31,India,ICMR HAI surveillance network,235,Table 10.40,ICMR AMRSN network surveillance data from tertiary-care hospitals; not hospital-specific; not community-representative.
Enterococcus spp.,urinary tract infection,Vancomycin,86.4,,38,44,2023,2023-01-01 to 2023-12-31,India,ICMR HAI surveillance network,235,Table 10.40,ICMR AMRSN network surveillance data from tertiary-care hospitals; not hospital-specific; not community-representative.
Staphylococcus aureus,urinary tract infection,Clindamycin,,,2,2,2023,2023-01-01 to 2023-12-31,India,ICMR HAI surveillance network,236,Table 10.41,ICMR AMRSN network surveillance data from tertiary-care hospitals; not hospital-specific; not community-representative. Source footnote states the numbers are too low.
Staphylococcus aureus,urinary tract infection,Erythromycin,,,1,3,2023,2023-01-01 to 2023-12-31,India,ICMR HAI surveillance network,236,Table 10.41,ICMR AMRSN network surveillance data from tertiary-care hospitals; not hospital-specific; not community-representative. Source footnote states the numbers are too low.
Staphylococcus aureus,urinary tract infection,Linezolid,,,4,4,2023,2023-01-01 to 2023-12-31,India,ICMR HAI surveillance network,236,Table 10.41,ICMR AMRSN network surveillance data from tertiary-care hospitals; not hospital-specific; not community-representative. Source footnote states the numbers are too low.
Staphylococcus aureus,urinary tract infection,Teicoplanin,,,2,2,2023,2023-01-01 to 2023-12-31,India,ICMR HAI surveillance network,236,Table 10.41,ICMR AMRSN network surveillance data from tertiary-care hospitals; not hospital-specific; not community-representative. Source footnote states the numbers are too low.
Staphylococcus aureus,urinary tract infection,Tetracycline,,,1,1,2023,2023-01-01 to 2023-12-31,India,ICMR HAI surveillance network,236,Table 10.41,ICMR AMRSN network surveillance data from tertiary-care hospitals; not hospital-specific; not community-representative. Source footnote states the numbers are too low.
Staphylococcus aureus,urinary tract infection,Trimethoprim/Sulfamethoxazole,,,2,3,2023,2023-01-01 to 2023-12-31,India,ICMR HAI surveillance network,236,Table 10.41,ICMR AMRSN network surveillance data from tertiary-care hospitals; not hospital-specific; not community-representative. Source footnote states the numbers are too low.
Staphylococcus aureus,urinary tract infection,Vancomycin,,,2,2,2023,2023-01-01 to 2023-12-31,India,ICMR HAI surveillance network,236,Table 10.41,ICMR AMRSN network surveillance data from tertiary-care hospitals; not hospital-specific; not community-representative. Source footnote states the numbers are too low.
Acinetobacter baumannii,ventilator-associated pneumonia,Amikacin,2.7,,5,183,2023,2023-01-01 to 2023-12-31,India,ICMR HAI surveillance network,241,Table 10.45,"ICMR AMRSN network surveillance data from tertiary-care hospitals; not hospital-specific; not community-representative. Preliminary VAP surveillance; started toward the end of 2023, based on a few hospitals; definitions were being validated against global criteria."
Acinetobacter baumannii,ventilator-associated pneumonia,Amoxicillin-,15.5,,11,71,2023,2023-01-01 to 2023-12-31,India,ICMR HAI surveillance network,241,Table 10.45,"ICMR AMRSN network surveillance data from tertiary-care hospitals; not hospital-specific; not community-representative. Preliminary VAP surveillance; started toward the end of 2023, based on a few hospitals; definitions were being validated against global criteria."
Acinetobacter baumannii,ventilator-associated pneumonia,Ampicillin,15.5,,11,71,2023,2023-01-01 to 2023-12-31,India,ICMR HAI surveillance network,241,Table 10.45,"ICMR AMRSN network surveillance data from tertiary-care hospitals; not hospital-specific; not community-representative. Preliminary VAP surveillance; started toward the end of 2023, based on a few hospitals; definitions were being validated against global criteria."
Acinetobacter baumannii,ventilator-associated pneumonia,Cefazolin,15.5,,11,71,2023,2023-01-01 to 2023-12-31,India,ICMR HAI surveillance network,241,Table 10.45,"ICMR AMRSN network surveillance data from tertiary-care hospitals; not hospital-specific; not community-representative. Preliminary VAP surveillance; started toward the end of 2023, based on a few hospitals; definitions were being validated against global criteria."
Acinetobacter baumannii,ventilator-associated pneumonia,Cefepime,2.9,,5,171,2023,2023-01-01 to 2023-12-31,India,ICMR HAI surveillance network,241,Table 10.45,"ICMR AMRSN network surveillance data from tertiary-care hospitals; not hospital-specific; not community-representative. Preliminary VAP surveillance; started toward the end of 2023, based on a few hospitals; definitions were being validated against global criteria."
Acinetobacter baumannii,ventilator-associated pneumonia,Cefotaxime,1.5,,1,65,2023,2023-01-01 to 2023-12-31,India,ICMR HAI surveillance network,241,Table 10.45,"ICMR AMRSN network surveillance data from tertiary-care hospitals; not hospital-specific; not community-representative. Preliminary VAP surveillance; started toward the end of 2023, based on a few hospitals; definitions were being validated against global criteria."
Acinetobacter baumannii,ventilator-associated pneumonia,Ceftazidime,1.8,,3,169,2023,2023-01-01 to 2023-12-31,India,ICMR HAI surveillance network,241,Table 10.45,"ICMR AMRSN network surveillance data from tertiary-care hospitals; not hospital-specific; not community-representative. Preliminary VAP surveillance; started toward the end of 2023, based on a few hospitals; definitions were being validated against global criteria."
Acinetobacter baumannii,ventilator-associated pneumonia,Ceftriaxone,15.5,,11,71,2023,2023-01-01 to 2023-12-31,India,ICMR HAI surveillance network,241,Table 10.45,"ICMR AMRSN network surveillance data from tertiary-care hospitals; not hospital-specific; not community-representative. Preliminary VAP surveillance; started toward the end of 2023, based on a few hospitals; definitions were being validated against global criteria."
Acinetobacter baumannii,ventilator-associated pneumonia,Ciprofloxacin,1.7,,3,181,2023,2023-01-01 to 2023-12-31,India,ICMR HAI surveillance network,241,Table 10.45,"ICMR AMRSN network surveillance data from tertiary-care hospitals; not hospital-specific; not community-representative. Preliminary VAP surveillance; started toward the end of 2023, based on a few hospitals; definitions were being validated against global criteria."
Acinetobacter baumannii,ventilator-associated pneumonia,Colistin,97.6,,123,126,2023,2023-01-01 to 2023-12-31,India,ICMR HAI surveillance network,241,Table 10.45,"ICMR AMRSN network surveillance data from tertiary-care hospitals; not hospital-specific; not community-representative. Preliminary VAP surveillance; started toward the end of 2023, based on a few hospitals; definitions were being validated against global criteria."
Acinetobacter baumannii,ventilator-associated pneumonia,Gentamicin,5.1,,9,175,2023,2023-01-01 to 2023-12-31,India,ICMR HAI surveillance network,241,Table 10.45,"ICMR AMRSN network surveillance data from tertiary-care hospitals; not hospital-specific; not community-representative. Preliminary VAP surveillance; started toward the end of 2023, based on a few hospitals; definitions were being validated against global criteria."
Acinetobacter baumannii,ventilator-associated pneumonia,Imipenem,3.4,,6,179,2023,2023-01-01 to 2023-12-31,India,ICMR HAI surveillance network,241,Table 10.45,"ICMR AMRSN network surveillance data from tertiary-care hospitals; not hospital-specific; not community-representative. Preliminary VAP surveillance; started toward the end of 2023, based on a few hospitals; definitions were being validated against global criteria."
Acinetobacter baumannii,ventilator-associated pneumonia,Levofloxacin,4.2,,6,143,2023,2023-01-01 to 2023-12-31,India,ICMR HAI surveillance network,241,Table 10.45,"ICMR AMRSN network surveillance data from tertiary-care hospitals; not hospital-specific; not community-representative. Preliminary VAP surveillance; started toward the end of 2023, based on a few hospitals; definitions were being validated against global criteria."
Acinetobacter baumannii,ventilator-associated pneumonia,Meropenem,3.8,,7,185,2023,2023-01-01 to 2023-12-31,India,ICMR HAI surveillance network,241,Table 10.45,"ICMR AMRSN network surveillance data from tertiary-care hospitals; not hospital-specific; not community-representative. Preliminary VAP surveillance; started toward the end of 2023, based on a few hospitals; definitions were being validated against global criteria."
Acinetobacter baumannii,ventilator-associated pneumonia,Minocycline,53.8,,84,156,2023,2023-01-01 to 2023-12-31,India,ICMR HAI surveillance network,241,Table 10.45,"ICMR AMRSN network surveillance data from tertiary-care hospitals; not hospital-specific; not community-representative. Preliminary VAP surveillance; started toward the end of 2023, based on a few hospitals; definitions were being validated against global criteria."
Acinetobacter baumannii,ventilator-associated pneumonia,Netilmicin,,,3,12,2023,2023-01-01 to 2023-12-31,India,ICMR HAI surveillance network,241,Table 10.45,"ICMR AMRSN network surveillance data from tertiary-care hospitals; not hospital-specific; not community-representative. Preliminary VAP surveillance; started toward the end of 2023, based on a few hospitals; definitions were being validated against global criteria."
Acinetobacter baumannii,ventilator-associated pneumonia,Piperacillin,3.1,,1,32,2023,2023-01-01 to 2023-12-31,India,ICMR HAI surveillance network,241,Table 10.45,"ICMR AMRSN network surveillance data from tertiary-care hospitals; not hospital-specific; not community-representative. Preliminary VAP surveillance; started toward the end of 2023, based on a few hospitals; definitions were being validated against global criteria."
Acinetobacter baumannii,ventilator-associated pneumonia,Tetracycline,25.6,,10,39,2023,2023-01-01 to 2023-12-31,India,ICMR HAI surveillance network,241,Table 10.45,"ICMR AMRSN network surveillance data from tertiary-care hospitals; not hospital-specific; not community-representative. Preliminary VAP surveillance; started toward the end of 2023, based on a few hospitals; definitions were being validated against global criteria."
Acinetobacter baumannii,ventilator-associated pneumonia,Tigecycline,15.5,,11,71,2023,2023-01-01 to 2023-12-31,India,ICMR HAI surveillance network,241,Table 10.45,"ICMR AMRSN network surveillance data from tertiary-care hospitals; not hospital-specific; not community-representative. Preliminary VAP surveillance; started toward the end of 2023, based on a few hospitals; definitions were being validated against global criteria."
Acinetobacter baumannii,ventilator-associated pneumonia,Tobramycin,9.4,,5,53,2023,2023-01-01 to 2023-12-31,India,ICMR HAI surveillance network,241,Table 10.45,"ICMR AMRSN network surveillance data from tertiary-care hospitals; not hospital-specific; not community-representative. Preliminary VAP surveillance; started toward the end of 2023, based on a few hospitals; definitions were being validated against global criteria."
Enterobacterales,ventilator-associated pneumonia,Amikacin,34.5,,39,113,2023,2023-01-01 to 2023-12-31,India,ICMR HAI surveillance network,241,Table 10.45,"ICMR AMRSN network surveillance data from tertiary-care hospitals; not hospital-specific; not community-representative. Preliminary VAP surveillance; started toward the end of 2023, based on a few hospitals; definitions were being validated against global criteria."
Enterobacterales,ventilator-associated pneumonia,Amoxicillin-,19.4,,13,67,2023,2023-01-01 to 2023-12-31,India,ICMR HAI surveillance network,241,Table 10.45,"ICMR AMRSN network surveillance data from tertiary-care hospitals; not hospital-specific; not community-representative. Preliminary VAP surveillance; started toward the end of 2023, based on a few hospitals; definitions were being validated against global criteria."
Enterobacterales,ventilator-associated pneumonia,Ampicillin,19.4,,13,67,2023,2023-01-01 to 2023-12-31,India,ICMR HAI surveillance network,241,Table 10.45,"ICMR AMRSN network surveillance data from tertiary-care hospitals; not hospital-specific; not community-representative. Preliminary VAP surveillance; started toward the end of 2023, based on a few hospitals; definitions were being validated against global criteria."
Enterobacterales,ventilator-associated pneumonia,Cefazolin,22.2,,10,45,2023,2023-01-01 to 2023-12-31,India,ICMR HAI surveillance network,241,Table 10.45,"ICMR AMRSN network surveillance data from tertiary-care hospitals; not hospital-specific; not community-representative. Preliminary VAP surveillance; started toward the end of 2023, based on a few hospitals; definitions were being validated against global criteria."
Enterobacterales,ventilator-associated pneumonia,Cefepime,16.1,,18,112,2023,2023-01-01 to 2023-12-31,India,ICMR HAI surveillance network,241,Table 10.45,"ICMR AMRSN network surveillance data from tertiary-care hospitals; not hospital-specific; not community-representative. Preliminary VAP surveillance; started toward the end of 2023, based on a few hospitals; definitions were being validated against global criteria."
Enterobacterales,ventilator-associated pneumonia,Cefotaxime,17.6,,12,68,2023,2023-01-01 to 2023-12-31,India,ICMR HAI surveillance network,241,Table 10.45,"ICMR AMRSN network surveillance data from tertiary-care hospitals; not hospital-specific; not community-representative. Preliminary VAP surveillance; started toward the end of 2023, based on a few hospitals; definitions were being validated against global criteria."
Enterobacterales,ventilator-associated pneumonia,Ceftazidime,21.2,,11,52,2023,2023-01-01 to 2023-12-31,India,ICMR HAI surveillance network,241,Table 10.45,"ICMR AMRSN network surveillance data from tertiary-care hospitals; not hospital-specific; not community-representative. Preliminary VAP surveillance; started toward the end of 2023, based on a few hospitals; definitions were being validated against global criteria."
Enterobacterales,ventilator-associated pneumonia,Ceftriaxone,26.7,,12,45,2023,2023-01-01 to 2023-12-31,India,ICMR HAI surveillance network,241,Table 10.45,"ICMR AMRSN network surveillance data from tertiary-care hospitals; not hospital-specific; not community-representative. Preliminary VAP surveillance; started toward the end of 2023, based on a few hospitals; definitions were being validated against global criteria."
Enterobacterales,ventilator-associated pneumonia,Ciprofloxacin,14.8,,17,115,2023,2023-01-01 to 2023-12-31,India,ICMR HAI surveillance network,241,Table 10.45,"ICMR AMRSN network surveillance data from tertiary-care hospitals; not hospital-specific; not community-representative. Preliminary VAP surveillance; started toward the end of 2023, based on a few hospitals; definitions were being validated against global criteria."
Enterobacterales,ventilator-associated pneumonia,Colistin,80.3,,53,66,2023,2023-01-01 to 2023-12-31,India,ICMR HAI surveillance network,241,Table 10.45,"ICMR AMRSN network surveillance data from tertiary-care hospitals; not hospital-specific; not community-representative. Preliminary VAP surveillance; started toward the end of 2023, based on a few hospitals; definitions were being validated against global criteria."
Enterobacterales,ventilator-associated pneumonia,Gentamicin,30.9,,34,110,2023,2023-01-01 to 2023-12-31,India,ICMR HAI surveillance network,241,Table 10.45,"ICMR AMRSN network surveillance data from tertiary-care hospitals; not hospital-specific; not community-representative. Preliminary VAP surveillance; started toward the end of 2023, based on a few hospitals; definitions were being validated against global criteria."
Enterobacterales,ventilator-associated pneumonia,Imipenem,26.5,,30,113,2023,2023-01-01 to 2023-12-31,India,ICMR HAI surveillance network,241,Table 10.45,"ICMR AMRSN network surveillance data from tertiary-care hospitals; not hospital-specific; not community-representative. Preliminary VAP surveillance; started toward the end of 2023, based on a few hospitals; definitions were being validated against global criteria."
Enterobacterales,ventilator-associated pneumonia,Levofloxacin,19.1,,13,68,2023,2023-01-01 to 2023-12-31,India,ICMR HAI surveillance network,241,Table 10.45,"ICMR AMRSN network surveillance data from tertiary-care hospitals; not hospital-specific; not community-representative. Preliminary VAP surveillance; started toward the end of 2023, based on a few hospitals; definitions were being validated against global criteria."
Enterobacterales,ventilator-associated pneumonia,Meropenem,26.8,,30,112,2023,2023-01-01 to 2023-12-31,India,ICMR HAI surveillance network,241,Table 10.45,"ICMR AMRSN network surveillance data from tertiary-care hospitals; not hospital-specific; not community-representative. Preliminary VAP surveillance; started toward the end of 2023, based on a few hospitals; definitions were being validated against global criteria."
Enterobacterales,ventilator-associated pneumonia,Minocycline,44.6,,25,56,2023,2023-01-01 to 2023-12-31,India,ICMR HAI surveillance network,241,Table 10.45,"ICMR AMRSN network surveillance data from tertiary-care hospitals; not hospital-specific; not community-representative. Preliminary VAP surveillance; started toward the end of 2023, based on a few hospitals; definitions were being validated against global criteria."
Enterobacterales,ventilator-associated pneumonia,Netilmicin,19.4,,13,67,2023,2023-01-01 to 2023-12-31,India,ICMR HAI surveillance network,241,Table 10.45,"ICMR AMRSN network surveillance data from tertiary-care hospitals; not hospital-specific; not community-representative. Preliminary VAP surveillance; started toward the end of 2023, based on a few hospitals; definitions were being validated against global criteria."
Enterobacterales,ventilator-associated pneumonia,Piperacillin,19.4,,13,67,2023,2023-01-01 to 2023-12-31,India,ICMR HAI surveillance network,241,Table 10.45,"ICMR AMRSN network surveillance data from tertiary-care hospitals; not hospital-specific; not community-representative. Preliminary VAP surveillance; started toward the end of 2023, based on a few hospitals; definitions were being validated against global criteria."
Enterobacterales,ventilator-associated pneumonia,Tetracycline,35.7,,10,28,2023,2023-01-01 to 2023-12-31,India,ICMR HAI surveillance network,241,Table 10.45,"ICMR AMRSN network surveillance data from tertiary-care hospitals; not hospital-specific; not community-representative. Preliminary VAP surveillance; started toward the end of 2023, based on a few hospitals; definitions were being validated against global criteria."
Enterobacterales,ventilator-associated pneumonia,Tigecycline,58.6,,34,58,2023,2023-01-01 to 2023-12-31,India,ICMR HAI surveillance network,241,Table 10.45,"ICMR AMRSN network surveillance data from tertiary-care hospitals; not hospital-specific; not community-representative. Preliminary VAP surveillance; started toward the end of 2023, based on a few hospitals; definitions were being validated against global criteria."
Enterobacterales,ventilator-associated pneumonia,Tobramycin,19.4,,13,67,2023,2023-01-01 to 2023-12-31,India,ICMR HAI surveillance network,241,Table 10.45,"ICMR AMRSN network surveillance data from tertiary-care hospitals; not hospital-specific; not community-representative. Preliminary VAP surveillance; started toward the end of 2023, based on a few hospitals; definitions were being validated against global criteria."
Pseudomonas aeruginosa,ventilator-associated pneumonia,Amikacin,51.7,,31,60,2023,2023-01-01 to 2023-12-31,India,ICMR HAI surveillance network,241,Table 10.45,"ICMR AMRSN network surveillance data from tertiary-care hospitals; not hospital-specific; not community-representative. Preliminary VAP surveillance; started toward the end of 2023, based on a few hospitals; definitions were being validated against global criteria."
Pseudomonas aeruginosa,ventilator-associated pneumonia,Amoxicillin- Clavulanate,50.0,,10,20,2023,2023-01-01 to 2023-12-31,India,ICMR HAI surveillance network,241,Table 10.45,"ICMR AMRSN network surveillance data from tertiary-care hospitals; not hospital-specific; not community-representative. Preliminary VAP surveillance; started toward the end of 2023, based on a few hospitals; definitions were being validated against global criteria."
Pseudomonas aeruginosa,ventilator-associated pneumonia,Ampicillin,50.0,,10,20,2023,2023-01-01 to 2023-12-31,India,ICMR HAI surveillance network,241,Table 10.45,"ICMR AMRSN network surveillance data from tertiary-care hospitals; not hospital-specific; not community-representative. Preliminary VAP surveillance; started toward the end of 2023, based on a few hospitals; definitions were being validated against global criteria."
Pseudomonas aeruginosa,ventilator-associated pneumonia,Cefazolin,50.0,,10,20,2023,2023-01-01 to 2023-12-31,India,ICMR HAI surveillance network,241,Table 10.45,"ICMR AMRSN network surveillance data from tertiary-care hospitals; not hospital-specific; not community-representative. Preliminary VAP surveillance; started toward the end of 2023, based on a few hospitals; definitions were being validated against global criteria."
Pseudomonas aeruginosa,ventilator-associated pneumonia,Cefepime,28.6,,20,70,2023,2023-01-01 to 2023-12-31,India,ICMR HAI surveillance network,241,Table 10.45,"ICMR AMRSN network surveillance data from tertiary-care hospitals; not hospital-specific; not community-representative. Preliminary VAP surveillance; started toward the end of 2023, based on a few hospitals; definitions were being validated against global criteria."
Pseudomonas aeruginosa,ventilator-associated pneumonia,Cefotaxime,50.0,,10,20,2023,2023-01-01 to 2023-12-31,India,ICMR HAI surveillance network,241,Table 10.45,"ICMR AMRSN network surveillance data from tertiary-care hospitals; not hospital-specific; not community-representative. Preliminary VAP surveillance; started toward the end of 2023, based on a few hospitals; definitions were being validated against global criteria."
Pseudomonas aeruginosa,ventilator-associated pneumonia,Ceftazidime,38.0,,27,71,2023,2023-01-01 to 2023-12-31,India,ICMR HAI surveillance network,241,Table 10.45,"ICMR AMRSN network surveillance data from tertiary-care hospitals; not hospital-specific; not community-representative. Preliminary VAP surveillance; started toward the end of 2023, based on a few hospitals; definitions were being validated against global criteria."
Pseudomonas aeruginosa,ventilator-associated pneumonia,Ceftriaxone,50.0,,10,20,2023,2023-01-01 to 2023-12-31,India,ICMR HAI surveillance network,241,Table 10.45,"ICMR AMRSN network surveillance data from tertiary-care hospitals; not hospital-specific; not community-representative. Preliminary VAP surveillance; started toward the end of 2023, based on a few hospitals; definitions were being validated against global criteria."
Pseudomonas aeruginosa,ventilator-associated pneumonia,Ciprofloxacin,36.8,,25,68,2023,2023-01-01 to 2023-12-31,India,ICMR HAI surveillance network,241,Table 10.45,"ICMR AMRSN network surveillance data from tertiary-care hospitals; not hospital-specific; not community-representative. Preliminary VAP surveillance; started toward the end of 2023, based on a few hospitals; definitions were being validated against global criteria."
Pseudomonas aeruginosa,ventilator-associated pneumonia,Colistin,96.3,,26,27,2023,2023-01-01 to 2023-12-31,India,ICMR HAI surveillance network,241,Table 10.45,"ICMR AMRSN network surveillance data from tertiary-care hospitals; not hospital-specific; not community-representative. Preliminary VAP surveillance; started toward the end of 2023, based on a few hospitals; definitions were being validated against global criteria."
Pseudomonas aeruginosa,ventilator-associated pneumonia,Gentamicin,41.7,,15,36,2023,2023-01-01 to 2023-12-31,India,ICMR HAI surveillance network,241,Table 10.45,"ICMR AMRSN network surveillance data from tertiary-care hospitals; not hospital-specific; not community-representative. Preliminary VAP surveillance; started toward the end of 2023, based on a few hospitals; definitions were being validated against global criteria."
Pseudomonas aeruginosa,ventilator-associated pneumonia,Imipenem,31.9,,22,69,2023,2023-01-01 to 2023-12-31,India,ICMR HAI surveillance network,241,Table 10.45,"ICMR AMRSN network surveillance data from tertiary-care hospitals; not hospital-specific; not community-representative. Preliminary VAP surveillance; started toward the end of 2023, based on a few hospitals; definitions were being validated against global criteria."
Pseudomonas aeruginosa,ventilator-associated pneumonia,Levofloxacin,26.5,,18,68,2023,2023-01-01 to 2023-12-31,India,ICMR HAI surveillance network,241,Table 10.45,"ICMR AMRSN network surveillance data from tertiary-care hospitals; not hospital-specific; not community-representative. Preliminary VAP surveillance; started toward the end of 2023, based on a few hospitals; definitions were being validated against global criteria."
Pseudomonas aeruginosa,ventilator-associated pneumonia,Meropenem,36.1,,26,72,2023,2023-01-01 to 2023-12-31,India,ICMR HAI surveillance network,241,Table 10.45,"ICMR AMRSN network surveillance data from tertiary-care hospitals; not hospital-specific; not community-representative. Preliminary VAP surveillance; started toward the end of 2023, based on a few hospitals; definitions were being validated against global criteria."
Pseudomonas aeruginosa,ventilator-associated pneumonia,Minocycline,50.0,,10,20,2023,2023-01-01 to 2023-12-31,India,ICMR HAI surveillance network,241,Table 10.45,"ICMR AMRSN network surveillance data from tertiary-care hospitals; not hospital-specific; not community-representative. Preliminary VAP surveillance; started toward the end of 2023, based on a few hospitals; definitions were being validated against global criteria."
Pseudomonas aeruginosa,ventilator-associated pneumonia,Netilmicin,,,8,13,2023,2023-01-01 to 2023-12-31,India,ICMR HAI surveillance network,241,Table 10.45,"ICMR AMRSN network surveillance data from tertiary-care hospitals; not hospital-specific; not community-representative. Preliminary VAP surveillance; started toward the end of 2023, based on a few hospitals; definitions were being validated against global criteria."
Pseudomonas aeruginosa,ventilator-associated pneumonia,Piperacillin,50.0,,10,20,2023,2023-01-01 to 2023-12-31,India,ICMR HAI surveillance network,241,Table 10.45,"ICMR AMRSN network surveillance data from tertiary-care hospitals; not hospital-specific; not community-representative. Preliminary VAP surveillance; started toward the end of 2023, based on a few hospitals; definitions were being validated against global criteria."
Pseudomonas aeruginosa,ventilator-associated pneumonia,Tetracycline,50.0,,10,20,2023,2023-01-01 to 2023-12-31,India,ICMR HAI surveillance network,241,Table 10.45,"ICMR AMRSN network surveillance data from tertiary-care hospitals; not hospital-specific; not community-representative. Preliminary VAP surveillance; started toward the end of 2023, based on a few hospitals; definitions were being validated against global criteria."
Pseudomonas aeruginosa,ventilator-associated pneumonia,Tobramycin,48.8,,20,41,2023,2023-01-01 to 2023-12-31,India,ICMR HAI surveillance network,241,Table 10.45,"ICMR AMRSN network surveillance data from tertiary-care hospitals; not hospital-specific; not community-representative. Preliminary VAP surveillance; started toward the end of 2023, based on a few hospitals; definitions were being validated against global criteria."
