organism,whonet_org_code,generic,reference_table
achromobacter xylosoxidans,axy,amoxicillin,Non-Enterobacterales
achromobacter xylosoxidans,axy,ampicillin,Non-Enterobacterales
achromobacter xylosoxidans,axy,cefotaxime,Non-Enterobacterales
achromobacter xylosoxidans,axy,ceftriaxone,Non-Enterobacterales
achromobacter xylosoxidans,axy,ertapenem,Non-Enterobacterales
achromobacter xylosoxidans ss. xylosoxidans,axy,amoxicillin,Non-Enterobacterales
achromobacter xylosoxidans ss. xylosoxidans,axy,ampicillin,Non-Enterobacterales
achromobacter xylosoxidans ss. xylosoxidans,axy,cefotaxime,Non-Enterobacterales
achromobacter xylosoxidans ss. xylosoxidans,axy,ceftriaxone,Non-Enterobacterales
achromobacter xylosoxidans ss. xylosoxidans,axy,ertapenem,Non-Enterobacterales
acinetobacter baumannii,aba,amoxicillin,Non-Enterobacterales
acinetobacter baumannii,aba,amoxicillin/clavulanic acid,Non-Enterobacterales
acinetobacter baumannii,aba,ampicillin,Non-Enterobacterales
acinetobacter baumannii,aba,azithromycin,Non-Enterobacterales
acinetobacter baumannii,aba,aztreonam,Non-Enterobacterales
acinetobacter baumannii,aba,cefazolin,Non-Enterobacterales
acinetobacter baumannii,aba,cefotetan,Non-Enterobacterales
acinetobacter baumannii,aba,cefoxitin,Non-Enterobacterales
acinetobacter baumannii,aba,cefuroxime,Non-Enterobacterales
acinetobacter baumannii,aba,cephalothin,Non-Enterobacterales
acinetobacter baumannii,aba,chloramphenicol,Non-Enterobacterales
acinetobacter baumannii,aba,clarithromycin,Non-Enterobacterales
acinetobacter baumannii,aba,clindamycin,Non-Enterobacterales
acinetobacter baumannii,aba,daptomycin,Non-Enterobacterales
acinetobacter baumannii,aba,ertapenem,Non-Enterobacterales
acinetobacter baumannii,aba,erythromycin,Non-Enterobacterales
acinetobacter baumannii,aba,fosfomycin,Non-Enterobacterales
acinetobacter baumannii,aba,fusidic acid,Non-Enterobacterales
acinetobacter baumannii,aba,linezolid,Non-Enterobacterales
acinetobacter baumannii,aba,penicillin g,Non-Enterobacterales
acinetobacter baumannii,aba,quinupristin/dalfopristin,Non-Enterobacterales
acinetobacter baumannii,aba,trimethoprim,Non-Enterobacterales
acinetobacter baumannii,aba,vancomycin,Non-Enterobacterales
acinetobacter calcoaceticus,aca,amoxicillin,Non-Enterobacterales
acinetobacter calcoaceticus,aca,amoxicillin/clavulanic acid,Non-Enterobacterales
acinetobacter calcoaceticus,aca,ampicillin,Non-Enterobacterales
acinetobacter calcoaceticus,aca,azithromycin,Non-Enterobacterales
acinetobacter calcoaceticus,aca,aztreonam,Non-Enterobacterales
acinetobacter calcoaceticus,aca,cefazolin,Non-Enterobacterales
acinetobacter calcoaceticus,aca,cefotetan,Non-Enterobacterales
acinetobacter calcoaceticus,aca,cefoxitin,Non-Enterobacterales
acinetobacter calcoaceticus,aca,cefuroxime,Non-Enterobacterales
acinetobacter calcoaceticus,aca,cephalothin,Non-Enterobacterales
acinetobacter calcoaceticus,aca,chloramphenicol,Non-Enterobacterales
acinetobacter calcoaceticus,aca,clarithromycin,Non-Enterobacterales
acinetobacter calcoaceticus,aca,clindamycin,Non-Enterobacterales
acinetobacter calcoaceticus,aca,daptomycin,Non-Enterobacterales
acinetobacter calcoaceticus,aca,ertapenem,Non-Enterobacterales
acinetobacter calcoaceticus,aca,erythromycin,Non-Enterobacterales
acinetobacter calcoaceticus,aca,fosfomycin,Non-Enterobacterales
acinetobacter calcoaceticus,aca,fusidic acid,Non-Enterobacterales
acinetobacter calcoaceticus,aca,linezolid,Non-Enterobacterales
acinetobacter calcoaceticus,aca,penicillin g,Non-Enterobacterales
acinetobacter calcoaceticus,aca,quinupristin/dalfopristin,Non-Enterobacterales
acinetobacter calcoaceticus,aca,trimethoprim,Non-Enterobacterales
acinetobacter calcoaceticus,aca,vancomycin,Non-Enterobacterales
acinetobacter calcoaceticus-baumannii complex,abx,amoxicillin,Non-Enterobacterales
acinetobacter calcoaceticus-baumannii complex,abx,amoxicillin/clavulanic acid,Non-Enterobacterales
acinetobacter calcoaceticus-baumannii complex,abx,ampicillin,Non-Enterobacterales
acinetobacter calcoaceticus-baumannii complex,abx,azithromycin,Non-Enterobacterales
acinetobacter calcoaceticus-baumannii complex,abx,aztreonam,Non-Enterobacterales
acinetobacter calcoaceticus-baumannii complex,abx,cefazolin,Non-Enterobacterales
acinetobacter calcoaceticus-baumannii complex,abx,cefotetan,Non-Enterobacterales
acinetobacter calcoaceticus-baumannii complex,abx,cefoxitin,Non-Enterobacterales
acinetobacter calcoaceticus-baumannii complex,abx,cefuroxime,Non-Enterobacterales
acinetobacter calcoaceticus-baumannii complex,abx,cephalothin,Non-Enterobacterales
acinetobacter calcoaceticus-baumannii complex,abx,chloramphenicol,Non-Enterobacterales
acinetobacter calcoaceticus-baumannii complex,abx,clarithromycin,Non-Enterobacterales
acinetobacter calcoaceticus-baumannii complex,abx,clindamycin,Non-Enterobacterales
acinetobacter calcoaceticus-baumannii complex,abx,daptomycin,Non-Enterobacterales
acinetobacter calcoaceticus-baumannii complex,abx,ertapenem,Non-Enterobacterales
acinetobacter calcoaceticus-baumannii complex,abx,erythromycin,Non-Enterobacterales
acinetobacter calcoaceticus-baumannii complex,abx,fosfomycin,Non-Enterobacterales
acinetobacter calcoaceticus-baumannii complex,abx,fusidic acid,Non-Enterobacterales
acinetobacter calcoaceticus-baumannii complex,abx,linezolid,Non-Enterobacterales
acinetobacter calcoaceticus-baumannii complex,abx,penicillin g,Non-Enterobacterales
acinetobacter calcoaceticus-baumannii complex,abx,quinupristin/dalfopristin,Non-Enterobacterales
acinetobacter calcoaceticus-baumannii complex,abx,trimethoprim,Non-Enterobacterales
acinetobacter calcoaceticus-baumannii complex,abx,vancomycin,Non-Enterobacterales
acinetobacter dijkshoorniae,adi,amoxicillin,Non-Enterobacterales
acinetobacter dijkshoorniae,adi,amoxicillin/clavulanic acid,Non-Enterobacterales
acinetobacter dijkshoorniae,adi,ampicillin,Non-Enterobacterales
acinetobacter dijkshoorniae,adi,azithromycin,Non-Enterobacterales
acinetobacter dijkshoorniae,adi,aztreonam,Non-Enterobacterales
acinetobacter dijkshoorniae,adi,cefazolin,Non-Enterobacterales
acinetobacter dijkshoorniae,adi,cefotetan,Non-Enterobacterales
acinetobacter dijkshoorniae,adi,cefoxitin,Non-Enterobacterales
acinetobacter dijkshoorniae,adi,cefuroxime,Non-Enterobacterales
acinetobacter dijkshoorniae,adi,cephalothin,Non-Enterobacterales
acinetobacter dijkshoorniae,adi,chloramphenicol,Non-Enterobacterales
acinetobacter dijkshoorniae,adi,clarithromycin,Non-Enterobacterales
acinetobacter dijkshoorniae,adi,clindamycin,Non-Enterobacterales
acinetobacter dijkshoorniae,adi,daptomycin,Non-Enterobacterales
acinetobacter dijkshoorniae,adi,ertapenem,Non-Enterobacterales
acinetobacter dijkshoorniae,adi,erythromycin,Non-Enterobacterales
acinetobacter dijkshoorniae,adi,fosfomycin,Non-Enterobacterales
acinetobacter dijkshoorniae,adi,fusidic acid,Non-Enterobacterales
acinetobacter dijkshoorniae,adi,linezolid,Non-Enterobacterales
acinetobacter dijkshoorniae,adi,penicillin g,Non-Enterobacterales
acinetobacter dijkshoorniae,adi,quinupristin/dalfopristin,Non-Enterobacterales
acinetobacter dijkshoorniae,adi,trimethoprim,Non-Enterobacterales
acinetobacter dijkshoorniae,adi,vancomycin,Non-Enterobacterales
acinetobacter genospecies 13tu,ano,amoxicillin,Non-Enterobacterales
acinetobacter genospecies 13tu,ano,amoxicillin/clavulanic acid,Non-Enterobacterales
acinetobacter genospecies 13tu,ano,ampicillin,Non-Enterobacterales
acinetobacter genospecies 13tu,ano,azithromycin,Non-Enterobacterales
acinetobacter genospecies 13tu,ano,aztreonam,Non-Enterobacterales
acinetobacter genospecies 13tu,ano,cefazolin,Non-Enterobacterales
acinetobacter genospecies 13tu,ano,cefotetan,Non-Enterobacterales
acinetobacter genospecies 13tu,ano,cefoxitin,Non-Enterobacterales
acinetobacter genospecies 13tu,ano,cefuroxime,Non-Enterobacterales
acinetobacter genospecies 13tu,ano,cephalothin,Non-Enterobacterales
acinetobacter genospecies 13tu,ano,chloramphenicol,Non-Enterobacterales
acinetobacter genospecies 13tu,ano,clarithromycin,Non-Enterobacterales
acinetobacter genospecies 13tu,ano,clindamycin,Non-Enterobacterales
acinetobacter genospecies 13tu,ano,daptomycin,Non-Enterobacterales
acinetobacter genospecies 13tu,ano,ertapenem,Non-Enterobacterales
acinetobacter genospecies 13tu,ano,erythromycin,Non-Enterobacterales
acinetobacter genospecies 13tu,ano,fosfomycin,Non-Enterobacterales
acinetobacter genospecies 13tu,ano,fusidic acid,Non-Enterobacterales
acinetobacter genospecies 13tu,ano,linezolid,Non-Enterobacterales
acinetobacter genospecies 13tu,ano,penicillin g,Non-Enterobacterales
acinetobacter genospecies 13tu,ano,quinupristin/dalfopristin,Non-Enterobacterales
acinetobacter genospecies 13tu,ano,trimethoprim,Non-Enterobacterales
acinetobacter genospecies 13tu,ano,vancomycin,Non-Enterobacterales
acinetobacter nosocomialis,ano,amoxicillin,Non-Enterobacterales
acinetobacter nosocomialis,ano,amoxicillin/clavulanic acid,Non-Enterobacterales
acinetobacter nosocomialis,ano,ampicillin,Non-Enterobacterales
acinetobacter nosocomialis,ano,azithromycin,Non-Enterobacterales
acinetobacter nosocomialis,ano,aztreonam,Non-Enterobacterales
acinetobacter nosocomialis,ano,cefazolin,Non-Enterobacterales
acinetobacter nosocomialis,ano,cefotetan,Non-Enterobacterales
acinetobacter nosocomialis,ano,cefoxitin,Non-Enterobacterales
acinetobacter nosocomialis,ano,cefuroxime,Non-Enterobacterales
acinetobacter nosocomialis,ano,cephalothin,Non-Enterobacterales
acinetobacter nosocomialis,ano,chloramphenicol,Non-Enterobacterales
acinetobacter nosocomialis,ano,clarithromycin,Non-Enterobacterales
acinetobacter nosocomialis,ano,clindamycin,Non-Enterobacterales
acinetobacter nosocomialis,ano,daptomycin,Non-Enterobacterales
acinetobacter nosocomialis,ano,ertapenem,Non-Enterobacterales
acinetobacter nosocomialis,ano,erythromycin,Non-Enterobacterales
acinetobacter nosocomialis,ano,fosfomycin,Non-Enterobacterales
acinetobacter nosocomialis,ano,fusidic acid,Non-Enterobacterales
acinetobacter nosocomialis,ano,linezolid,Non-Enterobacterales
acinetobacter nosocomialis,ano,penicillin g,Non-Enterobacterales
acinetobacter nosocomialis,ano,quinupristin/dalfopristin,Non-Enterobacterales
acinetobacter nosocomialis,ano,trimethoprim,Non-Enterobacterales
acinetobacter nosocomialis,ano,vancomycin,Non-Enterobacterales
acinetobacter pittii,apt,amoxicillin,Non-Enterobacterales
acinetobacter pittii,apt,amoxicillin/clavulanic acid,Non-Enterobacterales
acinetobacter pittii,apt,ampicillin,Non-Enterobacterales
acinetobacter pittii,apt,azithromycin,Non-Enterobacterales
acinetobacter pittii,apt,aztreonam,Non-Enterobacterales
acinetobacter pittii,apt,cefazolin,Non-Enterobacterales
acinetobacter pittii,apt,cefotetan,Non-Enterobacterales
acinetobacter pittii,apt,cefoxitin,Non-Enterobacterales
acinetobacter pittii,apt,cefuroxime,Non-Enterobacterales
acinetobacter pittii,apt,cephalothin,Non-Enterobacterales
acinetobacter pittii,apt,chloramphenicol,Non-Enterobacterales
acinetobacter pittii,apt,clarithromycin,Non-Enterobacterales
acinetobacter pittii,apt,clindamycin,Non-Enterobacterales
acinetobacter pittii,apt,daptomycin,Non-Enterobacterales
acinetobacter pittii,apt,ertapenem,Non-Enterobacterales
acinetobacter pittii,apt,erythromycin,Non-Enterobacterales
acinetobacter pittii,apt,fosfomycin,Non-Enterobacterales
acinetobacter pittii,apt,fusidic acid,Non-Enterobacterales
acinetobacter pittii,apt,linezolid,Non-Enterobacterales
acinetobacter pittii,apt,penicillin g,Non-Enterobacterales
acinetobacter pittii,apt,quinupristin/dalfopristin,Non-Enterobacterales
acinetobacter pittii,apt,trimethoprim,Non-Enterobacterales
acinetobacter pittii,apt,vancomycin,Non-Enterobacterales
acinetobacter seifertti,ase,amoxicillin,Non-Enterobacterales
acinetobacter seifertti,ase,amoxicillin/clavulanic acid,Non-Enterobacterales
acinetobacter seifertti,ase,ampicillin,Non-Enterobacterales
acinetobacter seifertti,ase,azithromycin,Non-Enterobacterales
acinetobacter seifertti,ase,aztreonam,Non-Enterobacterales
acinetobacter seifertti,ase,cefazolin,Non-Enterobacterales
acinetobacter seifertti,ase,cefotetan,Non-Enterobacterales
acinetobacter seifertti,ase,cefoxitin,Non-Enterobacterales
acinetobacter seifertti,ase,cefuroxime,Non-Enterobacterales
acinetobacter seifertti,ase,cephalothin,Non-Enterobacterales
acinetobacter seifertti,ase,chloramphenicol,Non-Enterobacterales
acinetobacter seifertti,ase,clarithromycin,Non-Enterobacterales
acinetobacter seifertti,ase,clindamycin,Non-Enterobacterales
acinetobacter seifertti,ase,daptomycin,Non-Enterobacterales
acinetobacter seifertti,ase,ertapenem,Non-Enterobacterales
acinetobacter seifertti,ase,erythromycin,Non-Enterobacterales
acinetobacter seifertti,ase,fosfomycin,Non-Enterobacterales
acinetobacter seifertti,ase,fusidic acid,Non-Enterobacterales
acinetobacter seifertti,ase,linezolid,Non-Enterobacterales
acinetobacter seifertti,ase,penicillin g,Non-Enterobacterales
acinetobacter seifertti,ase,quinupristin/dalfopristin,Non-Enterobacterales
acinetobacter seifertti,ase,trimethoprim,Non-Enterobacterales
acinetobacter seifertti,ase,vancomycin,Non-Enterobacterales
alcaligenes xylosoxidans,axy,amoxicillin,Non-Enterobacterales
alcaligenes xylosoxidans,axy,ampicillin,Non-Enterobacterales
alcaligenes xylosoxidans,axy,cefotaxime,Non-Enterobacterales
alcaligenes xylosoxidans,axy,ceftriaxone,Non-Enterobacterales
alcaligenes xylosoxidans,axy,ertapenem,Non-Enterobacterales
alcaligenes xylosoxidans ss. xylosoxidans,axy,amoxicillin,Non-Enterobacterales
alcaligenes xylosoxidans ss. xylosoxidans,axy,ampicillin,Non-Enterobacterales
alcaligenes xylosoxidans ss. xylosoxidans,axy,cefotaxime,Non-Enterobacterales
alcaligenes xylosoxidans ss. xylosoxidans,axy,ceftriaxone,Non-Enterobacterales
alcaligenes xylosoxidans ss. xylosoxidans,axy,ertapenem,Non-Enterobacterales
arcobacter butzleri,abu,cephalothin,Other gram-negatives (Vet)
arcobacter cryaerophilus,acy,cephalothin,Other gram-negatives (Vet)
arcobacter skirrowii,ask,cephalothin,Other gram-negatives (Vet)
bacillus cereus,bce,penicillin g,Other gram-positives (Vet)
bacteroides caccae,bcc,amikacin,Anaerobic Gram-Negative Bacilli
bacteroides caccae,bcc,ampicillin,Anaerobic Gram-Negative Bacilli
bacteroides caccae,bcc,gentamicin,Anaerobic Gram-Negative Bacilli
bacteroides caccae,bcc,gentamicin-high,Anaerobic Gram-Negative Bacilli
bacteroides caccae,bcc,kanamycin,Anaerobic Gram-Negative Bacilli
bacteroides caccae,bcc,kanamycin-high,Anaerobic Gram-Negative Bacilli
bacteroides caccae,bcc,neomycin,Anaerobic Gram-Negative Bacilli
bacteroides caccae,bcc,netilmicin,Anaerobic Gram-Negative Bacilli
bacteroides caccae,bcc,penicillin g,Anaerobic Gram-Negative Bacilli
bacteroides caccae,bcc,plazomicin,Anaerobic Gram-Negative Bacilli
bacteroides caccae,bcc,streptomycin,Anaerobic Gram-Negative Bacilli
bacteroides caccae,bcc,streptomycin-high,Anaerobic Gram-Negative Bacilli
bacteroides caccae,bcc,tobramycin,Anaerobic Gram-Negative Bacilli
bacteroides coagulans,bco,amikacin,Anaerobic Gram-Negative Bacilli
bacteroides coagulans,bco,ampicillin,Anaerobic Gram-Negative Bacilli
bacteroides coagulans,bco,gentamicin,Anaerobic Gram-Negative Bacilli
bacteroides coagulans,bco,gentamicin-high,Anaerobic Gram-Negative Bacilli
bacteroides coagulans,bco,kanamycin,Anaerobic Gram-Negative Bacilli
bacteroides coagulans,bco,kanamycin-high,Anaerobic Gram-Negative Bacilli
bacteroides coagulans,bco,neomycin,Anaerobic Gram-Negative Bacilli
bacteroides coagulans,bco,netilmicin,Anaerobic Gram-Negative Bacilli
bacteroides coagulans,bco,penicillin g,Anaerobic Gram-Negative Bacilli
bacteroides coagulans,bco,plazomicin,Anaerobic Gram-Negative Bacilli
bacteroides coagulans,bco,streptomycin,Anaerobic Gram-Negative Bacilli
bacteroides coagulans,bco,streptomycin-high,Anaerobic Gram-Negative Bacilli
bacteroides coagulans,bco,tobramycin,Anaerobic Gram-Negative Bacilli
bacteroides eggerthii,beg,amikacin,Anaerobic Gram-Negative Bacilli
bacteroides eggerthii,beg,ampicillin,Anaerobic Gram-Negative Bacilli
bacteroides eggerthii,beg,gentamicin,Anaerobic Gram-Negative Bacilli
bacteroides eggerthii,beg,gentamicin-high,Anaerobic Gram-Negative Bacilli
bacteroides eggerthii,beg,kanamycin,Anaerobic Gram-Negative Bacilli
bacteroides eggerthii,beg,kanamycin-high,Anaerobic Gram-Negative Bacilli
bacteroides eggerthii,beg,neomycin,Anaerobic Gram-Negative Bacilli
bacteroides eggerthii,beg,netilmicin,Anaerobic Gram-Negative Bacilli
bacteroides eggerthii,beg,penicillin g,Anaerobic Gram-Negative Bacilli
bacteroides eggerthii,beg,plazomicin,Anaerobic Gram-Negative Bacilli
bacteroides eggerthii,beg,streptomycin,Anaerobic Gram-Negative Bacilli
bacteroides eggerthii,beg,streptomycin-high,Anaerobic Gram-Negative Bacilli
bacteroides eggerthii,beg,tobramycin,Anaerobic Gram-Negative Bacilli
bacteroides fragilis,bfr,amikacin,Anaerobic Gram-Negative Bacilli
bacteroides fragilis,bfr,ampicillin,Anaerobic Gram-Negative Bacilli
bacteroides fragilis,bfr,gentamicin,Anaerobic Gram-Negative Bacilli
bacteroides fragilis,bfr,gentamicin-high,Anaerobic Gram-Negative Bacilli
bacteroides fragilis,bfr,kanamycin,Anaerobic Gram-Negative Bacilli
bacteroides fragilis,bfr,kanamycin-high,Anaerobic Gram-Negative Bacilli
bacteroides fragilis,bfr,neomycin,Anaerobic Gram-Negative Bacilli
bacteroides fragilis,bfr,netilmicin,Anaerobic Gram-Negative Bacilli
bacteroides fragilis,bfr,penicillin g,Anaerobic Gram-Negative Bacilli
bacteroides fragilis,bfr,plazomicin,Anaerobic Gram-Negative Bacilli
bacteroides fragilis,bfr,streptomycin,Anaerobic Gram-Negative Bacilli
bacteroides fragilis,bfr,streptomycin-high,Anaerobic Gram-Negative Bacilli
bacteroides fragilis,bfr,tobramycin,Anaerobic Gram-Negative Bacilli
bacteroides fragilis group,bfg,amikacin,Anaerobic Gram-Negative Bacilli
bacteroides fragilis group,bfg,ampicillin,Anaerobic Gram-Negative Bacilli
bacteroides fragilis group,bfg,gentamicin,Anaerobic Gram-Negative Bacilli
bacteroides fragilis group,bfg,gentamicin-high,Anaerobic Gram-Negative Bacilli
bacteroides fragilis group,bfg,kanamycin,Anaerobic Gram-Negative Bacilli
bacteroides fragilis group,bfg,kanamycin-high,Anaerobic Gram-Negative Bacilli
bacteroides fragilis group,bfg,neomycin,Anaerobic Gram-Negative Bacilli
bacteroides fragilis group,bfg,netilmicin,Anaerobic Gram-Negative Bacilli
bacteroides fragilis group,bfg,penicillin g,Anaerobic Gram-Negative Bacilli
bacteroides fragilis group,bfg,plazomicin,Anaerobic Gram-Negative Bacilli
bacteroides fragilis group,bfg,streptomycin,Anaerobic Gram-Negative Bacilli
bacteroides fragilis group,bfg,streptomycin-high,Anaerobic Gram-Negative Bacilli
bacteroides fragilis group,bfg,tobramycin,Anaerobic Gram-Negative Bacilli
bacteroides nordii,btn,amikacin,Anaerobic Gram-Negative Bacilli
bacteroides nordii,btn,ampicillin,Anaerobic Gram-Negative Bacilli
bacteroides nordii,btn,gentamicin,Anaerobic Gram-Negative Bacilli
bacteroides nordii,btn,gentamicin-high,Anaerobic Gram-Negative Bacilli
bacteroides nordii,btn,kanamycin,Anaerobic Gram-Negative Bacilli
bacteroides nordii,btn,kanamycin-high,Anaerobic Gram-Negative Bacilli
bacteroides nordii,btn,neomycin,Anaerobic Gram-Negative Bacilli
bacteroides nordii,btn,netilmicin,Anaerobic Gram-Negative Bacilli
bacteroides nordii,btn,penicillin g,Anaerobic Gram-Negative Bacilli
bacteroides nordii,btn,plazomicin,Anaerobic Gram-Negative Bacilli
bacteroides nordii,btn,streptomycin,Anaerobic Gram-Negative Bacilli
bacteroides nordii,btn,streptomycin-high,Anaerobic Gram-Negative Bacilli
bacteroides nordii,btn,tobramycin,Anaerobic Gram-Negative Bacilli
bacteroides ovatus,bov,amikacin,Anaerobic Gram-Negative Bacilli
bacteroides ovatus,bov,ampicillin,Anaerobic Gram-Negative Bacilli
bacteroides ovatus,bov,gentamicin,Anaerobic Gram-Negative Bacilli
bacteroides ovatus,bov,gentamicin-high,Anaerobic Gram-Negative Bacilli
bacteroides ovatus,bov,kanamycin,Anaerobic Gram-Negative Bacilli
bacteroides ovatus,bov,kanamycin-high,Anaerobic Gram-Negative Bacilli
bacteroides ovatus,bov,neomycin,Anaerobic Gram-Negative Bacilli
bacteroides ovatus,bov,netilmicin,Anaerobic Gram-Negative Bacilli
bacteroides ovatus,bov,penicillin g,Anaerobic Gram-Negative Bacilli
bacteroides ovatus,bov,plazomicin,Anaerobic Gram-Negative Bacilli
bacteroides ovatus,bov,streptomycin,Anaerobic Gram-Negative Bacilli
bacteroides ovatus,bov,streptomycin-high,Anaerobic Gram-Negative Bacilli
bacteroides ovatus,bov,tobramycin,Anaerobic Gram-Negative Bacilli
bacteroides pyogenes,bte,amikacin,Anaerobic Gram-Negative Bacilli
bacteroides pyogenes,bte,ampicillin,Anaerobic Gram-Negative Bacilli
bacteroides pyogenes,bte,gentamicin,Anaerobic Gram-Negative Bacilli
bacteroides pyogenes,bte,gentamicin-high,Anaerobic Gram-Negative Bacilli
bacteroides pyogenes,bte,kanamycin,Anaerobic Gram-Negative Bacilli
bacteroides pyogenes,bte,kanamycin-high,Anaerobic Gram-Negative Bacilli
bacteroides pyogenes,bte,neomycin,Anaerobic Gram-Negative Bacilli
bacteroides pyogenes,bte,netilmicin,Anaerobic Gram-Negative Bacilli
bacteroides pyogenes,bte,penicillin g,Anaerobic Gram-Negative Bacilli
bacteroides pyogenes,bte,plazomicin,Anaerobic Gram-Negative Bacilli
bacteroides pyogenes,bte,streptomycin,Anaerobic Gram-Negative Bacilli
bacteroides pyogenes,bte,streptomycin-high,Anaerobic Gram-Negative Bacilli
bacteroides pyogenes,bte,tobramycin,Anaerobic Gram-Negative Bacilli
bacteroides sp.,bac,amikacin,Anaerobic Gram-Negative Bacilli
bacteroides sp.,bac,ampicillin,Anaerobic Gram-Negative Bacilli
bacteroides sp.,bac,gentamicin,Anaerobic Gram-Negative Bacilli
bacteroides sp.,bac,gentamicin-high,Anaerobic Gram-Negative Bacilli
bacteroides sp.,bac,kanamycin,Anaerobic Gram-Negative Bacilli
bacteroides sp.,bac,kanamycin-high,Anaerobic Gram-Negative Bacilli
bacteroides sp.,bac,neomycin,Anaerobic Gram-Negative Bacilli
bacteroides sp.,bac,netilmicin,Anaerobic Gram-Negative Bacilli
bacteroides sp.,bac,penicillin g,Anaerobic Gram-Negative Bacilli
bacteroides sp.,bac,plazomicin,Anaerobic Gram-Negative Bacilli
bacteroides sp.,bac,streptomycin,Anaerobic Gram-Negative Bacilli
bacteroides sp.,bac,streptomycin-high,Anaerobic Gram-Negative Bacilli
bacteroides sp.,bac,tobramycin,Anaerobic Gram-Negative Bacilli
bacteroides stercoris,bst,amikacin,Anaerobic Gram-Negative Bacilli
bacteroides stercoris,bst,ampicillin,Anaerobic Gram-Negative Bacilli
bacteroides stercoris,bst,gentamicin,Anaerobic Gram-Negative Bacilli
bacteroides stercoris,bst,gentamicin-high,Anaerobic Gram-Negative Bacilli
bacteroides stercoris,bst,kanamycin,Anaerobic Gram-Negative Bacilli
bacteroides stercoris,bst,kanamycin-high,Anaerobic Gram-Negative Bacilli
bacteroides stercoris,bst,neomycin,Anaerobic Gram-Negative Bacilli
bacteroides stercoris,bst,netilmicin,Anaerobic Gram-Negative Bacilli
bacteroides stercoris,bst,penicillin g,Anaerobic Gram-Negative Bacilli
bacteroides stercoris,bst,plazomicin,Anaerobic Gram-Negative Bacilli
bacteroides stercoris,bst,streptomycin,Anaerobic Gram-Negative Bacilli
bacteroides stercoris,bst,streptomycin-high,Anaerobic Gram-Negative Bacilli
bacteroides stercoris,bst,tobramycin,Anaerobic Gram-Negative Bacilli
bacteroides tectum,bte,amikacin,Anaerobic Gram-Negative Bacilli
bacteroides tectum,bte,ampicillin,Anaerobic Gram-Negative Bacilli
bacteroides tectum,bte,gentamicin,Anaerobic Gram-Negative Bacilli
bacteroides tectum,bte,gentamicin-high,Anaerobic Gram-Negative Bacilli
bacteroides tectum,bte,kanamycin,Anaerobic Gram-Negative Bacilli
bacteroides tectum,bte,kanamycin-high,Anaerobic Gram-Negative Bacilli
bacteroides tectum,bte,neomycin,Anaerobic Gram-Negative Bacilli
bacteroides tectum,bte,netilmicin,Anaerobic Gram-Negative Bacilli
bacteroides tectum,bte,penicillin g,Anaerobic Gram-Negative Bacilli
bacteroides tectum,bte,plazomicin,Anaerobic Gram-Negative Bacilli
bacteroides tectum,bte,streptomycin,Anaerobic Gram-Negative Bacilli
bacteroides tectum,bte,streptomycin-high,Anaerobic Gram-Negative Bacilli
bacteroides tectum,bte,tobramycin,Anaerobic Gram-Negative Bacilli
bacteroides thetaiotaomicron,bth,amikacin,Anaerobic Gram-Negative Bacilli
bacteroides thetaiotaomicron,bth,ampicillin,Anaerobic Gram-Negative Bacilli
bacteroides thetaiotaomicron,bth,gentamicin,Anaerobic Gram-Negative Bacilli
bacteroides thetaiotaomicron,bth,gentamicin-high,Anaerobic Gram-Negative Bacilli
bacteroides thetaiotaomicron,bth,kanamycin,Anaerobic Gram-Negative Bacilli
bacteroides thetaiotaomicron,bth,kanamycin-high,Anaerobic Gram-Negative Bacilli
bacteroides thetaiotaomicron,bth,neomycin,Anaerobic Gram-Negative Bacilli
bacteroides thetaiotaomicron,bth,netilmicin,Anaerobic Gram-Negative Bacilli
bacteroides thetaiotaomicron,bth,penicillin g,Anaerobic Gram-Negative Bacilli
bacteroides thetaiotaomicron,bth,plazomicin,Anaerobic Gram-Negative Bacilli
bacteroides thetaiotaomicron,bth,streptomycin,Anaerobic Gram-Negative Bacilli
bacteroides thetaiotaomicron,bth,streptomycin-high,Anaerobic Gram-Negative Bacilli
bacteroides thetaiotaomicron,bth,tobramycin,Anaerobic Gram-Negative Bacilli
bacteroides uniformis,bun,amikacin,Anaerobic Gram-Negative Bacilli
bacteroides uniformis,bun,ampicillin,Anaerobic Gram-Negative Bacilli
bacteroides uniformis,bun,gentamicin,Anaerobic Gram-Negative Bacilli
bacteroides uniformis,bun,gentamicin-high,Anaerobic Gram-Negative Bacilli
bacteroides uniformis,bun,kanamycin,Anaerobic Gram-Negative Bacilli
bacteroides uniformis,bun,kanamycin-high,Anaerobic Gram-Negative Bacilli
bacteroides uniformis,bun,neomycin,Anaerobic Gram-Negative Bacilli
bacteroides uniformis,bun,netilmicin,Anaerobic Gram-Negative Bacilli
bacteroides uniformis,bun,penicillin g,Anaerobic Gram-Negative Bacilli
bacteroides uniformis,bun,plazomicin,Anaerobic Gram-Negative Bacilli
bacteroides uniformis,bun,streptomycin,Anaerobic Gram-Negative Bacilli
bacteroides uniformis,bun,streptomycin-high,Anaerobic Gram-Negative Bacilli
bacteroides uniformis,bun,tobramycin,Anaerobic Gram-Negative Bacilli
budvicia aquatica,baq,azithromycin,Enterobacterales
budvicia aquatica,baq,clarithromycin,Enterobacterales
budvicia aquatica,baq,clindamycin,Enterobacterales
budvicia aquatica,baq,daptomycin,Enterobacterales
budvicia aquatica,baq,erythromycin,Enterobacterales
budvicia aquatica,baq,fusidic acid,Enterobacterales
budvicia aquatica,baq,linezolid,Enterobacterales
budvicia aquatica,baq,oritavancin,Enterobacterales
budvicia aquatica,baq,quinupristin/dalfopristin,Enterobacterales
budvicia aquatica,baq,teicoplanin,Enterobacterales
budvicia aquatica,baq,telavancin,Enterobacterales
budvicia aquatica,baq,vancomycin,Enterobacterales
budvicia sp.,bud,azithromycin,Enterobacterales
budvicia sp.,bud,clarithromycin,Enterobacterales
budvicia sp.,bud,clindamycin,Enterobacterales
budvicia sp.,bud,daptomycin,Enterobacterales
budvicia sp.,bud,erythromycin,Enterobacterales
budvicia sp.,bud,fusidic acid,Enterobacterales
budvicia sp.,bud,linezolid,Enterobacterales
budvicia sp.,bud,oritavancin,Enterobacterales
budvicia sp.,bud,quinupristin/dalfopristin,Enterobacterales
budvicia sp.,bud,teicoplanin,Enterobacterales
budvicia sp.,bud,telavancin,Enterobacterales
budvicia sp.,bud,vancomycin,Enterobacterales
burkholderia ambifaria (genomovar vii),bam,amoxicillin,Non-Enterobacterales
burkholderia ambifaria (genomovar vii),bam,amoxicillin/clavulanic acid,Non-Enterobacterales
burkholderia ambifaria (genomovar vii),bam,ampicillin,Non-Enterobacterales
burkholderia ambifaria (genomovar vii),bam,ampicillin/sulbactam,Non-Enterobacterales
burkholderia ambifaria (genomovar vii),bam,azithromycin,Non-Enterobacterales
burkholderia ambifaria (genomovar vii),bam,cefazolin,Non-Enterobacterales
burkholderia ambifaria (genomovar vii),bam,cefotetan,Non-Enterobacterales
burkholderia ambifaria (genomovar vii),bam,cefoxitin,Non-Enterobacterales
burkholderia ambifaria (genomovar vii),bam,cefuroxime,Non-Enterobacterales
burkholderia ambifaria (genomovar vii),bam,cephalothin,Non-Enterobacterales
burkholderia ambifaria (genomovar vii),bam,clarithromycin,Non-Enterobacterales
burkholderia ambifaria (genomovar vii),bam,clindamycin,Non-Enterobacterales
burkholderia ambifaria (genomovar vii),bam,colistin,Non-Enterobacterales
burkholderia ambifaria (genomovar vii),bam,daptomycin,Non-Enterobacterales
burkholderia ambifaria (genomovar vii),bam,ertapenem,Non-Enterobacterales
burkholderia ambifaria (genomovar vii),bam,erythromycin,Non-Enterobacterales
burkholderia ambifaria (genomovar vii),bam,fosfomycin,Non-Enterobacterales
burkholderia ambifaria (genomovar vii),bam,fusidic acid,Non-Enterobacterales
burkholderia ambifaria (genomovar vii),bam,linezolid,Non-Enterobacterales
burkholderia ambifaria (genomovar vii),bam,penicillin g,Non-Enterobacterales
burkholderia ambifaria (genomovar vii),bam,piperacillin,Non-Enterobacterales
burkholderia ambifaria (genomovar vii),bam,polymyxin b,Non-Enterobacterales
burkholderia ambifaria (genomovar vii),bam,quinupristin/dalfopristin,Non-Enterobacterales
burkholderia ambifaria (genomovar vii),bam,ticarcillin,Non-Enterobacterales
burkholderia ambifaria (genomovar vii),bam,vancomycin,Non-Enterobacterales
burkholderia anthina (genomovar viii),bah,amoxicillin,Non-Enterobacterales
burkholderia anthina (genomovar viii),bah,amoxicillin/clavulanic acid,Non-Enterobacterales
burkholderia anthina (genomovar viii),bah,ampicillin,Non-Enterobacterales
burkholderia anthina (genomovar viii),bah,ampicillin/sulbactam,Non-Enterobacterales
burkholderia anthina (genomovar viii),bah,azithromycin,Non-Enterobacterales
burkholderia anthina (genomovar viii),bah,cefazolin,Non-Enterobacterales
burkholderia anthina (genomovar viii),bah,cefotetan,Non-Enterobacterales
burkholderia anthina (genomovar viii),bah,cefoxitin,Non-Enterobacterales
burkholderia anthina (genomovar viii),bah,cefuroxime,Non-Enterobacterales
burkholderia anthina (genomovar viii),bah,cephalothin,Non-Enterobacterales
burkholderia anthina (genomovar viii),bah,clarithromycin,Non-Enterobacterales
burkholderia anthina (genomovar viii),bah,clindamycin,Non-Enterobacterales
burkholderia anthina (genomovar viii),bah,colistin,Non-Enterobacterales
burkholderia anthina (genomovar viii),bah,daptomycin,Non-Enterobacterales
burkholderia anthina (genomovar viii),bah,ertapenem,Non-Enterobacterales
burkholderia anthina (genomovar viii),bah,erythromycin,Non-Enterobacterales
burkholderia anthina (genomovar viii),bah,fosfomycin,Non-Enterobacterales
burkholderia anthina (genomovar viii),bah,fusidic acid,Non-Enterobacterales
burkholderia anthina (genomovar viii),bah,linezolid,Non-Enterobacterales
burkholderia anthina (genomovar viii),bah,penicillin g,Non-Enterobacterales
burkholderia anthina (genomovar viii),bah,piperacillin,Non-Enterobacterales
burkholderia anthina (genomovar viii),bah,polymyxin b,Non-Enterobacterales
burkholderia anthina (genomovar viii),bah,quinupristin/dalfopristin,Non-Enterobacterales
burkholderia anthina (genomovar viii),bah,ticarcillin,Non-Enterobacterales
burkholderia anthina (genomovar viii),bah,vancomycin,Non-Enterobacterales
burkholderia cenocepacia (genomovar iii),bnc,amoxicillin,Non-Enterobacterales
burkholderia cenocepacia (genomovar iii),bnc,amoxicillin/clavulanic acid,Non-Enterobacterales
burkholderia cenocepacia (genomovar iii),bnc,ampicillin,Non-Enterobacterales
burkholderia cenocepacia (genomovar iii),bnc,ampicillin/sulbactam,Non-Enterobacterales
burkholderia cenocepacia (genomovar iii),bnc,azithromycin,Non-Enterobacterales
burkholderia cenocepacia (genomovar iii),bnc,cefazolin,Non-Enterobacterales
burkholderia cenocepacia (genomovar iii),bnc,cefotetan,Non-Enterobacterales
burkholderia cenocepacia (genomovar iii),bnc,cefoxitin,Non-Enterobacterales
burkholderia cenocepacia (genomovar iii),bnc,cefuroxime,Non-Enterobacterales
burkholderia cenocepacia (genomovar iii),bnc,cephalothin,Non-Enterobacterales
burkholderia cenocepacia (genomovar iii),bnc,clarithromycin,Non-Enterobacterales
burkholderia cenocepacia (genomovar iii),bnc,clindamycin,Non-Enterobacterales
burkholderia cenocepacia (genomovar iii),bnc,colistin,Non-Enterobacterales
burkholderia cenocepacia (genomovar iii),bnc,daptomycin,Non-Enterobacterales
burkholderia cenocepacia (genomovar iii),bnc,ertapenem,Non-Enterobacterales
burkholderia cenocepacia (genomovar iii),bnc,erythromycin,Non-Enterobacterales
burkholderia cenocepacia (genomovar iii),bnc,fosfomycin,Non-Enterobacterales
burkholderia cenocepacia (genomovar iii),bnc,fusidic acid,Non-Enterobacterales
burkholderia cenocepacia (genomovar iii),bnc,linezolid,Non-Enterobacterales
burkholderia cenocepacia (genomovar iii),bnc,penicillin g,Non-Enterobacterales
burkholderia cenocepacia (genomovar iii),bnc,piperacillin,Non-Enterobacterales
burkholderia cenocepacia (genomovar iii),bnc,polymyxin b,Non-Enterobacterales
burkholderia cenocepacia (genomovar iii),bnc,quinupristin/dalfopristin,Non-Enterobacterales
burkholderia cenocepacia (genomovar iii),bnc,ticarcillin,Non-Enterobacterales
burkholderia cenocepacia (genomovar iii),bnc,vancomycin,Non-Enterobacterales
burkholderia cepacia,pce,amoxicillin,Non-Enterobacterales
burkholderia cepacia,pce,amoxicillin/clavulanic acid,Non-Enterobacterales
burkholderia cepacia,pce,ampicillin,Non-Enterobacterales
burkholderia cepacia,pce,ampicillin/sulbactam,Non-Enterobacterales
burkholderia cepacia,pce,azithromycin,Non-Enterobacterales
burkholderia cepacia,pce,cefazolin,Non-Enterobacterales
burkholderia cepacia,pce,cefotetan,Non-Enterobacterales
burkholderia cepacia,pce,cefoxitin,Non-Enterobacterales
burkholderia cepacia,pce,cefuroxime,Non-Enterobacterales
burkholderia cepacia,pce,cephalothin,Non-Enterobacterales
burkholderia cepacia,pce,clarithromycin,Non-Enterobacterales
burkholderia cepacia,pce,clindamycin,Non-Enterobacterales
burkholderia cepacia,pce,colistin,Non-Enterobacterales
burkholderia cepacia,pce,daptomycin,Non-Enterobacterales
burkholderia cepacia,pce,ertapenem,Non-Enterobacterales
burkholderia cepacia,pce,erythromycin,Non-Enterobacterales
burkholderia cepacia,pce,fosfomycin,Non-Enterobacterales
burkholderia cepacia,pce,fusidic acid,Non-Enterobacterales
burkholderia cepacia,pce,linezolid,Non-Enterobacterales
burkholderia cepacia,pce,penicillin g,Non-Enterobacterales
burkholderia cepacia,pce,piperacillin,Non-Enterobacterales
burkholderia cepacia,pce,polymyxin b,Non-Enterobacterales
burkholderia cepacia,pce,quinupristin/dalfopristin,Non-Enterobacterales
burkholderia cepacia,pce,ticarcillin,Non-Enterobacterales
burkholderia cepacia,pce,vancomycin,Non-Enterobacterales
burkholderia cepacia complex,bcx,amoxicillin,Non-Enterobacterales
burkholderia cepacia complex,bcx,amoxicillin/clavulanic acid,Non-Enterobacterales
burkholderia cepacia complex,bcx,ampicillin,Non-Enterobacterales
burkholderia cepacia complex,bcx,ampicillin/sulbactam,Non-Enterobacterales
burkholderia cepacia complex,bcx,azithromycin,Non-Enterobacterales
burkholderia cepacia complex,bcx,cefazolin,Non-Enterobacterales
burkholderia cepacia complex,bcx,cefotetan,Non-Enterobacterales
burkholderia cepacia complex,bcx,cefoxitin,Non-Enterobacterales
burkholderia cepacia complex,bcx,cefuroxime,Non-Enterobacterales
burkholderia cepacia complex,bcx,cephalothin,Non-Enterobacterales
burkholderia cepacia complex,bcx,clarithromycin,Non-Enterobacterales
burkholderia cepacia complex,bcx,clindamycin,Non-Enterobacterales
burkholderia cepacia complex,bcx,colistin,Non-Enterobacterales
burkholderia cepacia complex,bcx,daptomycin,Non-Enterobacterales
burkholderia cepacia complex,bcx,ertapenem,Non-Enterobacterales
burkholderia cepacia complex,bcx,erythromycin,Non-Enterobacterales
burkholderia cepacia complex,bcx,fosfomycin,Non-Enterobacterales
burkholderia cepacia complex,bcx,fusidic acid,Non-Enterobacterales
burkholderia cepacia complex,bcx,linezolid,Non-Enterobacterales
burkholderia cepacia complex,bcx,penicillin g,Non-Enterobacterales
burkholderia cepacia complex,bcx,piperacillin,Non-Enterobacterales
burkholderia cepacia complex,bcx,polymyxin b,Non-Enterobacterales
burkholderia cepacia complex,bcx,quinupristin/dalfopristin,Non-Enterobacterales
burkholderia cepacia complex,bcx,ticarcillin,Non-Enterobacterales
burkholderia cepacia complex,bcx,vancomycin,Non-Enterobacterales
burkholderia dolosa (genomovar vi),bdo,amoxicillin,Non-Enterobacterales
burkholderia dolosa (genomovar vi),bdo,amoxicillin/clavulanic acid,Non-Enterobacterales
burkholderia dolosa (genomovar vi),bdo,ampicillin,Non-Enterobacterales
burkholderia dolosa (genomovar vi),bdo,ampicillin/sulbactam,Non-Enterobacterales
burkholderia dolosa (genomovar vi),bdo,azithromycin,Non-Enterobacterales
burkholderia dolosa (genomovar vi),bdo,cefazolin,Non-Enterobacterales
burkholderia dolosa (genomovar vi),bdo,cefotetan,Non-Enterobacterales
burkholderia dolosa (genomovar vi),bdo,cefoxitin,Non-Enterobacterales
burkholderia dolosa (genomovar vi),bdo,cefuroxime,Non-Enterobacterales
burkholderia dolosa (genomovar vi),bdo,cephalothin,Non-Enterobacterales
burkholderia dolosa (genomovar vi),bdo,clarithromycin,Non-Enterobacterales
burkholderia dolosa (genomovar vi),bdo,clindamycin,Non-Enterobacterales
burkholderia dolosa (genomovar vi),bdo,colistin,Non-Enterobacterales
burkholderia dolosa (genomovar vi),bdo,daptomycin,Non-Enterobacterales
burkholderia dolosa (genomovar vi),bdo,ertapenem,Non-Enterobacterales
burkholderia dolosa (genomovar vi),bdo,erythromycin,Non-Enterobacterales
burkholderia dolosa (genomovar vi),bdo,fosfomycin,Non-Enterobacterales
burkholderia dolosa (genomovar vi),bdo,fusidic acid,Non-Enterobacterales
burkholderia dolosa (genomovar vi),bdo,linezolid,Non-Enterobacterales
burkholderia dolosa (genomovar vi),bdo,penicillin g,Non-Enterobacterales
burkholderia dolosa (genomovar vi),bdo,piperacillin,Non-Enterobacterales
burkholderia dolosa (genomovar vi),bdo,polymyxin b,Non-Enterobacterales
burkholderia dolosa (genomovar vi),bdo,quinupristin/dalfopristin,Non-Enterobacterales
burkholderia dolosa (genomovar vi),bdo,ticarcillin,Non-Enterobacterales
burkholderia dolosa (genomovar vi),bdo,vancomycin,Non-Enterobacterales
burkholderia multivorans (genomovar ii),bmu,amoxicillin,Non-Enterobacterales
burkholderia multivorans (genomovar ii),bmu,amoxicillin/clavulanic acid,Non-Enterobacterales
burkholderia multivorans (genomovar ii),bmu,ampicillin,Non-Enterobacterales
burkholderia multivorans (genomovar ii),bmu,ampicillin/sulbactam,Non-Enterobacterales
burkholderia multivorans (genomovar ii),bmu,azithromycin,Non-Enterobacterales
burkholderia multivorans (genomovar ii),bmu,cefazolin,Non-Enterobacterales
burkholderia multivorans (genomovar ii),bmu,cefotetan,Non-Enterobacterales
burkholderia multivorans (genomovar ii),bmu,cefoxitin,Non-Enterobacterales
burkholderia multivorans (genomovar ii),bmu,cefuroxime,Non-Enterobacterales
burkholderia multivorans (genomovar ii),bmu,cephalothin,Non-Enterobacterales
burkholderia multivorans (genomovar ii),bmu,clarithromycin,Non-Enterobacterales
burkholderia multivorans (genomovar ii),bmu,clindamycin,Non-Enterobacterales
burkholderia multivorans (genomovar ii),bmu,colistin,Non-Enterobacterales
burkholderia multivorans (genomovar ii),bmu,daptomycin,Non-Enterobacterales
burkholderia multivorans (genomovar ii),bmu,ertapenem,Non-Enterobacterales
burkholderia multivorans (genomovar ii),bmu,erythromycin,Non-Enterobacterales
burkholderia multivorans (genomovar ii),bmu,fosfomycin,Non-Enterobacterales
burkholderia multivorans (genomovar ii),bmu,fusidic acid,Non-Enterobacterales
burkholderia multivorans (genomovar ii),bmu,linezolid,Non-Enterobacterales
burkholderia multivorans (genomovar ii),bmu,penicillin g,Non-Enterobacterales
burkholderia multivorans (genomovar ii),bmu,piperacillin,Non-Enterobacterales
burkholderia multivorans (genomovar ii),bmu,polymyxin b,Non-Enterobacterales
burkholderia multivorans (genomovar ii),bmu,quinupristin/dalfopristin,Non-Enterobacterales
burkholderia multivorans (genomovar ii),bmu,ticarcillin,Non-Enterobacterales
burkholderia multivorans (genomovar ii),bmu,vancomycin,Non-Enterobacterales
burkholderia pyrrocinia (genomovar ix),bpy,amoxicillin,Non-Enterobacterales
burkholderia pyrrocinia (genomovar ix),bpy,amoxicillin/clavulanic acid,Non-Enterobacterales
burkholderia pyrrocinia (genomovar ix),bpy,ampicillin,Non-Enterobacterales
burkholderia pyrrocinia (genomovar ix),bpy,ampicillin/sulbactam,Non-Enterobacterales
burkholderia pyrrocinia (genomovar ix),bpy,azithromycin,Non-Enterobacterales
burkholderia pyrrocinia (genomovar ix),bpy,cefazolin,Non-Enterobacterales
burkholderia pyrrocinia (genomovar ix),bpy,cefotetan,Non-Enterobacterales
burkholderia pyrrocinia (genomovar ix),bpy,cefoxitin,Non-Enterobacterales
burkholderia pyrrocinia (genomovar ix),bpy,cefuroxime,Non-Enterobacterales
burkholderia pyrrocinia (genomovar ix),bpy,cephalothin,Non-Enterobacterales
burkholderia pyrrocinia (genomovar ix),bpy,clarithromycin,Non-Enterobacterales
burkholderia pyrrocinia (genomovar ix),bpy,clindamycin,Non-Enterobacterales
burkholderia pyrrocinia (genomovar ix),bpy,colistin,Non-Enterobacterales
burkholderia pyrrocinia (genomovar ix),bpy,daptomycin,Non-Enterobacterales
burkholderia pyrrocinia (genomovar ix),bpy,ertapenem,Non-Enterobacterales
burkholderia pyrrocinia (genomovar ix),bpy,erythromycin,Non-Enterobacterales
burkholderia pyrrocinia (genomovar ix),bpy,fosfomycin,Non-Enterobacterales
burkholderia pyrrocinia (genomovar ix),bpy,fusidic acid,Non-Enterobacterales
burkholderia pyrrocinia (genomovar ix),bpy,linezolid,Non-Enterobacterales
burkholderia pyrrocinia (genomovar ix),bpy,penicillin g,Non-Enterobacterales
burkholderia pyrrocinia (genomovar ix),bpy,piperacillin,Non-Enterobacterales
burkholderia pyrrocinia (genomovar ix),bpy,polymyxin b,Non-Enterobacterales
burkholderia pyrrocinia (genomovar ix),bpy,quinupristin/dalfopristin,Non-Enterobacterales
burkholderia pyrrocinia (genomovar ix),bpy,ticarcillin,Non-Enterobacterales
burkholderia pyrrocinia (genomovar ix),bpy,vancomycin,Non-Enterobacterales
burkholderia stabilis (genomovar iv),btb,amoxicillin,Non-Enterobacterales
burkholderia stabilis (genomovar iv),btb,amoxicillin/clavulanic acid,Non-Enterobacterales
burkholderia stabilis (genomovar iv),btb,ampicillin,Non-Enterobacterales
burkholderia stabilis (genomovar iv),btb,ampicillin/sulbactam,Non-Enterobacterales
burkholderia stabilis (genomovar iv),btb,azithromycin,Non-Enterobacterales
burkholderia stabilis (genomovar iv),btb,cefazolin,Non-Enterobacterales
burkholderia stabilis (genomovar iv),btb,cefotetan,Non-Enterobacterales
burkholderia stabilis (genomovar iv),btb,cefoxitin,Non-Enterobacterales
burkholderia stabilis (genomovar iv),btb,cefuroxime,Non-Enterobacterales
burkholderia stabilis (genomovar iv),btb,cephalothin,Non-Enterobacterales
burkholderia stabilis (genomovar iv),btb,clarithromycin,Non-Enterobacterales
burkholderia stabilis (genomovar iv),btb,clindamycin,Non-Enterobacterales
burkholderia stabilis (genomovar iv),btb,colistin,Non-Enterobacterales
burkholderia stabilis (genomovar iv),btb,daptomycin,Non-Enterobacterales
burkholderia stabilis (genomovar iv),btb,ertapenem,Non-Enterobacterales
burkholderia stabilis (genomovar iv),btb,erythromycin,Non-Enterobacterales
burkholderia stabilis (genomovar iv),btb,fosfomycin,Non-Enterobacterales
burkholderia stabilis (genomovar iv),btb,fusidic acid,Non-Enterobacterales
burkholderia stabilis (genomovar iv),btb,linezolid,Non-Enterobacterales
burkholderia stabilis (genomovar iv),btb,penicillin g,Non-Enterobacterales
burkholderia stabilis (genomovar iv),btb,piperacillin,Non-Enterobacterales
burkholderia stabilis (genomovar iv),btb,polymyxin b,Non-Enterobacterales
burkholderia stabilis (genomovar iv),btb,quinupristin/dalfopristin,Non-Enterobacterales
burkholderia stabilis (genomovar iv),btb,ticarcillin,Non-Enterobacterales
burkholderia stabilis (genomovar iv),btb,vancomycin,Non-Enterobacterales
burkholderia ubonensis (genomovar x),bub,amoxicillin,Non-Enterobacterales
burkholderia ubonensis (genomovar x),bub,amoxicillin/clavulanic acid,Non-Enterobacterales
burkholderia ubonensis (genomovar x),bub,ampicillin,Non-Enterobacterales
burkholderia ubonensis (genomovar x),bub,ampicillin/sulbactam,Non-Enterobacterales
burkholderia ubonensis (genomovar x),bub,azithromycin,Non-Enterobacterales
burkholderia ubonensis (genomovar x),bub,cefazolin,Non-Enterobacterales
burkholderia ubonensis (genomovar x),bub,cefotetan,Non-Enterobacterales
burkholderia ubonensis (genomovar x),bub,cefoxitin,Non-Enterobacterales
burkholderia ubonensis (genomovar x),bub,cefuroxime,Non-Enterobacterales
burkholderia ubonensis (genomovar x),bub,cephalothin,Non-Enterobacterales
burkholderia ubonensis (genomovar x),bub,clarithromycin,Non-Enterobacterales
burkholderia ubonensis (genomovar x),bub,clindamycin,Non-Enterobacterales
burkholderia ubonensis (genomovar x),bub,colistin,Non-Enterobacterales
burkholderia ubonensis (genomovar x),bub,daptomycin,Non-Enterobacterales
burkholderia ubonensis (genomovar x),bub,ertapenem,Non-Enterobacterales
burkholderia ubonensis (genomovar x),bub,erythromycin,Non-Enterobacterales
burkholderia ubonensis (genomovar x),bub,fosfomycin,Non-Enterobacterales
burkholderia ubonensis (genomovar x),bub,fusidic acid,Non-Enterobacterales
burkholderia ubonensis (genomovar x),bub,linezolid,Non-Enterobacterales
burkholderia ubonensis (genomovar x),bub,penicillin g,Non-Enterobacterales
burkholderia ubonensis (genomovar x),bub,piperacillin,Non-Enterobacterales
burkholderia ubonensis (genomovar x),bub,polymyxin b,Non-Enterobacterales
burkholderia ubonensis (genomovar x),bub,quinupristin/dalfopristin,Non-Enterobacterales
burkholderia ubonensis (genomovar x),bub,ticarcillin,Non-Enterobacterales
burkholderia ubonensis (genomovar x),bub,vancomycin,Non-Enterobacterales
burkholderia vietnamiensis (genomovar v),bvt,amoxicillin,Non-Enterobacterales
burkholderia vietnamiensis (genomovar v),bvt,amoxicillin/clavulanic acid,Non-Enterobacterales
burkholderia vietnamiensis (genomovar v),bvt,ampicillin,Non-Enterobacterales
burkholderia vietnamiensis (genomovar v),bvt,ampicillin/sulbactam,Non-Enterobacterales
burkholderia vietnamiensis (genomovar v),bvt,azithromycin,Non-Enterobacterales
burkholderia vietnamiensis (genomovar v),bvt,cefazolin,Non-Enterobacterales
burkholderia vietnamiensis (genomovar v),bvt,cefotetan,Non-Enterobacterales
burkholderia vietnamiensis (genomovar v),bvt,cefoxitin,Non-Enterobacterales
burkholderia vietnamiensis (genomovar v),bvt,cefuroxime,Non-Enterobacterales
burkholderia vietnamiensis (genomovar v),bvt,cephalothin,Non-Enterobacterales
burkholderia vietnamiensis (genomovar v),bvt,clarithromycin,Non-Enterobacterales
burkholderia vietnamiensis (genomovar v),bvt,clindamycin,Non-Enterobacterales
burkholderia vietnamiensis (genomovar v),bvt,colistin,Non-Enterobacterales
burkholderia vietnamiensis (genomovar v),bvt,daptomycin,Non-Enterobacterales
burkholderia vietnamiensis (genomovar v),bvt,ertapenem,Non-Enterobacterales
burkholderia vietnamiensis (genomovar v),bvt,erythromycin,Non-Enterobacterales
burkholderia vietnamiensis (genomovar v),bvt,fosfomycin,Non-Enterobacterales
burkholderia vietnamiensis (genomovar v),bvt,fusidic acid,Non-Enterobacterales
burkholderia vietnamiensis (genomovar v),bvt,linezolid,Non-Enterobacterales
burkholderia vietnamiensis (genomovar v),bvt,penicillin g,Non-Enterobacterales
burkholderia vietnamiensis (genomovar v),bvt,piperacillin,Non-Enterobacterales
burkholderia vietnamiensis (genomovar v),bvt,polymyxin b,Non-Enterobacterales
burkholderia vietnamiensis (genomovar v),bvt,quinupristin/dalfopristin,Non-Enterobacterales
burkholderia vietnamiensis (genomovar v),bvt,ticarcillin,Non-Enterobacterales
burkholderia vietnamiensis (genomovar v),bvt,vancomycin,Non-Enterobacterales
buttiauxella sp.,bua,azithromycin,Enterobacterales
buttiauxella sp.,bua,clarithromycin,Enterobacterales
buttiauxella sp.,bua,clindamycin,Enterobacterales
buttiauxella sp.,bua,daptomycin,Enterobacterales
buttiauxella sp.,bua,erythromycin,Enterobacterales
buttiauxella sp.,bua,fusidic acid,Enterobacterales
buttiauxella sp.,bua,linezolid,Enterobacterales
buttiauxella sp.,bua,oritavancin,Enterobacterales
buttiauxella sp.,bua,quinupristin/dalfopristin,Enterobacterales
buttiauxella sp.,bua,teicoplanin,Enterobacterales
buttiauxella sp.,bua,telavancin,Enterobacterales
buttiauxella sp.,bua,vancomycin,Enterobacterales
calymmatobacterium granulomatis,cgr,azithromycin,Enterobacterales
calymmatobacterium granulomatis,cgr,clarithromycin,Enterobacterales
calymmatobacterium granulomatis,cgr,clindamycin,Enterobacterales
calymmatobacterium granulomatis,cgr,daptomycin,Enterobacterales
calymmatobacterium granulomatis,cgr,erythromycin,Enterobacterales
calymmatobacterium granulomatis,cgr,fusidic acid,Enterobacterales
calymmatobacterium granulomatis,cgr,linezolid,Enterobacterales
calymmatobacterium granulomatis,cgr,oritavancin,Enterobacterales
calymmatobacterium granulomatis,cgr,quinupristin/dalfopristin,Enterobacterales
calymmatobacterium granulomatis,cgr,teicoplanin,Enterobacterales
calymmatobacterium granulomatis,cgr,telavancin,Enterobacterales
calymmatobacterium granulomatis,cgr,vancomycin,Enterobacterales
campylobacter coli,cco,cephalothin,Other gram-negatives (Vet)
campylobacter coli,cco,fusidic acid,Other gram-negatives (Vet)
campylobacter coli,cco,quinupristin/dalfopristin,Other gram-negatives (Vet)
campylobacter coli,cco,trimethoprim,Other gram-negatives (Vet)
campylobacter fetus ss. fetus,cfe,fusidic acid,Other gram-negatives (Vet)
campylobacter fetus ss. fetus,cfe,nalidixic acid,Other gram-negatives (Vet)
campylobacter fetus ss. fetus,cfe,quinupristin/dalfopristin,Other gram-negatives (Vet)
campylobacter fetus ss. fetus,cfe,trimethoprim,Other gram-negatives (Vet)
campylobacter jejuni,caj,cephalothin,Other gram-negatives (Vet)
campylobacter jejuni,caj,fusidic acid,Other gram-negatives (Vet)
campylobacter jejuni,caj,quinupristin/dalfopristin,Other gram-negatives (Vet)
campylobacter jejuni,caj,trimethoprim,Other gram-negatives (Vet)
campylobacter jejuni ss. jejuni,caj,cephalothin,Other gram-negatives (Vet)
campylobacter jejuni ss. jejuni,caj,fusidic acid,Other gram-negatives (Vet)
campylobacter jejuni ss. jejuni,caj,quinupristin/dalfopristin,Other gram-negatives (Vet)
campylobacter jejuni ss. jejuni,caj,trimethoprim,Other gram-negatives (Vet)
capsularis sp.,bac,amikacin,Anaerobic Gram-Negative Bacilli
capsularis sp.,bac,ampicillin,Anaerobic Gram-Negative Bacilli
capsularis sp.,bac,gentamicin,Anaerobic Gram-Negative Bacilli
capsularis sp.,bac,gentamicin-high,Anaerobic Gram-Negative Bacilli
capsularis sp.,bac,kanamycin,Anaerobic Gram-Negative Bacilli
capsularis sp.,bac,kanamycin-high,Anaerobic Gram-Negative Bacilli
capsularis sp.,bac,neomycin,Anaerobic Gram-Negative Bacilli
capsularis sp.,bac,netilmicin,Anaerobic Gram-Negative Bacilli
capsularis sp.,bac,penicillin g,Anaerobic Gram-Negative Bacilli
capsularis sp.,bac,plazomicin,Anaerobic Gram-Negative Bacilli
capsularis sp.,bac,streptomycin,Anaerobic Gram-Negative Bacilli
capsularis sp.,bac,streptomycin-high,Anaerobic Gram-Negative Bacilli
capsularis sp.,bac,tobramycin,Anaerobic Gram-Negative Bacilli
cdc ef-9,tpt,azithromycin,Enterobacterales
cdc ef-9,tpt,clarithromycin,Enterobacterales
cdc ef-9,tpt,clindamycin,Enterobacterales
cdc ef-9,tpt,daptomycin,Enterobacterales
cdc ef-9,tpt,erythromycin,Enterobacterales
cdc ef-9,tpt,fusidic acid,Enterobacterales
cdc ef-9,tpt,linezolid,Enterobacterales
cdc ef-9,tpt,oritavancin,Enterobacterales
cdc ef-9,tpt,quinupristin/dalfopristin,Enterobacterales
cdc ef-9,tpt,teicoplanin,Enterobacterales
cdc ef-9,tpt,telavancin,Enterobacterales
cdc ef-9,tpt,vancomycin,Enterobacterales
cdc enteric group 1,evu,azithromycin,Enterobacterales
cdc enteric group 1,evu,clarithromycin,Enterobacterales
cdc enteric group 1,evu,clindamycin,Enterobacterales
cdc enteric group 1,evu,daptomycin,Enterobacterales
cdc enteric group 1,evu,erythromycin,Enterobacterales
cdc enteric group 1,evu,fusidic acid,Enterobacterales
cdc enteric group 1,evu,linezolid,Enterobacterales
cdc enteric group 1,evu,oritavancin,Enterobacterales
cdc enteric group 1,evu,quinupristin/dalfopristin,Enterobacterales
cdc enteric group 1,evu,teicoplanin,Enterobacterales
cdc enteric group 1,evu,telavancin,Enterobacterales
cdc enteric group 1,evu,vancomycin,Enterobacterales
cdc enteric group 10,efe,azithromycin,Enterobacterales
cdc enteric group 10,efe,clarithromycin,Enterobacterales
cdc enteric group 10,efe,clindamycin,Enterobacterales
cdc enteric group 10,efe,daptomycin,Enterobacterales
cdc enteric group 10,efe,erythromycin,Enterobacterales
cdc enteric group 10,efe,fusidic acid,Enterobacterales
cdc enteric group 10,efe,linezolid,Enterobacterales
cdc enteric group 10,efe,oritavancin,Enterobacterales
cdc enteric group 10,efe,quinupristin/dalfopristin,Enterobacterales
cdc enteric group 10,efe,teicoplanin,Enterobacterales
cdc enteric group 10,efe,telavancin,Enterobacterales
cdc enteric group 10,efe,vancomycin,Enterobacterales
cdc enteric group 11,ehe,ampicillin,Enterobacterales
cdc enteric group 11,ehe,azithromycin,Enterobacterales
cdc enteric group 11,ehe,clarithromycin,Enterobacterales
cdc enteric group 11,ehe,clindamycin,Enterobacterales
cdc enteric group 11,ehe,daptomycin,Enterobacterales
cdc enteric group 11,ehe,erythromycin,Enterobacterales
cdc enteric group 11,ehe,fusidic acid,Enterobacterales
cdc enteric group 11,ehe,linezolid,Enterobacterales
cdc enteric group 11,ehe,oritavancin,Enterobacterales
cdc enteric group 11,ehe,quinupristin/dalfopristin,Enterobacterales
cdc enteric group 11,ehe,teicoplanin,Enterobacterales
cdc enteric group 11,ehe,telavancin,Enterobacterales
cdc enteric group 11,ehe,ticarcillin,Enterobacterales
cdc enteric group 11,ehe,vancomycin,Enterobacterales
cdc enteric group 15,cda,azithromycin,Enterobacterales
cdc enteric group 15,cda,clarithromycin,Enterobacterales
cdc enteric group 15,cda,clindamycin,Enterobacterales
cdc enteric group 15,cda,daptomycin,Enterobacterales
cdc enteric group 15,cda,erythromycin,Enterobacterales
cdc enteric group 15,cda,fusidic acid,Enterobacterales
cdc enteric group 15,cda,linezolid,Enterobacterales
cdc enteric group 15,cda,oritavancin,Enterobacterales
cdc enteric group 15,cda,quinupristin/dalfopristin,Enterobacterales
cdc enteric group 15,cda,teicoplanin,Enterobacterales
cdc enteric group 15,cda,telavancin,Enterobacterales
cdc enteric group 15,cda,vancomycin,Enterobacterales
cdc enteric group 17,eas,amoxicillin/clavulanic acid,Enterobacterales
cdc enteric group 17,eas,ampicillin,Enterobacterales
cdc enteric group 17,eas,ampicillin/sulbactam,Enterobacterales
cdc enteric group 17,eas,azithromycin,Enterobacterales
cdc enteric group 17,eas,cefazolin,Enterobacterales
cdc enteric group 17,eas,cefotetan,Enterobacterales
cdc enteric group 17,eas,cefoxitin,Enterobacterales
cdc enteric group 17,eas,cephalothin,Enterobacterales
cdc enteric group 17,eas,clarithromycin,Enterobacterales
cdc enteric group 17,eas,clindamycin,Enterobacterales
cdc enteric group 17,eas,daptomycin,Enterobacterales
cdc enteric group 17,eas,erythromycin,Enterobacterales
cdc enteric group 17,eas,fusidic acid,Enterobacterales
cdc enteric group 17,eas,linezolid,Enterobacterales
cdc enteric group 17,eas,oritavancin,Enterobacterales
cdc enteric group 17,eas,quinupristin/dalfopristin,Enterobacterales
cdc enteric group 17,eas,teicoplanin,Enterobacterales
cdc enteric group 17,eas,telavancin,Enterobacterales
cdc enteric group 17,eas,vancomycin,Enterobacterales
cdc enteric group 41,lad,azithromycin,Enterobacterales
cdc enteric group 41,lad,clarithromycin,Enterobacterales
cdc enteric group 41,lad,clindamycin,Enterobacterales
cdc enteric group 41,lad,daptomycin,Enterobacterales
cdc enteric group 41,lad,erythromycin,Enterobacterales
cdc enteric group 41,lad,fusidic acid,Enterobacterales
cdc enteric group 41,lad,linezolid,Enterobacterales
cdc enteric group 41,lad,oritavancin,Enterobacterales
cdc enteric group 41,lad,quinupristin/dalfopristin,Enterobacterales
cdc enteric group 41,lad,teicoplanin,Enterobacterales
cdc enteric group 41,lad,telavancin,Enterobacterales
cdc enteric group 41,lad,vancomycin,Enterobacterales
cdc enteric group 45,yre,azithromycin,Enterobacterales
cdc enteric group 45,yre,clarithromycin,Enterobacterales
cdc enteric group 45,yre,clindamycin,Enterobacterales
cdc enteric group 45,yre,daptomycin,Enterobacterales
cdc enteric group 45,yre,erythromycin,Enterobacterales
cdc enteric group 45,yre,fusidic acid,Enterobacterales
cdc enteric group 45,yre,linezolid,Enterobacterales
cdc enteric group 45,yre,oritavancin,Enterobacterales
cdc enteric group 45,yre,quinupristin/dalfopristin,Enterobacterales
cdc enteric group 45,yre,teicoplanin,Enterobacterales
cdc enteric group 45,yre,telavancin,Enterobacterales
cdc enteric group 45,yre,vancomycin,Enterobacterales
cdc enteric group 46,mwi,azithromycin,Enterobacterales
cdc enteric group 46,mwi,clarithromycin,Enterobacterales
cdc enteric group 46,mwi,clindamycin,Enterobacterales
cdc enteric group 46,mwi,daptomycin,Enterobacterales
cdc enteric group 46,mwi,erythromycin,Enterobacterales
cdc enteric group 46,mwi,fusidic acid,Enterobacterales
cdc enteric group 46,mwi,linezolid,Enterobacterales
cdc enteric group 46,mwi,oritavancin,Enterobacterales
cdc enteric group 46,mwi,quinupristin/dalfopristin,Enterobacterales
cdc enteric group 46,mwi,teicoplanin,Enterobacterales
cdc enteric group 46,mwi,telavancin,Enterobacterales
cdc enteric group 46,mwi,vancomycin,Enterobacterales
cdc enteric group 57,lgr,azithromycin,Enterobacterales
cdc enteric group 57,lgr,clarithromycin,Enterobacterales
cdc enteric group 57,lgr,clindamycin,Enterobacterales
cdc enteric group 57,lgr,daptomycin,Enterobacterales
cdc enteric group 57,lgr,erythromycin,Enterobacterales
cdc enteric group 57,lgr,fusidic acid,Enterobacterales
cdc enteric group 57,lgr,linezolid,Enterobacterales
cdc enteric group 57,lgr,oritavancin,Enterobacterales
cdc enteric group 57,lgr,quinupristin/dalfopristin,Enterobacterales
cdc enteric group 57,lgr,teicoplanin,Enterobacterales
cdc enteric group 57,lgr,telavancin,Enterobacterales
cdc enteric group 57,lgr,vancomycin,Enterobacterales
cdc enteric group 75,ehm,amoxicillin/clavulanic acid,Enterobacterales
cdc enteric group 75,ehm,ampicillin,Enterobacterales
cdc enteric group 75,ehm,ampicillin/sulbactam,Enterobacterales
cdc enteric group 75,ehm,azithromycin,Enterobacterales
cdc enteric group 75,ehm,cefazolin,Enterobacterales
cdc enteric group 75,ehm,cefotetan,Enterobacterales
cdc enteric group 75,ehm,cefoxitin,Enterobacterales
cdc enteric group 75,ehm,cephalothin,Enterobacterales
cdc enteric group 75,ehm,clarithromycin,Enterobacterales
cdc enteric group 75,ehm,clindamycin,Enterobacterales
cdc enteric group 75,ehm,daptomycin,Enterobacterales
cdc enteric group 75,ehm,erythromycin,Enterobacterales
cdc enteric group 75,ehm,fusidic acid,Enterobacterales
cdc enteric group 75,ehm,linezolid,Enterobacterales
cdc enteric group 75,ehm,oritavancin,Enterobacterales
cdc enteric group 75,ehm,quinupristin/dalfopristin,Enterobacterales
cdc enteric group 75,ehm,teicoplanin,Enterobacterales
cdc enteric group 75,ehm,telavancin,Enterobacterales
cdc enteric group 75,ehm,vancomycin,Enterobacterales
cdc enteric group 8,kas,azithromycin,Enterobacterales
cdc enteric group 8,kas,clarithromycin,Enterobacterales
cdc enteric group 8,kas,clindamycin,Enterobacterales
cdc enteric group 8,kas,daptomycin,Enterobacterales
cdc enteric group 8,kas,erythromycin,Enterobacterales
cdc enteric group 8,kas,fusidic acid,Enterobacterales
cdc enteric group 8,kas,linezolid,Enterobacterales
cdc enteric group 8,kas,oritavancin,Enterobacterales
cdc enteric group 8,kas,quinupristin/dalfopristin,Enterobacterales
cdc enteric group 8,kas,teicoplanin,Enterobacterales
cdc enteric group 8,kas,telavancin,Enterobacterales
cdc enteric group 8,kas,vancomycin,Enterobacterales
cdc enteric group 90,tgu,azithromycin,Enterobacterales
cdc enteric group 90,tgu,clarithromycin,Enterobacterales
cdc enteric group 90,tgu,clindamycin,Enterobacterales
cdc enteric group 90,tgu,daptomycin,Enterobacterales
cdc enteric group 90,tgu,erythromycin,Enterobacterales
cdc enteric group 90,tgu,fusidic acid,Enterobacterales
cdc enteric group 90,tgu,linezolid,Enterobacterales
cdc enteric group 90,tgu,oritavancin,Enterobacterales
cdc enteric group 90,tgu,quinupristin/dalfopristin,Enterobacterales
cdc enteric group 90,tgu,teicoplanin,Enterobacterales
cdc enteric group 90,tgu,telavancin,Enterobacterales
cdc enteric group 90,tgu,vancomycin,Enterobacterales
cdc eo-1,pce,amoxicillin,Non-Enterobacterales
cdc eo-1,pce,amoxicillin/clavulanic acid,Non-Enterobacterales
cdc eo-1,pce,ampicillin,Non-Enterobacterales
cdc eo-1,pce,ampicillin/sulbactam,Non-Enterobacterales
cdc eo-1,pce,azithromycin,Non-Enterobacterales
cdc eo-1,pce,cefazolin,Non-Enterobacterales
cdc eo-1,pce,cefotetan,Non-Enterobacterales
cdc eo-1,pce,cefoxitin,Non-Enterobacterales
cdc eo-1,pce,cefuroxime,Non-Enterobacterales
cdc eo-1,pce,cephalothin,Non-Enterobacterales
cdc eo-1,pce,clarithromycin,Non-Enterobacterales
cdc eo-1,pce,clindamycin,Non-Enterobacterales
cdc eo-1,pce,colistin,Non-Enterobacterales
cdc eo-1,pce,daptomycin,Non-Enterobacterales
cdc eo-1,pce,ertapenem,Non-Enterobacterales
cdc eo-1,pce,erythromycin,Non-Enterobacterales
cdc eo-1,pce,fosfomycin,Non-Enterobacterales
cdc eo-1,pce,fusidic acid,Non-Enterobacterales
cdc eo-1,pce,linezolid,Non-Enterobacterales
cdc eo-1,pce,penicillin g,Non-Enterobacterales
cdc eo-1,pce,piperacillin,Non-Enterobacterales
cdc eo-1,pce,polymyxin b,Non-Enterobacterales
cdc eo-1,pce,quinupristin/dalfopristin,Non-Enterobacterales
cdc eo-1,pce,ticarcillin,Non-Enterobacterales
cdc eo-1,pce,vancomycin,Non-Enterobacterales
cdc i,pma,amikacin,Non-Enterobacterales
cdc i,pma,amoxicillin,Non-Enterobacterales
cdc i,pma,amoxicillin/clavulanic acid,Non-Enterobacterales
cdc i,pma,ampicillin,Non-Enterobacterales
cdc i,pma,ampicillin/sulbactam,Non-Enterobacterales
cdc i,pma,azithromycin,Non-Enterobacterales
cdc i,pma,aztreonam,Non-Enterobacterales
cdc i,pma,cefazolin,Non-Enterobacterales
cdc i,pma,cefotaxime,Non-Enterobacterales
cdc i,pma,cefotetan,Non-Enterobacterales
cdc i,pma,cefoxitin,Non-Enterobacterales
cdc i,pma,ceftriaxone,Non-Enterobacterales
cdc i,pma,cefuroxime,Non-Enterobacterales
cdc i,pma,cephalothin,Non-Enterobacterales
cdc i,pma,clarithromycin,Non-Enterobacterales
cdc i,pma,clindamycin,Non-Enterobacterales
cdc i,pma,daptomycin,Non-Enterobacterales
cdc i,pma,ertapenem,Non-Enterobacterales
cdc i,pma,erythromycin,Non-Enterobacterales
cdc i,pma,fosfomycin,Non-Enterobacterales
cdc i,pma,fusidic acid,Non-Enterobacterales
cdc i,pma,gentamicin,Non-Enterobacterales
cdc i,pma,gentamicin-high,Non-Enterobacterales
cdc i,pma,imipenem,Non-Enterobacterales
cdc i,pma,kanamycin,Non-Enterobacterales
cdc i,pma,kanamycin-high,Non-Enterobacterales
cdc i,pma,linezolid,Non-Enterobacterales
cdc i,pma,meropenem,Non-Enterobacterales
cdc i,pma,neomycin,Non-Enterobacterales
cdc i,pma,netilmicin,Non-Enterobacterales
cdc i,pma,penicillin g,Non-Enterobacterales
cdc i,pma,piperacillin,Non-Enterobacterales
cdc i,pma,piperacillin/tazobactam,Non-Enterobacterales
cdc i,pma,plazomicin,Non-Enterobacterales
cdc i,pma,quinupristin/dalfopristin,Non-Enterobacterales
cdc i,pma,streptomycin,Non-Enterobacterales
cdc i,pma,streptomycin-high,Non-Enterobacterales
cdc i,pma,tetracycline,Non-Enterobacterales
cdc i,pma,ticarcillin,Non-Enterobacterales
cdc i,pma,tobramycin,Non-Enterobacterales
cdc i,pma,trimethoprim,Non-Enterobacterales
cdc i,pma,vancomycin,Non-Enterobacterales
cdc iiia,axy,amoxicillin,Non-Enterobacterales
cdc iiia,axy,ampicillin,Non-Enterobacterales
cdc iiia,axy,cefotaxime,Non-Enterobacterales
cdc iiia,axy,ceftriaxone,Non-Enterobacterales
cdc iiia,axy,ertapenem,Non-Enterobacterales
cdc iiib,axy,amoxicillin,Non-Enterobacterales
cdc iiib,axy,ampicillin,Non-Enterobacterales
cdc iiib,axy,cefotaxime,Non-Enterobacterales
cdc iiib,axy,ceftriaxone,Non-Enterobacterales
cdc iiib,axy,ertapenem,Non-Enterobacterales
cdc m-5,nwe,trimethoprim,Other gram-negatives (Vet)
cdc m-6,nni,trimethoprim,Other gram-negatives (Vet)
cedecea davisae,cda,azithromycin,Enterobacterales
cedecea davisae,cda,clarithromycin,Enterobacterales
cedecea davisae,cda,clindamycin,Enterobacterales
cedecea davisae,cda,daptomycin,Enterobacterales
cedecea davisae,cda,erythromycin,Enterobacterales
cedecea davisae,cda,fusidic acid,Enterobacterales
cedecea davisae,cda,linezolid,Enterobacterales
cedecea davisae,cda,oritavancin,Enterobacterales
cedecea davisae,cda,quinupristin/dalfopristin,Enterobacterales
cedecea davisae,cda,teicoplanin,Enterobacterales
cedecea davisae,cda,telavancin,Enterobacterales
cedecea davisae,cda,vancomycin,Enterobacterales
cedecea lapagei,cle,azithromycin,Enterobacterales
cedecea lapagei,cle,clarithromycin,Enterobacterales
cedecea lapagei,cle,clindamycin,Enterobacterales
cedecea lapagei,cle,daptomycin,Enterobacterales
cedecea lapagei,cle,erythromycin,Enterobacterales
cedecea lapagei,cle,fusidic acid,Enterobacterales
cedecea lapagei,cle,linezolid,Enterobacterales
cedecea lapagei,cle,oritavancin,Enterobacterales
cedecea lapagei,cle,quinupristin/dalfopristin,Enterobacterales
cedecea lapagei,cle,teicoplanin,Enterobacterales
cedecea lapagei,cle,telavancin,Enterobacterales
cedecea lapagei,cle,vancomycin,Enterobacterales
cedecea neteri,cnt,azithromycin,Enterobacterales
cedecea neteri,cnt,clarithromycin,Enterobacterales
cedecea neteri,cnt,clindamycin,Enterobacterales
cedecea neteri,cnt,daptomycin,Enterobacterales
cedecea neteri,cnt,erythromycin,Enterobacterales
cedecea neteri,cnt,fusidic acid,Enterobacterales
cedecea neteri,cnt,linezolid,Enterobacterales
cedecea neteri,cnt,oritavancin,Enterobacterales
cedecea neteri,cnt,quinupristin/dalfopristin,Enterobacterales
cedecea neteri,cnt,teicoplanin,Enterobacterales
cedecea neteri,cnt,telavancin,Enterobacterales
cedecea neteri,cnt,vancomycin,Enterobacterales
cedecea sp.,ced,azithromycin,Enterobacterales
cedecea sp.,ced,clarithromycin,Enterobacterales
cedecea sp.,ced,clindamycin,Enterobacterales
cedecea sp.,ced,daptomycin,Enterobacterales
cedecea sp.,ced,erythromycin,Enterobacterales
cedecea sp.,ced,fusidic acid,Enterobacterales
cedecea sp.,ced,linezolid,Enterobacterales
cedecea sp.,ced,oritavancin,Enterobacterales
cedecea sp.,ced,quinupristin/dalfopristin,Enterobacterales
cedecea sp.,ced,teicoplanin,Enterobacterales
cedecea sp.,ced,telavancin,Enterobacterales
cedecea sp.,ced,vancomycin,Enterobacterales
cedecea sp. 3,ce3,azithromycin,Enterobacterales
cedecea sp. 3,ce3,clarithromycin,Enterobacterales
cedecea sp. 3,ce3,clindamycin,Enterobacterales
cedecea sp. 3,ce3,daptomycin,Enterobacterales
cedecea sp. 3,ce3,erythromycin,Enterobacterales
cedecea sp. 3,ce3,fusidic acid,Enterobacterales
cedecea sp. 3,ce3,linezolid,Enterobacterales
cedecea sp. 3,ce3,oritavancin,Enterobacterales
cedecea sp. 3,ce3,quinupristin/dalfopristin,Enterobacterales
cedecea sp. 3,ce3,teicoplanin,Enterobacterales
cedecea sp. 3,ce3,telavancin,Enterobacterales
cedecea sp. 3,ce3,vancomycin,Enterobacterales
cedecea sp. 4,cnt,azithromycin,Enterobacterales
cedecea sp. 4,cnt,clarithromycin,Enterobacterales
cedecea sp. 4,cnt,clindamycin,Enterobacterales
cedecea sp. 4,cnt,daptomycin,Enterobacterales
cedecea sp. 4,cnt,erythromycin,Enterobacterales
cedecea sp. 4,cnt,fusidic acid,Enterobacterales
cedecea sp. 4,cnt,linezolid,Enterobacterales
cedecea sp. 4,cnt,oritavancin,Enterobacterales
cedecea sp. 4,cnt,quinupristin/dalfopristin,Enterobacterales
cedecea sp. 4,cnt,teicoplanin,Enterobacterales
cedecea sp. 4,cnt,telavancin,Enterobacterales
cedecea sp. 4,cnt,vancomycin,Enterobacterales
cedecea sp. 5,ce5,azithromycin,Enterobacterales
cedecea sp. 5,ce5,clarithromycin,Enterobacterales
cedecea sp. 5,ce5,clindamycin,Enterobacterales
cedecea sp. 5,ce5,daptomycin,Enterobacterales
cedecea sp. 5,ce5,erythromycin,Enterobacterales
cedecea sp. 5,ce5,fusidic acid,Enterobacterales
cedecea sp. 5,ce5,linezolid,Enterobacterales
cedecea sp. 5,ce5,oritavancin,Enterobacterales
cedecea sp. 5,ce5,quinupristin/dalfopristin,Enterobacterales
cedecea sp. 5,ce5,teicoplanin,Enterobacterales
cedecea sp. 5,ce5,telavancin,Enterobacterales
cedecea sp. 5,ce5,vancomycin,Enterobacterales
citrobacter amalonaticus,cml,ampicillin,Enterobacterales
citrobacter amalonaticus,cml,azithromycin,Enterobacterales
citrobacter amalonaticus,cml,clarithromycin,Enterobacterales
citrobacter amalonaticus,cml,clindamycin,Enterobacterales
citrobacter amalonaticus,cml,daptomycin,Enterobacterales
citrobacter amalonaticus,cml,erythromycin,Enterobacterales
citrobacter amalonaticus,cml,fusidic acid,Enterobacterales
citrobacter amalonaticus,cml,linezolid,Enterobacterales
citrobacter amalonaticus,cml,oritavancin,Enterobacterales
citrobacter amalonaticus,cml,quinupristin/dalfopristin,Enterobacterales
citrobacter amalonaticus,cml,teicoplanin,Enterobacterales
citrobacter amalonaticus,cml,telavancin,Enterobacterales
citrobacter amalonaticus,cml,ticarcillin,Enterobacterales
citrobacter amalonaticus,cml,vancomycin,Enterobacterales
citrobacter amalonaticus group,cix,ampicillin,Enterobacterales
citrobacter amalonaticus group,cix,azithromycin,Enterobacterales
citrobacter amalonaticus group,cix,clarithromycin,Enterobacterales
citrobacter amalonaticus group,cix,clindamycin,Enterobacterales
citrobacter amalonaticus group,cix,daptomycin,Enterobacterales
citrobacter amalonaticus group,cix,erythromycin,Enterobacterales
citrobacter amalonaticus group,cix,fusidic acid,Enterobacterales
citrobacter amalonaticus group,cix,linezolid,Enterobacterales
citrobacter amalonaticus group,cix,oritavancin,Enterobacterales
citrobacter amalonaticus group,cix,quinupristin/dalfopristin,Enterobacterales
citrobacter amalonaticus group,cix,teicoplanin,Enterobacterales
citrobacter amalonaticus group,cix,telavancin,Enterobacterales
citrobacter amalonaticus group,cix,ticarcillin,Enterobacterales
citrobacter amalonaticus group,cix,vancomycin,Enterobacterales
citrobacter braakii,cbk,azithromycin,Enterobacterales
citrobacter braakii,cbk,clarithromycin,Enterobacterales
citrobacter braakii,cbk,clindamycin,Enterobacterales
citrobacter braakii,cbk,daptomycin,Enterobacterales
citrobacter braakii,cbk,erythromycin,Enterobacterales
citrobacter braakii,cbk,fusidic acid,Enterobacterales
citrobacter braakii,cbk,linezolid,Enterobacterales
citrobacter braakii,cbk,oritavancin,Enterobacterales
citrobacter braakii,cbk,quinupristin/dalfopristin,Enterobacterales
citrobacter braakii,cbk,teicoplanin,Enterobacterales
citrobacter braakii,cbk,telavancin,Enterobacterales
citrobacter braakii,cbk,vancomycin,Enterobacterales
citrobacter diversus,cdi,ampicillin,Enterobacterales
citrobacter diversus,cdi,azithromycin,Enterobacterales
citrobacter diversus,cdi,clarithromycin,Enterobacterales
citrobacter diversus,cdi,clindamycin,Enterobacterales
citrobacter diversus,cdi,daptomycin,Enterobacterales
citrobacter diversus,cdi,erythromycin,Enterobacterales
citrobacter diversus,cdi,fusidic acid,Enterobacterales
citrobacter diversus,cdi,linezolid,Enterobacterales
citrobacter diversus,cdi,oritavancin,Enterobacterales
citrobacter diversus,cdi,quinupristin/dalfopristin,Enterobacterales
citrobacter diversus,cdi,teicoplanin,Enterobacterales
citrobacter diversus,cdi,telavancin,Enterobacterales
citrobacter diversus,cdi,ticarcillin,Enterobacterales
citrobacter diversus,cdi,vancomycin,Enterobacterales
citrobacter diversus-levinea,cdl,azithromycin,Enterobacterales
citrobacter diversus-levinea,cdl,clarithromycin,Enterobacterales
citrobacter diversus-levinea,cdl,clindamycin,Enterobacterales
citrobacter diversus-levinea,cdl,daptomycin,Enterobacterales
citrobacter diversus-levinea,cdl,erythromycin,Enterobacterales
citrobacter diversus-levinea,cdl,fusidic acid,Enterobacterales
citrobacter diversus-levinea,cdl,linezolid,Enterobacterales
citrobacter diversus-levinea,cdl,oritavancin,Enterobacterales
citrobacter diversus-levinea,cdl,quinupristin/dalfopristin,Enterobacterales
citrobacter diversus-levinea,cdl,teicoplanin,Enterobacterales
citrobacter diversus-levinea,cdl,telavancin,Enterobacterales
citrobacter diversus-levinea,cdl,vancomycin,Enterobacterales
citrobacter farmeri,cfa,ampicillin,Enterobacterales
citrobacter farmeri,cfa,azithromycin,Enterobacterales
citrobacter farmeri,cfa,clarithromycin,Enterobacterales
citrobacter farmeri,cfa,clindamycin,Enterobacterales
citrobacter farmeri,cfa,daptomycin,Enterobacterales
citrobacter farmeri,cfa,erythromycin,Enterobacterales
citrobacter farmeri,cfa,fusidic acid,Enterobacterales
citrobacter farmeri,cfa,linezolid,Enterobacterales
citrobacter farmeri,cfa,oritavancin,Enterobacterales
citrobacter farmeri,cfa,quinupristin/dalfopristin,Enterobacterales
citrobacter farmeri,cfa,teicoplanin,Enterobacterales
citrobacter farmeri,cfa,telavancin,Enterobacterales
citrobacter farmeri,cfa,ticarcillin,Enterobacterales
citrobacter farmeri,cfa,vancomycin,Enterobacterales
citrobacter freundii,cfr,amoxicillin/clavulanic acid,Enterobacterales
citrobacter freundii,cfr,ampicillin,Enterobacterales
citrobacter freundii,cfr,ampicillin/sulbactam,Enterobacterales
citrobacter freundii,cfr,azithromycin,Enterobacterales
citrobacter freundii,cfr,cefazolin,Enterobacterales
citrobacter freundii,cfr,cefotetan,Enterobacterales
citrobacter freundii,cfr,cefoxitin,Enterobacterales
citrobacter freundii,cfr,cefuroxime,Enterobacterales
citrobacter freundii,cfr,cephalothin,Enterobacterales
citrobacter freundii,cfr,clarithromycin,Enterobacterales
citrobacter freundii,cfr,clindamycin,Enterobacterales
citrobacter freundii,cfr,daptomycin,Enterobacterales
citrobacter freundii,cfr,erythromycin,Enterobacterales
citrobacter freundii,cfr,fusidic acid,Enterobacterales
citrobacter freundii,cfr,linezolid,Enterobacterales
citrobacter freundii,cfr,oritavancin,Enterobacterales
citrobacter freundii,cfr,quinupristin/dalfopristin,Enterobacterales
citrobacter freundii,cfr,teicoplanin,Enterobacterales
citrobacter freundii,cfr,telavancin,Enterobacterales
citrobacter freundii,cfr,vancomycin,Enterobacterales
citrobacter genomospecies 10,c10,azithromycin,Enterobacterales
citrobacter genomospecies 10,c10,clarithromycin,Enterobacterales
citrobacter genomospecies 10,c10,clindamycin,Enterobacterales
citrobacter genomospecies 10,c10,daptomycin,Enterobacterales
citrobacter genomospecies 10,c10,erythromycin,Enterobacterales
citrobacter genomospecies 10,c10,fusidic acid,Enterobacterales
citrobacter genomospecies 10,c10,linezolid,Enterobacterales
citrobacter genomospecies 10,c10,oritavancin,Enterobacterales
citrobacter genomospecies 10,c10,quinupristin/dalfopristin,Enterobacterales
citrobacter genomospecies 10,c10,teicoplanin,Enterobacterales
citrobacter genomospecies 10,c10,telavancin,Enterobacterales
citrobacter genomospecies 10,c10,vancomycin,Enterobacterales
citrobacter genomospecies 11,c11,azithromycin,Enterobacterales
citrobacter genomospecies 11,c11,clarithromycin,Enterobacterales
citrobacter genomospecies 11,c11,clindamycin,Enterobacterales
citrobacter genomospecies 11,c11,daptomycin,Enterobacterales
citrobacter genomospecies 11,c11,erythromycin,Enterobacterales
citrobacter genomospecies 11,c11,fusidic acid,Enterobacterales
citrobacter genomospecies 11,c11,linezolid,Enterobacterales
citrobacter genomospecies 11,c11,oritavancin,Enterobacterales
citrobacter genomospecies 11,c11,quinupristin/dalfopristin,Enterobacterales
citrobacter genomospecies 11,c11,teicoplanin,Enterobacterales
citrobacter genomospecies 11,c11,telavancin,Enterobacterales
citrobacter genomospecies 11,c11,vancomycin,Enterobacterales
citrobacter genomospecies 9,ci9,azithromycin,Enterobacterales
citrobacter genomospecies 9,ci9,clarithromycin,Enterobacterales
citrobacter genomospecies 9,ci9,clindamycin,Enterobacterales
citrobacter genomospecies 9,ci9,daptomycin,Enterobacterales
citrobacter genomospecies 9,ci9,erythromycin,Enterobacterales
citrobacter genomospecies 9,ci9,fusidic acid,Enterobacterales
citrobacter genomospecies 9,ci9,linezolid,Enterobacterales
citrobacter genomospecies 9,ci9,oritavancin,Enterobacterales
citrobacter genomospecies 9,ci9,quinupristin/dalfopristin,Enterobacterales
citrobacter genomospecies 9,ci9,teicoplanin,Enterobacterales
citrobacter genomospecies 9,ci9,telavancin,Enterobacterales
citrobacter genomospecies 9,ci9,vancomycin,Enterobacterales
citrobacter gillenii,c10,azithromycin,Enterobacterales
citrobacter gillenii,c10,clarithromycin,Enterobacterales
citrobacter gillenii,c10,clindamycin,Enterobacterales
citrobacter gillenii,c10,daptomycin,Enterobacterales
citrobacter gillenii,c10,erythromycin,Enterobacterales
citrobacter gillenii,c10,fusidic acid,Enterobacterales
citrobacter gillenii,c10,linezolid,Enterobacterales
citrobacter gillenii,c10,oritavancin,Enterobacterales
citrobacter gillenii,c10,quinupristin/dalfopristin,Enterobacterales
citrobacter gillenii,c10,teicoplanin,Enterobacterales
citrobacter gillenii,c10,telavancin,Enterobacterales
citrobacter gillenii,c10,vancomycin,Enterobacterales
citrobacter koseri,cdi,ampicillin,Enterobacterales
citrobacter koseri,cdi,azithromycin,Enterobacterales
citrobacter koseri,cdi,clarithromycin,Enterobacterales
citrobacter koseri,cdi,clindamycin,Enterobacterales
citrobacter koseri,cdi,daptomycin,Enterobacterales
citrobacter koseri,cdi,erythromycin,Enterobacterales
citrobacter koseri,cdi,fusidic acid,Enterobacterales
citrobacter koseri,cdi,linezolid,Enterobacterales
citrobacter koseri,cdi,oritavancin,Enterobacterales
citrobacter koseri,cdi,quinupristin/dalfopristin,Enterobacterales
citrobacter koseri,cdi,teicoplanin,Enterobacterales
citrobacter koseri,cdi,telavancin,Enterobacterales
citrobacter koseri,cdi,ticarcillin,Enterobacterales
citrobacter koseri,cdi,vancomycin,Enterobacterales
citrobacter murliniae,c11,azithromycin,Enterobacterales
citrobacter murliniae,c11,clarithromycin,Enterobacterales
citrobacter murliniae,c11,clindamycin,Enterobacterales
citrobacter murliniae,c11,daptomycin,Enterobacterales
citrobacter murliniae,c11,erythromycin,Enterobacterales
citrobacter murliniae,c11,fusidic acid,Enterobacterales
citrobacter murliniae,c11,linezolid,Enterobacterales
citrobacter murliniae,c11,oritavancin,Enterobacterales
citrobacter murliniae,c11,quinupristin/dalfopristin,Enterobacterales
citrobacter murliniae,c11,teicoplanin,Enterobacterales
citrobacter murliniae,c11,telavancin,Enterobacterales
citrobacter murliniae,c11,vancomycin,Enterobacterales
citrobacter rodentium,ci9,azithromycin,Enterobacterales
citrobacter rodentium,ci9,clarithromycin,Enterobacterales
citrobacter rodentium,ci9,clindamycin,Enterobacterales
citrobacter rodentium,ci9,daptomycin,Enterobacterales
citrobacter rodentium,ci9,erythromycin,Enterobacterales
citrobacter rodentium,ci9,fusidic acid,Enterobacterales
citrobacter rodentium,ci9,linezolid,Enterobacterales
citrobacter rodentium,ci9,oritavancin,Enterobacterales
citrobacter rodentium,ci9,quinupristin/dalfopristin,Enterobacterales
citrobacter rodentium,ci9,teicoplanin,Enterobacterales
citrobacter rodentium,ci9,telavancin,Enterobacterales
citrobacter rodentium,ci9,vancomycin,Enterobacterales
citrobacter sedlakii,csk,ampicillin,Enterobacterales
citrobacter sedlakii,csk,azithromycin,Enterobacterales
citrobacter sedlakii,csk,clarithromycin,Enterobacterales
citrobacter sedlakii,csk,clindamycin,Enterobacterales
citrobacter sedlakii,csk,daptomycin,Enterobacterales
citrobacter sedlakii,csk,erythromycin,Enterobacterales
citrobacter sedlakii,csk,fusidic acid,Enterobacterales
citrobacter sedlakii,csk,linezolid,Enterobacterales
citrobacter sedlakii,csk,oritavancin,Enterobacterales
citrobacter sedlakii,csk,quinupristin/dalfopristin,Enterobacterales
citrobacter sedlakii,csk,teicoplanin,Enterobacterales
citrobacter sedlakii,csk,telavancin,Enterobacterales
citrobacter sedlakii,csk,ticarcillin,Enterobacterales
citrobacter sedlakii,csk,vancomycin,Enterobacterales
citrobacter sp.,ci-,azithromycin,Enterobacterales
citrobacter sp.,ci-,clarithromycin,Enterobacterales
citrobacter sp.,ci-,clindamycin,Enterobacterales
citrobacter sp.,ci-,daptomycin,Enterobacterales
citrobacter sp.,ci-,erythromycin,Enterobacterales
citrobacter sp.,ci-,fusidic acid,Enterobacterales
citrobacter sp.,ci-,linezolid,Enterobacterales
citrobacter sp.,ci-,oritavancin,Enterobacterales
citrobacter sp.,ci-,quinupristin/dalfopristin,Enterobacterales
citrobacter sp.,ci-,teicoplanin,Enterobacterales
citrobacter sp.,ci-,telavancin,Enterobacterales
citrobacter sp.,ci-,vancomycin,Enterobacterales
citrobacter werkmanii,cwe,azithromycin,Enterobacterales
citrobacter werkmanii,cwe,clarithromycin,Enterobacterales
citrobacter werkmanii,cwe,clindamycin,Enterobacterales
citrobacter werkmanii,cwe,daptomycin,Enterobacterales
citrobacter werkmanii,cwe,erythromycin,Enterobacterales
citrobacter werkmanii,cwe,fusidic acid,Enterobacterales
citrobacter werkmanii,cwe,linezolid,Enterobacterales
citrobacter werkmanii,cwe,oritavancin,Enterobacterales
citrobacter werkmanii,cwe,quinupristin/dalfopristin,Enterobacterales
citrobacter werkmanii,cwe,teicoplanin,Enterobacterales
citrobacter werkmanii,cwe,telavancin,Enterobacterales
citrobacter werkmanii,cwe,vancomycin,Enterobacterales
citrobacter youngae,cyo,azithromycin,Enterobacterales
citrobacter youngae,cyo,clarithromycin,Enterobacterales
citrobacter youngae,cyo,clindamycin,Enterobacterales
citrobacter youngae,cyo,daptomycin,Enterobacterales
citrobacter youngae,cyo,erythromycin,Enterobacterales
citrobacter youngae,cyo,fusidic acid,Enterobacterales
citrobacter youngae,cyo,linezolid,Enterobacterales
citrobacter youngae,cyo,oritavancin,Enterobacterales
citrobacter youngae,cyo,quinupristin/dalfopristin,Enterobacterales
citrobacter youngae,cyo,teicoplanin,Enterobacterales
citrobacter youngae,cyo,telavancin,Enterobacterales
citrobacter youngae,cyo,vancomycin,Enterobacterales
clostridioides difficile,cdf,amikacin,Anaerobic Gram-Positive Bacilli
clostridioides difficile,cdf,gentamicin,Anaerobic Gram-Positive Bacilli
clostridioides difficile,cdf,gentamicin-high,Anaerobic Gram-Positive Bacilli
clostridioides difficile,cdf,kanamycin,Anaerobic Gram-Positive Bacilli
clostridioides difficile,cdf,kanamycin-high,Anaerobic Gram-Positive Bacilli
clostridioides difficile,cdf,neomycin,Anaerobic Gram-Positive Bacilli
clostridioides difficile,cdf,netilmicin,Anaerobic Gram-Positive Bacilli
clostridioides difficile,cdf,plazomicin,Anaerobic Gram-Positive Bacilli
clostridioides difficile,cdf,streptomycin,Anaerobic Gram-Positive Bacilli
clostridioides difficile,cdf,streptomycin-high,Anaerobic Gram-Positive Bacilli
clostridioides difficile,cdf,tobramycin,Anaerobic Gram-Positive Bacilli
"clostridioides difficile, toxin-nonproducing",cd-,amikacin,Anaerobic Gram-Positive Bacilli
"clostridioides difficile, toxin-nonproducing",cd-,gentamicin,Anaerobic Gram-Positive Bacilli
"clostridioides difficile, toxin-nonproducing",cd-,gentamicin-high,Anaerobic Gram-Positive Bacilli
"clostridioides difficile, toxin-nonproducing",cd-,kanamycin,Anaerobic Gram-Positive Bacilli
"clostridioides difficile, toxin-nonproducing",cd-,kanamycin-high,Anaerobic Gram-Positive Bacilli
"clostridioides difficile, toxin-nonproducing",cd-,neomycin,Anaerobic Gram-Positive Bacilli
"clostridioides difficile, toxin-nonproducing",cd-,netilmicin,Anaerobic Gram-Positive Bacilli
"clostridioides difficile, toxin-nonproducing",cd-,plazomicin,Anaerobic Gram-Positive Bacilli
"clostridioides difficile, toxin-nonproducing",cd-,streptomycin,Anaerobic Gram-Positive Bacilli
"clostridioides difficile, toxin-nonproducing",cd-,streptomycin-high,Anaerobic Gram-Positive Bacilli
"clostridioides difficile, toxin-nonproducing",cd-,tobramycin,Anaerobic Gram-Positive Bacilli
"clostridioides difficile, toxin-producing",cd+,amikacin,Anaerobic Gram-Positive Bacilli
"clostridioides difficile, toxin-producing",cd+,gentamicin,Anaerobic Gram-Positive Bacilli
"clostridioides difficile, toxin-producing",cd+,gentamicin-high,Anaerobic Gram-Positive Bacilli
"clostridioides difficile, toxin-producing",cd+,kanamycin,Anaerobic Gram-Positive Bacilli
"clostridioides difficile, toxin-producing",cd+,kanamycin-high,Anaerobic Gram-Positive Bacilli
"clostridioides difficile, toxin-producing",cd+,neomycin,Anaerobic Gram-Positive Bacilli
"clostridioides difficile, toxin-producing",cd+,netilmicin,Anaerobic Gram-Positive Bacilli
"clostridioides difficile, toxin-producing",cd+,plazomicin,Anaerobic Gram-Positive Bacilli
"clostridioides difficile, toxin-producing",cd+,streptomycin,Anaerobic Gram-Positive Bacilli
"clostridioides difficile, toxin-producing",cd+,streptomycin-high,Anaerobic Gram-Positive Bacilli
"clostridioides difficile, toxin-producing",cd+,tobramycin,Anaerobic Gram-Positive Bacilli
clostridioides sp.,cls,amikacin,Anaerobic Gram-Positive Bacilli
clostridioides sp.,cls,gentamicin,Anaerobic Gram-Positive Bacilli
clostridioides sp.,cls,gentamicin-high,Anaerobic Gram-Positive Bacilli
clostridioides sp.,cls,kanamycin,Anaerobic Gram-Positive Bacilli
clostridioides sp.,cls,kanamycin-high,Anaerobic Gram-Positive Bacilli
clostridioides sp.,cls,neomycin,Anaerobic Gram-Positive Bacilli
clostridioides sp.,cls,netilmicin,Anaerobic Gram-Positive Bacilli
clostridioides sp.,cls,plazomicin,Anaerobic Gram-Positive Bacilli
clostridioides sp.,cls,streptomycin,Anaerobic Gram-Positive Bacilli
clostridioides sp.,cls,streptomycin-high,Anaerobic Gram-Positive Bacilli
clostridioides sp.,cls,tobramycin,Anaerobic Gram-Positive Bacilli
clostridium absonum,cau,amikacin,Anaerobic Gram-Positive Bacilli
clostridium absonum,cau,gentamicin,Anaerobic Gram-Positive Bacilli
clostridium absonum,cau,gentamicin-high,Anaerobic Gram-Positive Bacilli
clostridium absonum,cau,kanamycin,Anaerobic Gram-Positive Bacilli
clostridium absonum,cau,kanamycin-high,Anaerobic Gram-Positive Bacilli
clostridium absonum,cau,neomycin,Anaerobic Gram-Positive Bacilli
clostridium absonum,cau,netilmicin,Anaerobic Gram-Positive Bacilli
clostridium absonum,cau,plazomicin,Anaerobic Gram-Positive Bacilli
clostridium absonum,cau,streptomycin,Anaerobic Gram-Positive Bacilli
clostridium absonum,cau,streptomycin-high,Anaerobic Gram-Positive Bacilli
clostridium absonum,cau,tobramycin,Anaerobic Gram-Positive Bacilli
clostridium acetobutylicum,cab,amikacin,Anaerobic Gram-Positive Bacilli
clostridium acetobutylicum,cab,gentamicin,Anaerobic Gram-Positive Bacilli
clostridium acetobutylicum,cab,gentamicin-high,Anaerobic Gram-Positive Bacilli
clostridium acetobutylicum,cab,kanamycin,Anaerobic Gram-Positive Bacilli
clostridium acetobutylicum,cab,kanamycin-high,Anaerobic Gram-Positive Bacilli
clostridium acetobutylicum,cab,neomycin,Anaerobic Gram-Positive Bacilli
clostridium acetobutylicum,cab,netilmicin,Anaerobic Gram-Positive Bacilli
clostridium acetobutylicum,cab,plazomicin,Anaerobic Gram-Positive Bacilli
clostridium acetobutylicum,cab,streptomycin,Anaerobic Gram-Positive Bacilli
clostridium acetobutylicum,cab,streptomycin-high,Anaerobic Gram-Positive Bacilli
clostridium acetobutylicum,cab,tobramycin,Anaerobic Gram-Positive Bacilli
clostridium aminovalericum,cav,amikacin,Anaerobic Gram-Positive Bacilli
clostridium aminovalericum,cav,gentamicin,Anaerobic Gram-Positive Bacilli
clostridium aminovalericum,cav,gentamicin-high,Anaerobic Gram-Positive Bacilli
clostridium aminovalericum,cav,kanamycin,Anaerobic Gram-Positive Bacilli
clostridium aminovalericum,cav,kanamycin-high,Anaerobic Gram-Positive Bacilli
clostridium aminovalericum,cav,neomycin,Anaerobic Gram-Positive Bacilli
clostridium aminovalericum,cav,netilmicin,Anaerobic Gram-Positive Bacilli
clostridium aminovalericum,cav,plazomicin,Anaerobic Gram-Positive Bacilli
clostridium aminovalericum,cav,streptomycin,Anaerobic Gram-Positive Bacilli
clostridium aminovalericum,cav,streptomycin-high,Anaerobic Gram-Positive Bacilli
clostridium aminovalericum,cav,tobramycin,Anaerobic Gram-Positive Bacilli
clostridium argentinense,cag,amikacin,Anaerobic Gram-Positive Bacilli
clostridium argentinense,cag,gentamicin,Anaerobic Gram-Positive Bacilli
clostridium argentinense,cag,gentamicin-high,Anaerobic Gram-Positive Bacilli
clostridium argentinense,cag,kanamycin,Anaerobic Gram-Positive Bacilli
clostridium argentinense,cag,kanamycin-high,Anaerobic Gram-Positive Bacilli
clostridium argentinense,cag,neomycin,Anaerobic Gram-Positive Bacilli
clostridium argentinense,cag,netilmicin,Anaerobic Gram-Positive Bacilli
clostridium argentinense,cag,plazomicin,Anaerobic Gram-Positive Bacilli
clostridium argentinense,cag,streptomycin,Anaerobic Gram-Positive Bacilli
clostridium argentinense,cag,streptomycin-high,Anaerobic Gram-Positive Bacilli
clostridium argentinense,cag,tobramycin,Anaerobic Gram-Positive Bacilli
clostridium baratii,cba,amikacin,Anaerobic Gram-Positive Bacilli
clostridium baratii,cba,gentamicin,Anaerobic Gram-Positive Bacilli
clostridium baratii,cba,gentamicin-high,Anaerobic Gram-Positive Bacilli
clostridium baratii,cba,kanamycin,Anaerobic Gram-Positive Bacilli
clostridium baratii,cba,kanamycin-high,Anaerobic Gram-Positive Bacilli
clostridium baratii,cba,neomycin,Anaerobic Gram-Positive Bacilli
clostridium baratii,cba,netilmicin,Anaerobic Gram-Positive Bacilli
clostridium baratii,cba,plazomicin,Anaerobic Gram-Positive Bacilli
clostridium baratii,cba,streptomycin,Anaerobic Gram-Positive Bacilli
clostridium baratii,cba,streptomycin-high,Anaerobic Gram-Positive Bacilli
clostridium baratii,cba,tobramycin,Anaerobic Gram-Positive Bacilli
clostridium beijerinckii,cbe,amikacin,Anaerobic Gram-Positive Bacilli
clostridium beijerinckii,cbe,gentamicin,Anaerobic Gram-Positive Bacilli
clostridium beijerinckii,cbe,gentamicin-high,Anaerobic Gram-Positive Bacilli
clostridium beijerinckii,cbe,kanamycin,Anaerobic Gram-Positive Bacilli
clostridium beijerinckii,cbe,kanamycin-high,Anaerobic Gram-Positive Bacilli
clostridium beijerinckii,cbe,neomycin,Anaerobic Gram-Positive Bacilli
clostridium beijerinckii,cbe,netilmicin,Anaerobic Gram-Positive Bacilli
clostridium beijerinckii,cbe,plazomicin,Anaerobic Gram-Positive Bacilli
clostridium beijerinckii,cbe,streptomycin,Anaerobic Gram-Positive Bacilli
clostridium beijerinckii,cbe,streptomycin-high,Anaerobic Gram-Positive Bacilli
clostridium beijerinckii,cbe,tobramycin,Anaerobic Gram-Positive Bacilli
clostridium bifermentans,cbi,amikacin,Anaerobic Gram-Positive Bacilli
clostridium bifermentans,cbi,gentamicin,Anaerobic Gram-Positive Bacilli
clostridium bifermentans,cbi,gentamicin-high,Anaerobic Gram-Positive Bacilli
clostridium bifermentans,cbi,kanamycin,Anaerobic Gram-Positive Bacilli
clostridium bifermentans,cbi,kanamycin-high,Anaerobic Gram-Positive Bacilli
clostridium bifermentans,cbi,neomycin,Anaerobic Gram-Positive Bacilli
clostridium bifermentans,cbi,netilmicin,Anaerobic Gram-Positive Bacilli
clostridium bifermentans,cbi,plazomicin,Anaerobic Gram-Positive Bacilli
clostridium bifermentans,cbi,streptomycin,Anaerobic Gram-Positive Bacilli
clostridium bifermentans,cbi,streptomycin-high,Anaerobic Gram-Positive Bacilli
clostridium bifermentans,cbi,tobramycin,Anaerobic Gram-Positive Bacilli
clostridium botulinum,cbo,amikacin,Anaerobic Gram-Positive Bacilli
clostridium botulinum,cbo,gentamicin,Anaerobic Gram-Positive Bacilli
clostridium botulinum,cbo,gentamicin-high,Anaerobic Gram-Positive Bacilli
clostridium botulinum,cbo,kanamycin,Anaerobic Gram-Positive Bacilli
clostridium botulinum,cbo,kanamycin-high,Anaerobic Gram-Positive Bacilli
clostridium botulinum,cbo,neomycin,Anaerobic Gram-Positive Bacilli
clostridium botulinum,cbo,netilmicin,Anaerobic Gram-Positive Bacilli
clostridium botulinum,cbo,plazomicin,Anaerobic Gram-Positive Bacilli
clostridium botulinum,cbo,streptomycin,Anaerobic Gram-Positive Bacilli
clostridium botulinum,cbo,streptomycin-high,Anaerobic Gram-Positive Bacilli
clostridium botulinum,cbo,tobramycin,Anaerobic Gram-Positive Bacilli
clostridium butyricum,cbu,amikacin,Anaerobic Gram-Positive Bacilli
clostridium butyricum,cbu,gentamicin,Anaerobic Gram-Positive Bacilli
clostridium butyricum,cbu,gentamicin-high,Anaerobic Gram-Positive Bacilli
clostridium butyricum,cbu,kanamycin,Anaerobic Gram-Positive Bacilli
clostridium butyricum,cbu,kanamycin-high,Anaerobic Gram-Positive Bacilli
clostridium butyricum,cbu,neomycin,Anaerobic Gram-Positive Bacilli
clostridium butyricum,cbu,netilmicin,Anaerobic Gram-Positive Bacilli
clostridium butyricum,cbu,plazomicin,Anaerobic Gram-Positive Bacilli
clostridium butyricum,cbu,streptomycin,Anaerobic Gram-Positive Bacilli
clostridium butyricum,cbu,streptomycin-high,Anaerobic Gram-Positive Bacilli
clostridium butyricum,cbu,tobramycin,Anaerobic Gram-Positive Bacilli
clostridium cadaveris,ccd,amikacin,Anaerobic Gram-Positive Bacilli
clostridium cadaveris,ccd,gentamicin,Anaerobic Gram-Positive Bacilli
clostridium cadaveris,ccd,gentamicin-high,Anaerobic Gram-Positive Bacilli
clostridium cadaveris,ccd,kanamycin,Anaerobic Gram-Positive Bacilli
clostridium cadaveris,ccd,kanamycin-high,Anaerobic Gram-Positive Bacilli
clostridium cadaveris,ccd,neomycin,Anaerobic Gram-Positive Bacilli
clostridium cadaveris,ccd,netilmicin,Anaerobic Gram-Positive Bacilli
clostridium cadaveris,ccd,plazomicin,Anaerobic Gram-Positive Bacilli
clostridium cadaveris,ccd,streptomycin,Anaerobic Gram-Positive Bacilli
clostridium cadaveris,ccd,streptomycin-high,Anaerobic Gram-Positive Bacilli
clostridium cadaveris,ccd,tobramycin,Anaerobic Gram-Positive Bacilli
clostridium carnis,cca,amikacin,Anaerobic Gram-Positive Bacilli
clostridium carnis,cca,gentamicin,Anaerobic Gram-Positive Bacilli
clostridium carnis,cca,gentamicin-high,Anaerobic Gram-Positive Bacilli
clostridium carnis,cca,kanamycin,Anaerobic Gram-Positive Bacilli
clostridium carnis,cca,kanamycin-high,Anaerobic Gram-Positive Bacilli
clostridium carnis,cca,neomycin,Anaerobic Gram-Positive Bacilli
clostridium carnis,cca,netilmicin,Anaerobic Gram-Positive Bacilli
clostridium carnis,cca,plazomicin,Anaerobic Gram-Positive Bacilli
clostridium carnis,cca,streptomycin,Anaerobic Gram-Positive Bacilli
clostridium carnis,cca,streptomycin-high,Anaerobic Gram-Positive Bacilli
clostridium carnis,cca,tobramycin,Anaerobic Gram-Positive Bacilli
clostridium chauvoei,cch,amikacin,Anaerobic Gram-Positive Bacilli
clostridium chauvoei,cch,gentamicin,Anaerobic Gram-Positive Bacilli
clostridium chauvoei,cch,gentamicin-high,Anaerobic Gram-Positive Bacilli
clostridium chauvoei,cch,kanamycin,Anaerobic Gram-Positive Bacilli
clostridium chauvoei,cch,kanamycin-high,Anaerobic Gram-Positive Bacilli
clostridium chauvoei,cch,neomycin,Anaerobic Gram-Positive Bacilli
clostridium chauvoei,cch,netilmicin,Anaerobic Gram-Positive Bacilli
clostridium chauvoei,cch,plazomicin,Anaerobic Gram-Positive Bacilli
clostridium chauvoei,cch,streptomycin,Anaerobic Gram-Positive Bacilli
clostridium chauvoei,cch,streptomycin-high,Anaerobic Gram-Positive Bacilli
clostridium chauvoei,cch,tobramycin,Anaerobic Gram-Positive Bacilli
clostridium clostridiiforme,ccl,amikacin,Anaerobic Gram-Positive Bacilli
clostridium clostridiiforme,ccl,gentamicin,Anaerobic Gram-Positive Bacilli
clostridium clostridiiforme,ccl,gentamicin-high,Anaerobic Gram-Positive Bacilli
clostridium clostridiiforme,ccl,kanamycin,Anaerobic Gram-Positive Bacilli
clostridium clostridiiforme,ccl,kanamycin-high,Anaerobic Gram-Positive Bacilli
clostridium clostridiiforme,ccl,neomycin,Anaerobic Gram-Positive Bacilli
clostridium clostridiiforme,ccl,netilmicin,Anaerobic Gram-Positive Bacilli
clostridium clostridiiforme,ccl,plazomicin,Anaerobic Gram-Positive Bacilli
clostridium clostridiiforme,ccl,streptomycin,Anaerobic Gram-Positive Bacilli
clostridium clostridiiforme,ccl,streptomycin-high,Anaerobic Gram-Positive Bacilli
clostridium clostridiiforme,ccl,tobramycin,Anaerobic Gram-Positive Bacilli
clostridium clostridioforme,ccl,amikacin,Anaerobic Gram-Positive Bacilli
clostridium clostridioforme,ccl,gentamicin,Anaerobic Gram-Positive Bacilli
clostridium clostridioforme,ccl,gentamicin-high,Anaerobic Gram-Positive Bacilli
clostridium clostridioforme,ccl,kanamycin,Anaerobic Gram-Positive Bacilli
clostridium clostridioforme,ccl,kanamycin-high,Anaerobic Gram-Positive Bacilli
clostridium clostridioforme,ccl,neomycin,Anaerobic Gram-Positive Bacilli
clostridium clostridioforme,ccl,netilmicin,Anaerobic Gram-Positive Bacilli
clostridium clostridioforme,ccl,plazomicin,Anaerobic Gram-Positive Bacilli
clostridium clostridioforme,ccl,streptomycin,Anaerobic Gram-Positive Bacilli
clostridium clostridioforme,ccl,streptomycin-high,Anaerobic Gram-Positive Bacilli
clostridium clostridioforme,ccl,tobramycin,Anaerobic Gram-Positive Bacilli
clostridium cochlearium,ccc,amikacin,Anaerobic Gram-Positive Bacilli
clostridium cochlearium,ccc,gentamicin,Anaerobic Gram-Positive Bacilli
clostridium cochlearium,ccc,gentamicin-high,Anaerobic Gram-Positive Bacilli
clostridium cochlearium,ccc,kanamycin,Anaerobic Gram-Positive Bacilli
clostridium cochlearium,ccc,kanamycin-high,Anaerobic Gram-Positive Bacilli
clostridium cochlearium,ccc,neomycin,Anaerobic Gram-Positive Bacilli
clostridium cochlearium,ccc,netilmicin,Anaerobic Gram-Positive Bacilli
clostridium cochlearium,ccc,plazomicin,Anaerobic Gram-Positive Bacilli
clostridium cochlearium,ccc,streptomycin,Anaerobic Gram-Positive Bacilli
clostridium cochlearium,ccc,streptomycin-high,Anaerobic Gram-Positive Bacilli
clostridium cochlearium,ccc,tobramycin,Anaerobic Gram-Positive Bacilli
clostridium colinum,cdc,amikacin,Anaerobic Gram-Positive Bacilli
clostridium colinum,cdc,gentamicin,Anaerobic Gram-Positive Bacilli
clostridium colinum,cdc,gentamicin-high,Anaerobic Gram-Positive Bacilli
clostridium colinum,cdc,kanamycin,Anaerobic Gram-Positive Bacilli
clostridium colinum,cdc,kanamycin-high,Anaerobic Gram-Positive Bacilli
clostridium colinum,cdc,neomycin,Anaerobic Gram-Positive Bacilli
clostridium colinum,cdc,netilmicin,Anaerobic Gram-Positive Bacilli
clostridium colinum,cdc,plazomicin,Anaerobic Gram-Positive Bacilli
clostridium colinum,cdc,streptomycin,Anaerobic Gram-Positive Bacilli
clostridium colinum,cdc,streptomycin-high,Anaerobic Gram-Positive Bacilli
clostridium colinum,cdc,tobramycin,Anaerobic Gram-Positive Bacilli
clostridium difficile,cdf,amikacin,Anaerobic Gram-Positive Bacilli
clostridium difficile,cdf,gentamicin,Anaerobic Gram-Positive Bacilli
clostridium difficile,cdf,gentamicin-high,Anaerobic Gram-Positive Bacilli
clostridium difficile,cdf,kanamycin,Anaerobic Gram-Positive Bacilli
clostridium difficile,cdf,kanamycin-high,Anaerobic Gram-Positive Bacilli
clostridium difficile,cdf,neomycin,Anaerobic Gram-Positive Bacilli
clostridium difficile,cdf,netilmicin,Anaerobic Gram-Positive Bacilli
clostridium difficile,cdf,plazomicin,Anaerobic Gram-Positive Bacilli
clostridium difficile,cdf,streptomycin,Anaerobic Gram-Positive Bacilli
clostridium difficile,cdf,streptomycin-high,Anaerobic Gram-Positive Bacilli
clostridium difficile,cdf,tobramycin,Anaerobic Gram-Positive Bacilli
"clostridium difficile, toxin-nonproducing",cd-,amikacin,Anaerobic Gram-Positive Bacilli
"clostridium difficile, toxin-nonproducing",cd-,gentamicin,Anaerobic Gram-Positive Bacilli
"clostridium difficile, toxin-nonproducing",cd-,gentamicin-high,Anaerobic Gram-Positive Bacilli
"clostridium difficile, toxin-nonproducing",cd-,kanamycin,Anaerobic Gram-Positive Bacilli
"clostridium difficile, toxin-nonproducing",cd-,kanamycin-high,Anaerobic Gram-Positive Bacilli
"clostridium difficile, toxin-nonproducing",cd-,neomycin,Anaerobic Gram-Positive Bacilli
"clostridium difficile, toxin-nonproducing",cd-,netilmicin,Anaerobic Gram-Positive Bacilli
"clostridium difficile, toxin-nonproducing",cd-,plazomicin,Anaerobic Gram-Positive Bacilli
"clostridium difficile, toxin-nonproducing",cd-,streptomycin,Anaerobic Gram-Positive Bacilli
"clostridium difficile, toxin-nonproducing",cd-,streptomycin-high,Anaerobic Gram-Positive Bacilli
"clostridium difficile, toxin-nonproducing",cd-,tobramycin,Anaerobic Gram-Positive Bacilli
"clostridium difficile, toxin-producing",cd+,amikacin,Anaerobic Gram-Positive Bacilli
"clostridium difficile, toxin-producing",cd+,gentamicin,Anaerobic Gram-Positive Bacilli
"clostridium difficile, toxin-producing",cd+,gentamicin-high,Anaerobic Gram-Positive Bacilli
"clostridium difficile, toxin-producing",cd+,kanamycin,Anaerobic Gram-Positive Bacilli
"clostridium difficile, toxin-producing",cd+,kanamycin-high,Anaerobic Gram-Positive Bacilli
"clostridium difficile, toxin-producing",cd+,neomycin,Anaerobic Gram-Positive Bacilli
"clostridium difficile, toxin-producing",cd+,netilmicin,Anaerobic Gram-Positive Bacilli
"clostridium difficile, toxin-producing",cd+,plazomicin,Anaerobic Gram-Positive Bacilli
"clostridium difficile, toxin-producing",cd+,streptomycin,Anaerobic Gram-Positive Bacilli
"clostridium difficile, toxin-producing",cd+,streptomycin-high,Anaerobic Gram-Positive Bacilli
"clostridium difficile, toxin-producing",cd+,tobramycin,Anaerobic Gram-Positive Bacilli
clostridium fallax,cfx,amikacin,Anaerobic Gram-Positive Bacilli
clostridium fallax,cfx,gentamicin,Anaerobic Gram-Positive Bacilli
clostridium fallax,cfx,gentamicin-high,Anaerobic Gram-Positive Bacilli
clostridium fallax,cfx,kanamycin,Anaerobic Gram-Positive Bacilli
clostridium fallax,cfx,kanamycin-high,Anaerobic Gram-Positive Bacilli
clostridium fallax,cfx,neomycin,Anaerobic Gram-Positive Bacilli
clostridium fallax,cfx,netilmicin,Anaerobic Gram-Positive Bacilli
clostridium fallax,cfx,plazomicin,Anaerobic Gram-Positive Bacilli
clostridium fallax,cfx,streptomycin,Anaerobic Gram-Positive Bacilli
clostridium fallax,cfx,streptomycin-high,Anaerobic Gram-Positive Bacilli
clostridium fallax,cfx,tobramycin,Anaerobic Gram-Positive Bacilli
clostridium ghoni,cgh,amikacin,Anaerobic Gram-Positive Bacilli
clostridium ghoni,cgh,gentamicin,Anaerobic Gram-Positive Bacilli
clostridium ghoni,cgh,gentamicin-high,Anaerobic Gram-Positive Bacilli
clostridium ghoni,cgh,kanamycin,Anaerobic Gram-Positive Bacilli
clostridium ghoni,cgh,kanamycin-high,Anaerobic Gram-Positive Bacilli
clostridium ghoni,cgh,neomycin,Anaerobic Gram-Positive Bacilli
clostridium ghoni,cgh,netilmicin,Anaerobic Gram-Positive Bacilli
clostridium ghoni,cgh,plazomicin,Anaerobic Gram-Positive Bacilli
clostridium ghoni,cgh,streptomycin,Anaerobic Gram-Positive Bacilli
clostridium ghoni,cgh,streptomycin-high,Anaerobic Gram-Positive Bacilli
clostridium ghoni,cgh,tobramycin,Anaerobic Gram-Positive Bacilli
clostridium glycolicum,cgc,amikacin,Anaerobic Gram-Positive Bacilli
clostridium glycolicum,cgc,gentamicin,Anaerobic Gram-Positive Bacilli
clostridium glycolicum,cgc,gentamicin-high,Anaerobic Gram-Positive Bacilli
clostridium glycolicum,cgc,kanamycin,Anaerobic Gram-Positive Bacilli
clostridium glycolicum,cgc,kanamycin-high,Anaerobic Gram-Positive Bacilli
clostridium glycolicum,cgc,neomycin,Anaerobic Gram-Positive Bacilli
clostridium glycolicum,cgc,netilmicin,Anaerobic Gram-Positive Bacilli
clostridium glycolicum,cgc,plazomicin,Anaerobic Gram-Positive Bacilli
clostridium glycolicum,cgc,streptomycin,Anaerobic Gram-Positive Bacilli
clostridium glycolicum,cgc,streptomycin-high,Anaerobic Gram-Positive Bacilli
clostridium glycolicum,cgc,tobramycin,Anaerobic Gram-Positive Bacilli
clostridium haemolyticum,che,amikacin,Anaerobic Gram-Positive Bacilli
clostridium haemolyticum,che,gentamicin,Anaerobic Gram-Positive Bacilli
clostridium haemolyticum,che,gentamicin-high,Anaerobic Gram-Positive Bacilli
clostridium haemolyticum,che,kanamycin,Anaerobic Gram-Positive Bacilli
clostridium haemolyticum,che,kanamycin-high,Anaerobic Gram-Positive Bacilli
clostridium haemolyticum,che,neomycin,Anaerobic Gram-Positive Bacilli
clostridium haemolyticum,che,netilmicin,Anaerobic Gram-Positive Bacilli
clostridium haemolyticum,che,plazomicin,Anaerobic Gram-Positive Bacilli
clostridium haemolyticum,che,streptomycin,Anaerobic Gram-Positive Bacilli
clostridium haemolyticum,che,streptomycin-high,Anaerobic Gram-Positive Bacilli
clostridium haemolyticum,che,tobramycin,Anaerobic Gram-Positive Bacilli
clostridium histolyticum,chi,amikacin,Anaerobic Gram-Positive Bacilli
clostridium histolyticum,chi,gentamicin,Anaerobic Gram-Positive Bacilli
clostridium histolyticum,chi,gentamicin-high,Anaerobic Gram-Positive Bacilli
clostridium histolyticum,chi,kanamycin,Anaerobic Gram-Positive Bacilli
clostridium histolyticum,chi,kanamycin-high,Anaerobic Gram-Positive Bacilli
clostridium histolyticum,chi,neomycin,Anaerobic Gram-Positive Bacilli
clostridium histolyticum,chi,netilmicin,Anaerobic Gram-Positive Bacilli
clostridium histolyticum,chi,plazomicin,Anaerobic Gram-Positive Bacilli
clostridium histolyticum,chi,streptomycin,Anaerobic Gram-Positive Bacilli
clostridium histolyticum,chi,streptomycin-high,Anaerobic Gram-Positive Bacilli
clostridium histolyticum,chi,tobramycin,Anaerobic Gram-Positive Bacilli
clostridium indolis,cid,amikacin,Anaerobic Gram-Positive Bacilli
clostridium indolis,cid,gentamicin,Anaerobic Gram-Positive Bacilli
clostridium indolis,cid,gentamicin-high,Anaerobic Gram-Positive Bacilli
clostridium indolis,cid,kanamycin,Anaerobic Gram-Positive Bacilli
clostridium indolis,cid,kanamycin-high,Anaerobic Gram-Positive Bacilli
clostridium indolis,cid,neomycin,Anaerobic Gram-Positive Bacilli
clostridium indolis,cid,netilmicin,Anaerobic Gram-Positive Bacilli
clostridium indolis,cid,plazomicin,Anaerobic Gram-Positive Bacilli
clostridium indolis,cid,streptomycin,Anaerobic Gram-Positive Bacilli
clostridium indolis,cid,streptomycin-high,Anaerobic Gram-Positive Bacilli
clostridium indolis,cid,tobramycin,Anaerobic Gram-Positive Bacilli
clostridium innocuum,cic,amikacin,Anaerobic Gram-Positive Bacilli
clostridium innocuum,cic,gentamicin,Anaerobic Gram-Positive Bacilli
clostridium innocuum,cic,gentamicin-high,Anaerobic Gram-Positive Bacilli
clostridium innocuum,cic,kanamycin,Anaerobic Gram-Positive Bacilli
clostridium innocuum,cic,kanamycin-high,Anaerobic Gram-Positive Bacilli
clostridium innocuum,cic,neomycin,Anaerobic Gram-Positive Bacilli
clostridium innocuum,cic,netilmicin,Anaerobic Gram-Positive Bacilli
clostridium innocuum,cic,plazomicin,Anaerobic Gram-Positive Bacilli
clostridium innocuum,cic,streptomycin,Anaerobic Gram-Positive Bacilli
clostridium innocuum,cic,streptomycin-high,Anaerobic Gram-Positive Bacilli
clostridium innocuum,cic,tobramycin,Anaerobic Gram-Positive Bacilli
clostridium innocuum,cic,vancomycin,Anaerobic Gram-Positive Bacilli
clostridium malenominatum,cma,amikacin,Anaerobic Gram-Positive Bacilli
clostridium malenominatum,cma,gentamicin,Anaerobic Gram-Positive Bacilli
clostridium malenominatum,cma,gentamicin-high,Anaerobic Gram-Positive Bacilli
clostridium malenominatum,cma,kanamycin,Anaerobic Gram-Positive Bacilli
clostridium malenominatum,cma,kanamycin-high,Anaerobic Gram-Positive Bacilli
clostridium malenominatum,cma,neomycin,Anaerobic Gram-Positive Bacilli
clostridium malenominatum,cma,netilmicin,Anaerobic Gram-Positive Bacilli
clostridium malenominatum,cma,plazomicin,Anaerobic Gram-Positive Bacilli
clostridium malenominatum,cma,streptomycin,Anaerobic Gram-Positive Bacilli
clostridium malenominatum,cma,streptomycin-high,Anaerobic Gram-Positive Bacilli
clostridium malenominatum,cma,tobramycin,Anaerobic Gram-Positive Bacilli
clostridium nexile,cnx,amikacin,Anaerobic Gram-Positive Bacilli
clostridium nexile,cnx,gentamicin,Anaerobic Gram-Positive Bacilli
clostridium nexile,cnx,gentamicin-high,Anaerobic Gram-Positive Bacilli
clostridium nexile,cnx,kanamycin,Anaerobic Gram-Positive Bacilli
clostridium nexile,cnx,kanamycin-high,Anaerobic Gram-Positive Bacilli
clostridium nexile,cnx,neomycin,Anaerobic Gram-Positive Bacilli
clostridium nexile,cnx,netilmicin,Anaerobic Gram-Positive Bacilli
clostridium nexile,cnx,plazomicin,Anaerobic Gram-Positive Bacilli
clostridium nexile,cnx,streptomycin,Anaerobic Gram-Positive Bacilli
clostridium nexile,cnx,streptomycin-high,Anaerobic Gram-Positive Bacilli
clostridium nexile,cnx,tobramycin,Anaerobic Gram-Positive Bacilli
clostridium novyi,cno,amikacin,Anaerobic Gram-Positive Bacilli
clostridium novyi,cno,gentamicin,Anaerobic Gram-Positive Bacilli
clostridium novyi,cno,gentamicin-high,Anaerobic Gram-Positive Bacilli
clostridium novyi,cno,kanamycin,Anaerobic Gram-Positive Bacilli
clostridium novyi,cno,kanamycin-high,Anaerobic Gram-Positive Bacilli
clostridium novyi,cno,neomycin,Anaerobic Gram-Positive Bacilli
clostridium novyi,cno,netilmicin,Anaerobic Gram-Positive Bacilli
clostridium novyi,cno,plazomicin,Anaerobic Gram-Positive Bacilli
clostridium novyi,cno,streptomycin,Anaerobic Gram-Positive Bacilli
clostridium novyi,cno,streptomycin-high,Anaerobic Gram-Positive Bacilli
clostridium novyi,cno,tobramycin,Anaerobic Gram-Positive Bacilli
clostridium novyi type a,cna,amikacin,Anaerobic Gram-Positive Bacilli
clostridium novyi type a,cna,gentamicin,Anaerobic Gram-Positive Bacilli
clostridium novyi type a,cna,gentamicin-high,Anaerobic Gram-Positive Bacilli
clostridium novyi type a,cna,kanamycin,Anaerobic Gram-Positive Bacilli
clostridium novyi type a,cna,kanamycin-high,Anaerobic Gram-Positive Bacilli
clostridium novyi type a,cna,neomycin,Anaerobic Gram-Positive Bacilli
clostridium novyi type a,cna,netilmicin,Anaerobic Gram-Positive Bacilli
clostridium novyi type a,cna,plazomicin,Anaerobic Gram-Positive Bacilli
clostridium novyi type a,cna,streptomycin,Anaerobic Gram-Positive Bacilli
clostridium novyi type a,cna,streptomycin-high,Anaerobic Gram-Positive Bacilli
clostridium novyi type a,cna,tobramycin,Anaerobic Gram-Positive Bacilli
clostridium novyi type b,cnb,amikacin,Anaerobic Gram-Positive Bacilli
clostridium novyi type b,cnb,gentamicin,Anaerobic Gram-Positive Bacilli
clostridium novyi type b,cnb,gentamicin-high,Anaerobic Gram-Positive Bacilli
clostridium novyi type b,cnb,kanamycin,Anaerobic Gram-Positive Bacilli
clostridium novyi type b,cnb,kanamycin-high,Anaerobic Gram-Positive Bacilli
clostridium novyi type b,cnb,neomycin,Anaerobic Gram-Positive Bacilli
clostridium novyi type b,cnb,netilmicin,Anaerobic Gram-Positive Bacilli
clostridium novyi type b,cnb,plazomicin,Anaerobic Gram-Positive Bacilli
clostridium novyi type b,cnb,streptomycin,Anaerobic Gram-Positive Bacilli
clostridium novyi type b,cnb,streptomycin-high,Anaerobic Gram-Positive Bacilli
clostridium novyi type b,cnb,tobramycin,Anaerobic Gram-Positive Bacilli
clostridium oedematiens type a,cna,amikacin,Anaerobic Gram-Positive Bacilli
clostridium oedematiens type a,cna,gentamicin,Anaerobic Gram-Positive Bacilli
clostridium oedematiens type a,cna,gentamicin-high,Anaerobic Gram-Positive Bacilli
clostridium oedematiens type a,cna,kanamycin,Anaerobic Gram-Positive Bacilli
clostridium oedematiens type a,cna,kanamycin-high,Anaerobic Gram-Positive Bacilli
clostridium oedematiens type a,cna,neomycin,Anaerobic Gram-Positive Bacilli
clostridium oedematiens type a,cna,netilmicin,Anaerobic Gram-Positive Bacilli
clostridium oedematiens type a,cna,plazomicin,Anaerobic Gram-Positive Bacilli
clostridium oedematiens type a,cna,streptomycin,Anaerobic Gram-Positive Bacilli
clostridium oedematiens type a,cna,streptomycin-high,Anaerobic Gram-Positive Bacilli
clostridium oedematiens type a,cna,tobramycin,Anaerobic Gram-Positive Bacilli
clostridium oedematiens type b,cnb,amikacin,Anaerobic Gram-Positive Bacilli
clostridium oedematiens type b,cnb,gentamicin,Anaerobic Gram-Positive Bacilli
clostridium oedematiens type b,cnb,gentamicin-high,Anaerobic Gram-Positive Bacilli
clostridium oedematiens type b,cnb,kanamycin,Anaerobic Gram-Positive Bacilli
clostridium oedematiens type b,cnb,kanamycin-high,Anaerobic Gram-Positive Bacilli
clostridium oedematiens type b,cnb,neomycin,Anaerobic Gram-Positive Bacilli
clostridium oedematiens type b,cnb,netilmicin,Anaerobic Gram-Positive Bacilli
clostridium oedematiens type b,cnb,plazomicin,Anaerobic Gram-Positive Bacilli
clostridium oedematiens type b,cnb,streptomycin,Anaerobic Gram-Positive Bacilli
clostridium oedematiens type b,cnb,streptomycin-high,Anaerobic Gram-Positive Bacilli
clostridium oedematiens type b,cnb,tobramycin,Anaerobic Gram-Positive Bacilli
clostridium oroticum,cou,amikacin,Anaerobic Gram-Positive Bacilli
clostridium oroticum,cou,gentamicin,Anaerobic Gram-Positive Bacilli
clostridium oroticum,cou,gentamicin-high,Anaerobic Gram-Positive Bacilli
clostridium oroticum,cou,kanamycin,Anaerobic Gram-Positive Bacilli
clostridium oroticum,cou,kanamycin-high,Anaerobic Gram-Positive Bacilli
clostridium oroticum,cou,neomycin,Anaerobic Gram-Positive Bacilli
clostridium oroticum,cou,netilmicin,Anaerobic Gram-Positive Bacilli
clostridium oroticum,cou,plazomicin,Anaerobic Gram-Positive Bacilli
clostridium oroticum,cou,streptomycin,Anaerobic Gram-Positive Bacilli
clostridium oroticum,cou,streptomycin-high,Anaerobic Gram-Positive Bacilli
clostridium oroticum,cou,tobramycin,Anaerobic Gram-Positive Bacilli
clostridium paraperfringens,cba,amikacin,Anaerobic Gram-Positive Bacilli
clostridium paraperfringens,cba,gentamicin,Anaerobic Gram-Positive Bacilli
clostridium paraperfringens,cba,gentamicin-high,Anaerobic Gram-Positive Bacilli
clostridium paraperfringens,cba,kanamycin,Anaerobic Gram-Positive Bacilli
clostridium paraperfringens,cba,kanamycin-high,Anaerobic Gram-Positive Bacilli
clostridium paraperfringens,cba,neomycin,Anaerobic Gram-Positive Bacilli
clostridium paraperfringens,cba,netilmicin,Anaerobic Gram-Positive Bacilli
clostridium paraperfringens,cba,plazomicin,Anaerobic Gram-Positive Bacilli
clostridium paraperfringens,cba,streptomycin,Anaerobic Gram-Positive Bacilli
clostridium paraperfringens,cba,streptomycin-high,Anaerobic Gram-Positive Bacilli
clostridium paraperfringens,cba,tobramycin,Anaerobic Gram-Positive Bacilli
clostridium paraputrificum,cpp,amikacin,Anaerobic Gram-Positive Bacilli
clostridium paraputrificum,cpp,gentamicin,Anaerobic Gram-Positive Bacilli
clostridium paraputrificum,cpp,gentamicin-high,Anaerobic Gram-Positive Bacilli
clostridium paraputrificum,cpp,kanamycin,Anaerobic Gram-Positive Bacilli
clostridium paraputrificum,cpp,kanamycin-high,Anaerobic Gram-Positive Bacilli
clostridium paraputrificum,cpp,neomycin,Anaerobic Gram-Positive Bacilli
clostridium paraputrificum,cpp,netilmicin,Anaerobic Gram-Positive Bacilli
clostridium paraputrificum,cpp,plazomicin,Anaerobic Gram-Positive Bacilli
clostridium paraputrificum,cpp,streptomycin,Anaerobic Gram-Positive Bacilli
clostridium paraputrificum,cpp,streptomycin-high,Anaerobic Gram-Positive Bacilli
clostridium paraputrificum,cpp,tobramycin,Anaerobic Gram-Positive Bacilli
clostridium perfringens,cpe,amikacin,Anaerobic Gram-Positive Bacilli
clostridium perfringens,cpe,gentamicin,Anaerobic Gram-Positive Bacilli
clostridium perfringens,cpe,gentamicin-high,Anaerobic Gram-Positive Bacilli
clostridium perfringens,cpe,kanamycin,Anaerobic Gram-Positive Bacilli
clostridium perfringens,cpe,kanamycin-high,Anaerobic Gram-Positive Bacilli
clostridium perfringens,cpe,neomycin,Anaerobic Gram-Positive Bacilli
clostridium perfringens,cpe,netilmicin,Anaerobic Gram-Positive Bacilli
clostridium perfringens,cpe,plazomicin,Anaerobic Gram-Positive Bacilli
clostridium perfringens,cpe,streptomycin,Anaerobic Gram-Positive Bacilli
clostridium perfringens,cpe,streptomycin-high,Anaerobic Gram-Positive Bacilli
clostridium perfringens,cpe,tobramycin,Anaerobic Gram-Positive Bacilli
clostridium piliforme,cpf,amikacin,Anaerobic Gram-Positive Bacilli
clostridium piliforme,cpf,gentamicin,Anaerobic Gram-Positive Bacilli
clostridium piliforme,cpf,gentamicin-high,Anaerobic Gram-Positive Bacilli
clostridium piliforme,cpf,kanamycin,Anaerobic Gram-Positive Bacilli
clostridium piliforme,cpf,kanamycin-high,Anaerobic Gram-Positive Bacilli
clostridium piliforme,cpf,neomycin,Anaerobic Gram-Positive Bacilli
clostridium piliforme,cpf,netilmicin,Anaerobic Gram-Positive Bacilli
clostridium piliforme,cpf,plazomicin,Anaerobic Gram-Positive Bacilli
clostridium piliforme,cpf,streptomycin,Anaerobic Gram-Positive Bacilli
clostridium piliforme,cpf,streptomycin-high,Anaerobic Gram-Positive Bacilli
clostridium piliforme,cpf,tobramycin,Anaerobic Gram-Positive Bacilli
clostridium putrefaciens,clf,amikacin,Anaerobic Gram-Positive Bacilli
clostridium putrefaciens,clf,gentamicin,Anaerobic Gram-Positive Bacilli
clostridium putrefaciens,clf,gentamicin-high,Anaerobic Gram-Positive Bacilli
clostridium putrefaciens,clf,kanamycin,Anaerobic Gram-Positive Bacilli
clostridium putrefaciens,clf,kanamycin-high,Anaerobic Gram-Positive Bacilli
clostridium putrefaciens,clf,neomycin,Anaerobic Gram-Positive Bacilli
clostridium putrefaciens,clf,netilmicin,Anaerobic Gram-Positive Bacilli
clostridium putrefaciens,clf,plazomicin,Anaerobic Gram-Positive Bacilli
clostridium putrefaciens,clf,streptomycin,Anaerobic Gram-Positive Bacilli
clostridium putrefaciens,clf,streptomycin-high,Anaerobic Gram-Positive Bacilli
clostridium putrefaciens,clf,tobramycin,Anaerobic Gram-Positive Bacilli
clostridium putrificum,cpu,amikacin,Anaerobic Gram-Positive Bacilli
clostridium putrificum,cpu,gentamicin,Anaerobic Gram-Positive Bacilli
clostridium putrificum,cpu,gentamicin-high,Anaerobic Gram-Positive Bacilli
clostridium putrificum,cpu,kanamycin,Anaerobic Gram-Positive Bacilli
clostridium putrificum,cpu,kanamycin-high,Anaerobic Gram-Positive Bacilli
clostridium putrificum,cpu,neomycin,Anaerobic Gram-Positive Bacilli
clostridium putrificum,cpu,netilmicin,Anaerobic Gram-Positive Bacilli
clostridium putrificum,cpu,plazomicin,Anaerobic Gram-Positive Bacilli
clostridium putrificum,cpu,streptomycin,Anaerobic Gram-Positive Bacilli
clostridium putrificum,cpu,streptomycin-high,Anaerobic Gram-Positive Bacilli
clostridium putrificum,cpu,tobramycin,Anaerobic Gram-Positive Bacilli
clostridium ramosum,cra,amikacin,Anaerobic Gram-Positive Bacilli
clostridium ramosum,cra,gentamicin,Anaerobic Gram-Positive Bacilli
clostridium ramosum,cra,gentamicin-high,Anaerobic Gram-Positive Bacilli
clostridium ramosum,cra,kanamycin,Anaerobic Gram-Positive Bacilli
clostridium ramosum,cra,kanamycin-high,Anaerobic Gram-Positive Bacilli
clostridium ramosum,cra,neomycin,Anaerobic Gram-Positive Bacilli
clostridium ramosum,cra,netilmicin,Anaerobic Gram-Positive Bacilli
clostridium ramosum,cra,plazomicin,Anaerobic Gram-Positive Bacilli
clostridium ramosum,cra,streptomycin,Anaerobic Gram-Positive Bacilli
clostridium ramosum,cra,streptomycin-high,Anaerobic Gram-Positive Bacilli
clostridium ramosum,cra,tobramycin,Anaerobic Gram-Positive Bacilli
clostridium sardiniense,cau,amikacin,Anaerobic Gram-Positive Bacilli
clostridium sardiniense,cau,gentamicin,Anaerobic Gram-Positive Bacilli
clostridium sardiniense,cau,gentamicin-high,Anaerobic Gram-Positive Bacilli
clostridium sardiniense,cau,kanamycin,Anaerobic Gram-Positive Bacilli
clostridium sardiniense,cau,kanamycin-high,Anaerobic Gram-Positive Bacilli
clostridium sardiniense,cau,neomycin,Anaerobic Gram-Positive Bacilli
clostridium sardiniense,cau,netilmicin,Anaerobic Gram-Positive Bacilli
clostridium sardiniense,cau,plazomicin,Anaerobic Gram-Positive Bacilli
clostridium sardiniense,cau,streptomycin,Anaerobic Gram-Positive Bacilli
clostridium sardiniense,cau,streptomycin-high,Anaerobic Gram-Positive Bacilli
clostridium sardiniense,cau,tobramycin,Anaerobic Gram-Positive Bacilli
clostridium sartagoforme,csa,amikacin,Anaerobic Gram-Positive Bacilli
clostridium sartagoforme,csa,gentamicin,Anaerobic Gram-Positive Bacilli
clostridium sartagoforme,csa,gentamicin-high,Anaerobic Gram-Positive Bacilli
clostridium sartagoforme,csa,kanamycin,Anaerobic Gram-Positive Bacilli
clostridium sartagoforme,csa,kanamycin-high,Anaerobic Gram-Positive Bacilli
clostridium sartagoforme,csa,neomycin,Anaerobic Gram-Positive Bacilli
clostridium sartagoforme,csa,netilmicin,Anaerobic Gram-Positive Bacilli
clostridium sartagoforme,csa,plazomicin,Anaerobic Gram-Positive Bacilli
clostridium sartagoforme,csa,streptomycin,Anaerobic Gram-Positive Bacilli
clostridium sartagoforme,csa,streptomycin-high,Anaerobic Gram-Positive Bacilli
clostridium sartagoforme,csa,tobramycin,Anaerobic Gram-Positive Bacilli
clostridium sartagoformum,csa,amikacin,Anaerobic Gram-Positive Bacilli
clostridium sartagoformum,csa,gentamicin,Anaerobic Gram-Positive Bacilli
clostridium sartagoformum,csa,gentamicin-high,Anaerobic Gram-Positive Bacilli
clostridium sartagoformum,csa,kanamycin,Anaerobic Gram-Positive Bacilli
clostridium sartagoformum,csa,kanamycin-high,Anaerobic Gram-Positive Bacilli
clostridium sartagoformum,csa,neomycin,Anaerobic Gram-Positive Bacilli
clostridium sartagoformum,csa,netilmicin,Anaerobic Gram-Positive Bacilli
clostridium sartagoformum,csa,plazomicin,Anaerobic Gram-Positive Bacilli
clostridium sartagoformum,csa,streptomycin,Anaerobic Gram-Positive Bacilli
clostridium sartagoformum,csa,streptomycin-high,Anaerobic Gram-Positive Bacilli
clostridium sartagoformum,csa,tobramycin,Anaerobic Gram-Positive Bacilli
clostridium scatologenes,csc,amikacin,Anaerobic Gram-Positive Bacilli
clostridium scatologenes,csc,gentamicin,Anaerobic Gram-Positive Bacilli
clostridium scatologenes,csc,gentamicin-high,Anaerobic Gram-Positive Bacilli
clostridium scatologenes,csc,kanamycin,Anaerobic Gram-Positive Bacilli
clostridium scatologenes,csc,kanamycin-high,Anaerobic Gram-Positive Bacilli
clostridium scatologenes,csc,neomycin,Anaerobic Gram-Positive Bacilli
clostridium scatologenes,csc,netilmicin,Anaerobic Gram-Positive Bacilli
clostridium scatologenes,csc,plazomicin,Anaerobic Gram-Positive Bacilli
clostridium scatologenes,csc,streptomycin,Anaerobic Gram-Positive Bacilli
clostridium scatologenes,csc,streptomycin-high,Anaerobic Gram-Positive Bacilli
clostridium scatologenes,csc,tobramycin,Anaerobic Gram-Positive Bacilli
clostridium septicum,cse,amikacin,Anaerobic Gram-Positive Bacilli
clostridium septicum,cse,gentamicin,Anaerobic Gram-Positive Bacilli
clostridium septicum,cse,gentamicin-high,Anaerobic Gram-Positive Bacilli
clostridium septicum,cse,kanamycin,Anaerobic Gram-Positive Bacilli
clostridium septicum,cse,kanamycin-high,Anaerobic Gram-Positive Bacilli
clostridium septicum,cse,neomycin,Anaerobic Gram-Positive Bacilli
clostridium septicum,cse,netilmicin,Anaerobic Gram-Positive Bacilli
clostridium septicum,cse,plazomicin,Anaerobic Gram-Positive Bacilli
clostridium septicum,cse,streptomycin,Anaerobic Gram-Positive Bacilli
clostridium septicum,cse,streptomycin-high,Anaerobic Gram-Positive Bacilli
clostridium septicum,cse,tobramycin,Anaerobic Gram-Positive Bacilli
clostridium sordellii,cso,amikacin,Anaerobic Gram-Positive Bacilli
clostridium sordellii,cso,gentamicin,Anaerobic Gram-Positive Bacilli
clostridium sordellii,cso,gentamicin-high,Anaerobic Gram-Positive Bacilli
clostridium sordellii,cso,kanamycin,Anaerobic Gram-Positive Bacilli
clostridium sordellii,cso,kanamycin-high,Anaerobic Gram-Positive Bacilli
clostridium sordellii,cso,neomycin,Anaerobic Gram-Positive Bacilli
clostridium sordellii,cso,netilmicin,Anaerobic Gram-Positive Bacilli
clostridium sordellii,cso,plazomicin,Anaerobic Gram-Positive Bacilli
clostridium sordellii,cso,streptomycin,Anaerobic Gram-Positive Bacilli
clostridium sordellii,cso,streptomycin-high,Anaerobic Gram-Positive Bacilli
clostridium sordellii,cso,tobramycin,Anaerobic Gram-Positive Bacilli
clostridium sp.,clo,amikacin,Anaerobic Gram-Positive Bacilli
clostridium sp.,clo,gentamicin,Anaerobic Gram-Positive Bacilli
clostridium sp.,clo,gentamicin-high,Anaerobic Gram-Positive Bacilli
clostridium sp.,clo,kanamycin,Anaerobic Gram-Positive Bacilli
clostridium sp.,clo,kanamycin-high,Anaerobic Gram-Positive Bacilli
clostridium sp.,clo,neomycin,Anaerobic Gram-Positive Bacilli
clostridium sp.,clo,netilmicin,Anaerobic Gram-Positive Bacilli
clostridium sp.,clo,plazomicin,Anaerobic Gram-Positive Bacilli
clostridium sp.,clo,streptomycin,Anaerobic Gram-Positive Bacilli
clostridium sp.,clo,streptomycin-high,Anaerobic Gram-Positive Bacilli
clostridium sp.,clo,tobramycin,Anaerobic Gram-Positive Bacilli
clostridium sphenoides,csn,amikacin,Anaerobic Gram-Positive Bacilli
clostridium sphenoides,csn,gentamicin,Anaerobic Gram-Positive Bacilli
clostridium sphenoides,csn,gentamicin-high,Anaerobic Gram-Positive Bacilli
clostridium sphenoides,csn,kanamycin,Anaerobic Gram-Positive Bacilli
clostridium sphenoides,csn,kanamycin-high,Anaerobic Gram-Positive Bacilli
clostridium sphenoides,csn,neomycin,Anaerobic Gram-Positive Bacilli
clostridium sphenoides,csn,netilmicin,Anaerobic Gram-Positive Bacilli
clostridium sphenoides,csn,plazomicin,Anaerobic Gram-Positive Bacilli
clostridium sphenoides,csn,streptomycin,Anaerobic Gram-Positive Bacilli
clostridium sphenoides,csn,streptomycin-high,Anaerobic Gram-Positive Bacilli
clostridium sphenoides,csn,tobramycin,Anaerobic Gram-Positive Bacilli
clostridium sporogenes,csg,amikacin,Anaerobic Gram-Positive Bacilli
clostridium sporogenes,csg,gentamicin,Anaerobic Gram-Positive Bacilli
clostridium sporogenes,csg,gentamicin-high,Anaerobic Gram-Positive Bacilli
clostridium sporogenes,csg,kanamycin,Anaerobic Gram-Positive Bacilli
clostridium sporogenes,csg,kanamycin-high,Anaerobic Gram-Positive Bacilli
clostridium sporogenes,csg,neomycin,Anaerobic Gram-Positive Bacilli
clostridium sporogenes,csg,netilmicin,Anaerobic Gram-Positive Bacilli
clostridium sporogenes,csg,plazomicin,Anaerobic Gram-Positive Bacilli
clostridium sporogenes,csg,streptomycin,Anaerobic Gram-Positive Bacilli
clostridium sporogenes,csg,streptomycin-high,Anaerobic Gram-Positive Bacilli
clostridium sporogenes,csg,tobramycin,Anaerobic Gram-Positive Bacilli
clostridium sporosphaeroides,css,amikacin,Anaerobic Gram-Positive Bacilli
clostridium sporosphaeroides,css,gentamicin,Anaerobic Gram-Positive Bacilli
clostridium sporosphaeroides,css,gentamicin-high,Anaerobic Gram-Positive Bacilli
clostridium sporosphaeroides,css,kanamycin,Anaerobic Gram-Positive Bacilli
clostridium sporosphaeroides,css,kanamycin-high,Anaerobic Gram-Positive Bacilli
clostridium sporosphaeroides,css,neomycin,Anaerobic Gram-Positive Bacilli
clostridium sporosphaeroides,css,netilmicin,Anaerobic Gram-Positive Bacilli
clostridium sporosphaeroides,css,plazomicin,Anaerobic Gram-Positive Bacilli
clostridium sporosphaeroides,css,streptomycin,Anaerobic Gram-Positive Bacilli
clostridium sporosphaeroides,css,streptomycin-high,Anaerobic Gram-Positive Bacilli
clostridium sporosphaeroides,css,tobramycin,Anaerobic Gram-Positive Bacilli
clostridium subterminale,csu,amikacin,Anaerobic Gram-Positive Bacilli
clostridium subterminale,csu,gentamicin,Anaerobic Gram-Positive Bacilli
clostridium subterminale,csu,gentamicin-high,Anaerobic Gram-Positive Bacilli
clostridium subterminale,csu,kanamycin,Anaerobic Gram-Positive Bacilli
clostridium subterminale,csu,kanamycin-high,Anaerobic Gram-Positive Bacilli
clostridium subterminale,csu,neomycin,Anaerobic Gram-Positive Bacilli
clostridium subterminale,csu,netilmicin,Anaerobic Gram-Positive Bacilli
clostridium subterminale,csu,plazomicin,Anaerobic Gram-Positive Bacilli
clostridium subterminale,csu,streptomycin,Anaerobic Gram-Positive Bacilli
clostridium subterminale,csu,streptomycin-high,Anaerobic Gram-Positive Bacilli
clostridium subterminale,csu,tobramycin,Anaerobic Gram-Positive Bacilli
clostridium symbiosum,csy,amikacin,Anaerobic Gram-Positive Bacilli
clostridium symbiosum,csy,gentamicin,Anaerobic Gram-Positive Bacilli
clostridium symbiosum,csy,gentamicin-high,Anaerobic Gram-Positive Bacilli
clostridium symbiosum,csy,kanamycin,Anaerobic Gram-Positive Bacilli
clostridium symbiosum,csy,kanamycin-high,Anaerobic Gram-Positive Bacilli
clostridium symbiosum,csy,neomycin,Anaerobic Gram-Positive Bacilli
clostridium symbiosum,csy,netilmicin,Anaerobic Gram-Positive Bacilli
clostridium symbiosum,csy,plazomicin,Anaerobic Gram-Positive Bacilli
clostridium symbiosum,csy,streptomycin,Anaerobic Gram-Positive Bacilli
clostridium symbiosum,csy,streptomycin-high,Anaerobic Gram-Positive Bacilli
clostridium symbiosum,csy,tobramycin,Anaerobic Gram-Positive Bacilli
clostridium tertium,ctt,amikacin,Anaerobic Gram-Positive Bacilli
clostridium tertium,ctt,gentamicin,Anaerobic Gram-Positive Bacilli
clostridium tertium,ctt,gentamicin-high,Anaerobic Gram-Positive Bacilli
clostridium tertium,ctt,kanamycin,Anaerobic Gram-Positive Bacilli
clostridium tertium,ctt,kanamycin-high,Anaerobic Gram-Positive Bacilli
clostridium tertium,ctt,neomycin,Anaerobic Gram-Positive Bacilli
clostridium tertium,ctt,netilmicin,Anaerobic Gram-Positive Bacilli
clostridium tertium,ctt,plazomicin,Anaerobic Gram-Positive Bacilli
clostridium tertium,ctt,streptomycin,Anaerobic Gram-Positive Bacilli
clostridium tertium,ctt,streptomycin-high,Anaerobic Gram-Positive Bacilli
clostridium tertium,ctt,tobramycin,Anaerobic Gram-Positive Bacilli
clostridium tetani,cte,amikacin,Anaerobic Gram-Positive Bacilli
clostridium tetani,cte,gentamicin,Anaerobic Gram-Positive Bacilli
clostridium tetani,cte,gentamicin-high,Anaerobic Gram-Positive Bacilli
clostridium tetani,cte,kanamycin,Anaerobic Gram-Positive Bacilli
clostridium tetani,cte,kanamycin-high,Anaerobic Gram-Positive Bacilli
clostridium tetani,cte,neomycin,Anaerobic Gram-Positive Bacilli
clostridium tetani,cte,netilmicin,Anaerobic Gram-Positive Bacilli
clostridium tetani,cte,plazomicin,Anaerobic Gram-Positive Bacilli
clostridium tetani,cte,streptomycin,Anaerobic Gram-Positive Bacilli
clostridium tetani,cte,streptomycin-high,Anaerobic Gram-Positive Bacilli
clostridium tetani,cte,tobramycin,Anaerobic Gram-Positive Bacilli
cosenzaea myxofaciens,pmy,azithromycin,Enterobacterales
cosenzaea myxofaciens,pmy,clarithromycin,Enterobacterales
cosenzaea myxofaciens,pmy,clindamycin,Enterobacterales
cosenzaea myxofaciens,pmy,daptomycin,Enterobacterales
cosenzaea myxofaciens,pmy,erythromycin,Enterobacterales
cosenzaea myxofaciens,pmy,fusidic acid,Enterobacterales
cosenzaea myxofaciens,pmy,linezolid,Enterobacterales
cosenzaea myxofaciens,pmy,oritavancin,Enterobacterales
cosenzaea myxofaciens,pmy,quinupristin/dalfopristin,Enterobacterales
cosenzaea myxofaciens,pmy,teicoplanin,Enterobacterales
cosenzaea myxofaciens,pmy,telavancin,Enterobacterales
cosenzaea myxofaciens,pmy,vancomycin,Enterobacterales
cronobacter sakazakii,esa,azithromycin,Enterobacterales
cronobacter sakazakii,esa,clarithromycin,Enterobacterales
cronobacter sakazakii,esa,clindamycin,Enterobacterales
cronobacter sakazakii,esa,daptomycin,Enterobacterales
cronobacter sakazakii,esa,erythromycin,Enterobacterales
cronobacter sakazakii,esa,fusidic acid,Enterobacterales
cronobacter sakazakii,esa,linezolid,Enterobacterales
cronobacter sakazakii,esa,oritavancin,Enterobacterales
cronobacter sakazakii,esa,quinupristin/dalfopristin,Enterobacterales
cronobacter sakazakii,esa,teicoplanin,Enterobacterales
cronobacter sakazakii,esa,telavancin,Enterobacterales
cronobacter sakazakii,esa,vancomycin,Enterobacterales
cronobacter sp.,cro,azithromycin,Enterobacterales
cronobacter sp.,cro,clarithromycin,Enterobacterales
cronobacter sp.,cro,clindamycin,Enterobacterales
cronobacter sp.,cro,daptomycin,Enterobacterales
cronobacter sp.,cro,erythromycin,Enterobacterales
cronobacter sp.,cro,fusidic acid,Enterobacterales
cronobacter sp.,cro,linezolid,Enterobacterales
cronobacter sp.,cro,oritavancin,Enterobacterales
cronobacter sp.,cro,quinupristin/dalfopristin,Enterobacterales
cronobacter sp.,cro,teicoplanin,Enterobacterales
cronobacter sp.,cro,telavancin,Enterobacterales
cronobacter sp.,cro,vancomycin,Enterobacterales
edwardsiella anguillarum,eda,azithromycin,Enterobacterales
edwardsiella anguillarum,eda,clarithromycin,Enterobacterales
edwardsiella anguillarum,eda,clindamycin,Enterobacterales
edwardsiella anguillarum,eda,daptomycin,Enterobacterales
edwardsiella anguillarum,eda,erythromycin,Enterobacterales
edwardsiella anguillarum,eda,fusidic acid,Enterobacterales
edwardsiella anguillarum,eda,linezolid,Enterobacterales
edwardsiella anguillarum,eda,oritavancin,Enterobacterales
edwardsiella anguillarum,eda,quinupristin/dalfopristin,Enterobacterales
edwardsiella anguillarum,eda,teicoplanin,Enterobacterales
edwardsiella anguillarum,eda,telavancin,Enterobacterales
edwardsiella anguillarum,eda,vancomycin,Enterobacterales
edwardsiella hoshinae,eho,azithromycin,Enterobacterales
edwardsiella hoshinae,eho,clarithromycin,Enterobacterales
edwardsiella hoshinae,eho,clindamycin,Enterobacterales
edwardsiella hoshinae,eho,daptomycin,Enterobacterales
edwardsiella hoshinae,eho,erythromycin,Enterobacterales
edwardsiella hoshinae,eho,fusidic acid,Enterobacterales
edwardsiella hoshinae,eho,linezolid,Enterobacterales
edwardsiella hoshinae,eho,oritavancin,Enterobacterales
edwardsiella hoshinae,eho,quinupristin/dalfopristin,Enterobacterales
edwardsiella hoshinae,eho,teicoplanin,Enterobacterales
edwardsiella hoshinae,eho,telavancin,Enterobacterales
edwardsiella hoshinae,eho,vancomycin,Enterobacterales
edwardsiella ictaluri,eic,azithromycin,Enterobacterales
edwardsiella ictaluri,eic,clarithromycin,Enterobacterales
edwardsiella ictaluri,eic,clindamycin,Enterobacterales
edwardsiella ictaluri,eic,daptomycin,Enterobacterales
edwardsiella ictaluri,eic,erythromycin,Enterobacterales
edwardsiella ictaluri,eic,fusidic acid,Enterobacterales
edwardsiella ictaluri,eic,linezolid,Enterobacterales
edwardsiella ictaluri,eic,oritavancin,Enterobacterales
edwardsiella ictaluri,eic,quinupristin/dalfopristin,Enterobacterales
edwardsiella ictaluri,eic,teicoplanin,Enterobacterales
edwardsiella ictaluri,eic,telavancin,Enterobacterales
edwardsiella ictaluri,eic,vancomycin,Enterobacterales
edwardsiella piscicida,edc,azithromycin,Enterobacterales
edwardsiella piscicida,edc,clarithromycin,Enterobacterales
edwardsiella piscicida,edc,clindamycin,Enterobacterales
edwardsiella piscicida,edc,daptomycin,Enterobacterales
edwardsiella piscicida,edc,erythromycin,Enterobacterales
edwardsiella piscicida,edc,fusidic acid,Enterobacterales
edwardsiella piscicida,edc,linezolid,Enterobacterales
edwardsiella piscicida,edc,oritavancin,Enterobacterales
edwardsiella piscicida,edc,quinupristin/dalfopristin,Enterobacterales
edwardsiella piscicida,edc,teicoplanin,Enterobacterales
edwardsiella piscicida,edc,telavancin,Enterobacterales
edwardsiella piscicida,edc,vancomycin,Enterobacterales
edwardsiella sp.,edw,azithromycin,Enterobacterales
edwardsiella sp.,edw,clarithromycin,Enterobacterales
edwardsiella sp.,edw,clindamycin,Enterobacterales
edwardsiella sp.,edw,daptomycin,Enterobacterales
edwardsiella sp.,edw,erythromycin,Enterobacterales
edwardsiella sp.,edw,fusidic acid,Enterobacterales
edwardsiella sp.,edw,linezolid,Enterobacterales
edwardsiella sp.,edw,oritavancin,Enterobacterales
edwardsiella sp.,edw,quinupristin/dalfopristin,Enterobacterales
edwardsiella sp.,edw,teicoplanin,Enterobacterales
edwardsiella sp.,edw,telavancin,Enterobacterales
edwardsiella sp.,edw,vancomycin,Enterobacterales
edwardsiella tarda,eta,azithromycin,Enterobacterales
edwardsiella tarda,eta,clarithromycin,Enterobacterales
edwardsiella tarda,eta,clindamycin,Enterobacterales
edwardsiella tarda,eta,daptomycin,Enterobacterales
edwardsiella tarda,eta,erythromycin,Enterobacterales
edwardsiella tarda,eta,fusidic acid,Enterobacterales
edwardsiella tarda,eta,linezolid,Enterobacterales
edwardsiella tarda,eta,oritavancin,Enterobacterales
edwardsiella tarda,eta,quinupristin/dalfopristin,Enterobacterales
edwardsiella tarda,eta,teicoplanin,Enterobacterales
edwardsiella tarda,eta,telavancin,Enterobacterales
edwardsiella tarda,eta,vancomycin,Enterobacterales
enterobacter aerogenes,eae,amoxicillin/clavulanic acid,Enterobacterales
enterobacter aerogenes,eae,ampicillin,Enterobacterales
enterobacter aerogenes,eae,ampicillin/sulbactam,Enterobacterales
enterobacter aerogenes,eae,azithromycin,Enterobacterales
enterobacter aerogenes,eae,cefazolin,Enterobacterales
enterobacter aerogenes,eae,cefotetan,Enterobacterales
enterobacter aerogenes,eae,cefoxitin,Enterobacterales
enterobacter aerogenes,eae,cephalothin,Enterobacterales
enterobacter aerogenes,eae,clarithromycin,Enterobacterales
enterobacter aerogenes,eae,clindamycin,Enterobacterales
enterobacter aerogenes,eae,daptomycin,Enterobacterales
enterobacter aerogenes,eae,erythromycin,Enterobacterales
enterobacter aerogenes,eae,fusidic acid,Enterobacterales
enterobacter aerogenes,eae,linezolid,Enterobacterales
enterobacter aerogenes,eae,oritavancin,Enterobacterales
enterobacter aerogenes,eae,quinupristin/dalfopristin,Enterobacterales
enterobacter aerogenes,eae,teicoplanin,Enterobacterales
enterobacter aerogenes,eae,telavancin,Enterobacterales
enterobacter aerogenes,eae,vancomycin,Enterobacterales
enterobacter agglomerans,eag,azithromycin,Enterobacterales
enterobacter agglomerans,eag,clarithromycin,Enterobacterales
enterobacter agglomerans,eag,clindamycin,Enterobacterales
enterobacter agglomerans,eag,daptomycin,Enterobacterales
enterobacter agglomerans,eag,erythromycin,Enterobacterales
enterobacter agglomerans,eag,fusidic acid,Enterobacterales
enterobacter agglomerans,eag,linezolid,Enterobacterales
enterobacter agglomerans,eag,oritavancin,Enterobacterales
enterobacter agglomerans,eag,quinupristin/dalfopristin,Enterobacterales
enterobacter agglomerans,eag,teicoplanin,Enterobacterales
enterobacter agglomerans,eag,telavancin,Enterobacterales
enterobacter agglomerans,eag,vancomycin,Enterobacterales
enterobacter amnigenus,eam,azithromycin,Enterobacterales
enterobacter amnigenus,eam,clarithromycin,Enterobacterales
enterobacter amnigenus,eam,clindamycin,Enterobacterales
enterobacter amnigenus,eam,daptomycin,Enterobacterales
enterobacter amnigenus,eam,erythromycin,Enterobacterales
enterobacter amnigenus,eam,fusidic acid,Enterobacterales
enterobacter amnigenus,eam,linezolid,Enterobacterales
enterobacter amnigenus,eam,oritavancin,Enterobacterales
enterobacter amnigenus,eam,quinupristin/dalfopristin,Enterobacterales
enterobacter amnigenus,eam,teicoplanin,Enterobacterales
enterobacter amnigenus,eam,telavancin,Enterobacterales
enterobacter amnigenus,eam,vancomycin,Enterobacterales
enterobacter amnigenus 1,ea1,azithromycin,Enterobacterales
enterobacter amnigenus 1,ea1,clarithromycin,Enterobacterales
enterobacter amnigenus 1,ea1,clindamycin,Enterobacterales
enterobacter amnigenus 1,ea1,daptomycin,Enterobacterales
enterobacter amnigenus 1,ea1,erythromycin,Enterobacterales
enterobacter amnigenus 1,ea1,fusidic acid,Enterobacterales
enterobacter amnigenus 1,ea1,linezolid,Enterobacterales
enterobacter amnigenus 1,ea1,oritavancin,Enterobacterales
enterobacter amnigenus 1,ea1,quinupristin/dalfopristin,Enterobacterales
enterobacter amnigenus 1,ea1,teicoplanin,Enterobacterales
enterobacter amnigenus 1,ea1,telavancin,Enterobacterales
enterobacter amnigenus 1,ea1,vancomycin,Enterobacterales
enterobacter amnigenus 2,ea2,azithromycin,Enterobacterales
enterobacter amnigenus 2,ea2,clarithromycin,Enterobacterales
enterobacter amnigenus 2,ea2,clindamycin,Enterobacterales
enterobacter amnigenus 2,ea2,daptomycin,Enterobacterales
enterobacter amnigenus 2,ea2,erythromycin,Enterobacterales
enterobacter amnigenus 2,ea2,fusidic acid,Enterobacterales
enterobacter amnigenus 2,ea2,linezolid,Enterobacterales
enterobacter amnigenus 2,ea2,oritavancin,Enterobacterales
enterobacter amnigenus 2,ea2,quinupristin/dalfopristin,Enterobacterales
enterobacter amnigenus 2,ea2,teicoplanin,Enterobacterales
enterobacter amnigenus 2,ea2,telavancin,Enterobacterales
enterobacter amnigenus 2,ea2,vancomycin,Enterobacterales
enterobacter asburiae,eas,amoxicillin/clavulanic acid,Enterobacterales
enterobacter asburiae,eas,ampicillin,Enterobacterales
enterobacter asburiae,eas,ampicillin/sulbactam,Enterobacterales
enterobacter asburiae,eas,azithromycin,Enterobacterales
enterobacter asburiae,eas,cefazolin,Enterobacterales
enterobacter asburiae,eas,cefotetan,Enterobacterales
enterobacter asburiae,eas,cefoxitin,Enterobacterales
enterobacter asburiae,eas,cephalothin,Enterobacterales
enterobacter asburiae,eas,clarithromycin,Enterobacterales
enterobacter asburiae,eas,clindamycin,Enterobacterales
enterobacter asburiae,eas,daptomycin,Enterobacterales
enterobacter asburiae,eas,erythromycin,Enterobacterales
enterobacter asburiae,eas,fusidic acid,Enterobacterales
enterobacter asburiae,eas,linezolid,Enterobacterales
enterobacter asburiae,eas,oritavancin,Enterobacterales
enterobacter asburiae,eas,quinupristin/dalfopristin,Enterobacterales
enterobacter asburiae,eas,teicoplanin,Enterobacterales
enterobacter asburiae,eas,telavancin,Enterobacterales
enterobacter asburiae,eas,vancomycin,Enterobacterales
enterobacter bugandensis,ebg,azithromycin,Enterobacterales
enterobacter bugandensis,ebg,clarithromycin,Enterobacterales
enterobacter bugandensis,ebg,clindamycin,Enterobacterales
enterobacter bugandensis,ebg,daptomycin,Enterobacterales
enterobacter bugandensis,ebg,erythromycin,Enterobacterales
enterobacter bugandensis,ebg,fusidic acid,Enterobacterales
enterobacter bugandensis,ebg,linezolid,Enterobacterales
enterobacter bugandensis,ebg,oritavancin,Enterobacterales
enterobacter bugandensis,ebg,quinupristin/dalfopristin,Enterobacterales
enterobacter bugandensis,ebg,teicoplanin,Enterobacterales
enterobacter bugandensis,ebg,telavancin,Enterobacterales
enterobacter bugandensis,ebg,vancomycin,Enterobacterales
enterobacter cancerogenus (taylorae),ecg,azithromycin,Enterobacterales
enterobacter cancerogenus (taylorae),ecg,clarithromycin,Enterobacterales
enterobacter cancerogenus (taylorae),ecg,clindamycin,Enterobacterales
enterobacter cancerogenus (taylorae),ecg,daptomycin,Enterobacterales
enterobacter cancerogenus (taylorae),ecg,erythromycin,Enterobacterales
enterobacter cancerogenus (taylorae),ecg,fusidic acid,Enterobacterales
enterobacter cancerogenus (taylorae),ecg,linezolid,Enterobacterales
enterobacter cancerogenus (taylorae),ecg,oritavancin,Enterobacterales
enterobacter cancerogenus (taylorae),ecg,quinupristin/dalfopristin,Enterobacterales
enterobacter cancerogenus (taylorae),ecg,teicoplanin,Enterobacterales
enterobacter cancerogenus (taylorae),ecg,telavancin,Enterobacterales
enterobacter cancerogenus (taylorae),ecg,vancomycin,Enterobacterales
enterobacter catenibacterium,eat,azithromycin,Enterobacterales
enterobacter catenibacterium,eat,clarithromycin,Enterobacterales
enterobacter catenibacterium,eat,clindamycin,Enterobacterales
enterobacter catenibacterium,eat,daptomycin,Enterobacterales
enterobacter catenibacterium,eat,erythromycin,Enterobacterales
enterobacter catenibacterium,eat,fusidic acid,Enterobacterales
enterobacter catenibacterium,eat,linezolid,Enterobacterales
enterobacter catenibacterium,eat,oritavancin,Enterobacterales
enterobacter catenibacterium,eat,quinupristin/dalfopristin,Enterobacterales
enterobacter catenibacterium,eat,teicoplanin,Enterobacterales
enterobacter catenibacterium,eat,telavancin,Enterobacterales
enterobacter catenibacterium,eat,vancomycin,Enterobacterales
enterobacter cloacae,ecl,amoxicillin/clavulanic acid,Enterobacterales
enterobacter cloacae,ecl,ampicillin,Enterobacterales
enterobacter cloacae,ecl,ampicillin/sulbactam,Enterobacterales
enterobacter cloacae,ecl,azithromycin,Enterobacterales
enterobacter cloacae,ecl,cefazolin,Enterobacterales
enterobacter cloacae,ecl,cefotetan,Enterobacterales
enterobacter cloacae,ecl,cefoxitin,Enterobacterales
enterobacter cloacae,ecl,cephalothin,Enterobacterales
enterobacter cloacae,ecl,clarithromycin,Enterobacterales
enterobacter cloacae,ecl,clindamycin,Enterobacterales
enterobacter cloacae,ecl,daptomycin,Enterobacterales
enterobacter cloacae,ecl,erythromycin,Enterobacterales
enterobacter cloacae,ecl,fusidic acid,Enterobacterales
enterobacter cloacae,ecl,linezolid,Enterobacterales
enterobacter cloacae,ecl,oritavancin,Enterobacterales
enterobacter cloacae,ecl,quinupristin/dalfopristin,Enterobacterales
enterobacter cloacae,ecl,teicoplanin,Enterobacterales
enterobacter cloacae,ecl,telavancin,Enterobacterales
enterobacter cloacae,ecl,vancomycin,Enterobacterales
enterobacter cloacae complex,ecx,amoxicillin/clavulanic acid,Enterobacterales
enterobacter cloacae complex,ecx,ampicillin,Enterobacterales
enterobacter cloacae complex,ecx,ampicillin/sulbactam,Enterobacterales
enterobacter cloacae complex,ecx,azithromycin,Enterobacterales
enterobacter cloacae complex,ecx,cefazolin,Enterobacterales
enterobacter cloacae complex,ecx,cefotetan,Enterobacterales
enterobacter cloacae complex,ecx,cefoxitin,Enterobacterales
enterobacter cloacae complex,ecx,cephalothin,Enterobacterales
enterobacter cloacae complex,ecx,clarithromycin,Enterobacterales
enterobacter cloacae complex,ecx,clindamycin,Enterobacterales
enterobacter cloacae complex,ecx,daptomycin,Enterobacterales
enterobacter cloacae complex,ecx,erythromycin,Enterobacterales
enterobacter cloacae complex,ecx,fusidic acid,Enterobacterales
enterobacter cloacae complex,ecx,linezolid,Enterobacterales
enterobacter cloacae complex,ecx,oritavancin,Enterobacterales
enterobacter cloacae complex,ecx,quinupristin/dalfopristin,Enterobacterales
enterobacter cloacae complex,ecx,teicoplanin,Enterobacterales
enterobacter cloacae complex,ecx,telavancin,Enterobacterales
enterobacter cloacae complex,ecx,vancomycin,Enterobacterales
enterobacter cloacae ss. dissolvens,edi,amoxicillin/clavulanic acid,Enterobacterales
enterobacter cloacae ss. dissolvens,edi,ampicillin,Enterobacterales
enterobacter cloacae ss. dissolvens,edi,ampicillin/sulbactam,Enterobacterales
enterobacter cloacae ss. dissolvens,edi,azithromycin,Enterobacterales
enterobacter cloacae ss. dissolvens,edi,cefazolin,Enterobacterales
enterobacter cloacae ss. dissolvens,edi,cefotetan,Enterobacterales
enterobacter cloacae ss. dissolvens,edi,cefoxitin,Enterobacterales
enterobacter cloacae ss. dissolvens,edi,cephalothin,Enterobacterales
enterobacter cloacae ss. dissolvens,edi,clarithromycin,Enterobacterales
enterobacter cloacae ss. dissolvens,edi,clindamycin,Enterobacterales
enterobacter cloacae ss. dissolvens,edi,daptomycin,Enterobacterales
enterobacter cloacae ss. dissolvens,edi,erythromycin,Enterobacterales
enterobacter cloacae ss. dissolvens,edi,fusidic acid,Enterobacterales
enterobacter cloacae ss. dissolvens,edi,linezolid,Enterobacterales
enterobacter cloacae ss. dissolvens,edi,oritavancin,Enterobacterales
enterobacter cloacae ss. dissolvens,edi,quinupristin/dalfopristin,Enterobacterales
enterobacter cloacae ss. dissolvens,edi,teicoplanin,Enterobacterales
enterobacter cloacae ss. dissolvens,edi,telavancin,Enterobacterales
enterobacter cloacae ss. dissolvens,edi,vancomycin,Enterobacterales
enterobacter dissolvens,edi,amoxicillin/clavulanic acid,Enterobacterales
enterobacter dissolvens,edi,ampicillin,Enterobacterales
enterobacter dissolvens,edi,ampicillin/sulbactam,Enterobacterales
enterobacter dissolvens,edi,azithromycin,Enterobacterales
enterobacter dissolvens,edi,cefazolin,Enterobacterales
enterobacter dissolvens,edi,cefotetan,Enterobacterales
enterobacter dissolvens,edi,cefoxitin,Enterobacterales
enterobacter dissolvens,edi,cephalothin,Enterobacterales
enterobacter dissolvens,edi,clarithromycin,Enterobacterales
enterobacter dissolvens,edi,clindamycin,Enterobacterales
enterobacter dissolvens,edi,daptomycin,Enterobacterales
enterobacter dissolvens,edi,erythromycin,Enterobacterales
enterobacter dissolvens,edi,fusidic acid,Enterobacterales
enterobacter dissolvens,edi,linezolid,Enterobacterales
enterobacter dissolvens,edi,oritavancin,Enterobacterales
enterobacter dissolvens,edi,quinupristin/dalfopristin,Enterobacterales
enterobacter dissolvens,edi,teicoplanin,Enterobacterales
enterobacter dissolvens,edi,telavancin,Enterobacterales
enterobacter dissolvens,edi,vancomycin,Enterobacterales
enterobacter gergoviae,egg,azithromycin,Enterobacterales
enterobacter gergoviae,egg,clarithromycin,Enterobacterales
enterobacter gergoviae,egg,clindamycin,Enterobacterales
enterobacter gergoviae,egg,daptomycin,Enterobacterales
enterobacter gergoviae,egg,erythromycin,Enterobacterales
enterobacter gergoviae,egg,fusidic acid,Enterobacterales
enterobacter gergoviae,egg,linezolid,Enterobacterales
enterobacter gergoviae,egg,oritavancin,Enterobacterales
enterobacter gergoviae,egg,quinupristin/dalfopristin,Enterobacterales
enterobacter gergoviae,egg,teicoplanin,Enterobacterales
enterobacter gergoviae,egg,telavancin,Enterobacterales
enterobacter gergoviae,egg,vancomycin,Enterobacterales
enterobacter hafnia,hal,amoxicillin/clavulanic acid,Enterobacterales
enterobacter hafnia,hal,ampicillin,Enterobacterales
enterobacter hafnia,hal,ampicillin/sulbactam,Enterobacterales
enterobacter hafnia,hal,azithromycin,Enterobacterales
enterobacter hafnia,hal,cefazolin,Enterobacterales
enterobacter hafnia,hal,cefotetan,Enterobacterales
enterobacter hafnia,hal,cefoxitin,Enterobacterales
enterobacter hafnia,hal,cephalothin,Enterobacterales
enterobacter hafnia,hal,clarithromycin,Enterobacterales
enterobacter hafnia,hal,clindamycin,Enterobacterales
enterobacter hafnia,hal,colistin,Enterobacterales
enterobacter hafnia,hal,daptomycin,Enterobacterales
enterobacter hafnia,hal,erythromycin,Enterobacterales
enterobacter hafnia,hal,fusidic acid,Enterobacterales
enterobacter hafnia,hal,linezolid,Enterobacterales
enterobacter hafnia,hal,oritavancin,Enterobacterales
enterobacter hafnia,hal,polymyxin b,Enterobacterales
enterobacter hafnia,hal,quinupristin/dalfopristin,Enterobacterales
enterobacter hafnia,hal,teicoplanin,Enterobacterales
enterobacter hafnia,hal,telavancin,Enterobacterales
enterobacter hafnia,hal,vancomycin,Enterobacterales
enterobacter hormaechei,ehm,amoxicillin/clavulanic acid,Enterobacterales
enterobacter hormaechei,ehm,ampicillin,Enterobacterales
enterobacter hormaechei,ehm,ampicillin/sulbactam,Enterobacterales
enterobacter hormaechei,ehm,azithromycin,Enterobacterales
enterobacter hormaechei,ehm,cefazolin,Enterobacterales
enterobacter hormaechei,ehm,cefotetan,Enterobacterales
enterobacter hormaechei,ehm,cefoxitin,Enterobacterales
enterobacter hormaechei,ehm,cephalothin,Enterobacterales
enterobacter hormaechei,ehm,clarithromycin,Enterobacterales
enterobacter hormaechei,ehm,clindamycin,Enterobacterales
enterobacter hormaechei,ehm,daptomycin,Enterobacterales
enterobacter hormaechei,ehm,erythromycin,Enterobacterales
enterobacter hormaechei,ehm,fusidic acid,Enterobacterales
enterobacter hormaechei,ehm,linezolid,Enterobacterales
enterobacter hormaechei,ehm,oritavancin,Enterobacterales
enterobacter hormaechei,ehm,quinupristin/dalfopristin,Enterobacterales
enterobacter hormaechei,ehm,teicoplanin,Enterobacterales
enterobacter hormaechei,ehm,telavancin,Enterobacterales
enterobacter hormaechei,ehm,vancomycin,Enterobacterales
enterobacter intermedius,ein,azithromycin,Enterobacterales
enterobacter intermedius,ein,clarithromycin,Enterobacterales
enterobacter intermedius,ein,clindamycin,Enterobacterales
enterobacter intermedius,ein,daptomycin,Enterobacterales
enterobacter intermedius,ein,erythromycin,Enterobacterales
enterobacter intermedius,ein,fusidic acid,Enterobacterales
enterobacter intermedius,ein,linezolid,Enterobacterales
enterobacter intermedius,ein,oritavancin,Enterobacterales
enterobacter intermedius,ein,quinupristin/dalfopristin,Enterobacterales
enterobacter intermedius,ein,teicoplanin,Enterobacterales
enterobacter intermedius,ein,telavancin,Enterobacterales
enterobacter intermedius,ein,vancomycin,Enterobacterales
enterobacter kobei,enk,amoxicillin/clavulanic acid,Enterobacterales
enterobacter kobei,enk,ampicillin,Enterobacterales
enterobacter kobei,enk,ampicillin/sulbactam,Enterobacterales
enterobacter kobei,enk,azithromycin,Enterobacterales
enterobacter kobei,enk,cefazolin,Enterobacterales
enterobacter kobei,enk,cefotetan,Enterobacterales
enterobacter kobei,enk,cefoxitin,Enterobacterales
enterobacter kobei,enk,cephalothin,Enterobacterales
enterobacter kobei,enk,clarithromycin,Enterobacterales
enterobacter kobei,enk,clindamycin,Enterobacterales
enterobacter kobei,enk,daptomycin,Enterobacterales
enterobacter kobei,enk,erythromycin,Enterobacterales
enterobacter kobei,enk,fusidic acid,Enterobacterales
enterobacter kobei,enk,linezolid,Enterobacterales
enterobacter kobei,enk,oritavancin,Enterobacterales
enterobacter kobei,enk,quinupristin/dalfopristin,Enterobacterales
enterobacter kobei,enk,teicoplanin,Enterobacterales
enterobacter kobei,enk,telavancin,Enterobacterales
enterobacter kobei,enk,vancomycin,Enterobacterales
enterobacter ludwigii,enl,amoxicillin/clavulanic acid,Enterobacterales
enterobacter ludwigii,enl,ampicillin,Enterobacterales
enterobacter ludwigii,enl,ampicillin/sulbactam,Enterobacterales
enterobacter ludwigii,enl,azithromycin,Enterobacterales
enterobacter ludwigii,enl,cefazolin,Enterobacterales
enterobacter ludwigii,enl,cefotetan,Enterobacterales
enterobacter ludwigii,enl,cefoxitin,Enterobacterales
enterobacter ludwigii,enl,cephalothin,Enterobacterales
enterobacter ludwigii,enl,clarithromycin,Enterobacterales
enterobacter ludwigii,enl,clindamycin,Enterobacterales
enterobacter ludwigii,enl,daptomycin,Enterobacterales
enterobacter ludwigii,enl,erythromycin,Enterobacterales
enterobacter ludwigii,enl,fusidic acid,Enterobacterales
enterobacter ludwigii,enl,linezolid,Enterobacterales
enterobacter ludwigii,enl,oritavancin,Enterobacterales
enterobacter ludwigii,enl,quinupristin/dalfopristin,Enterobacterales
enterobacter ludwigii,enl,teicoplanin,Enterobacterales
enterobacter ludwigii,enl,telavancin,Enterobacterales
enterobacter ludwigii,enl,vancomycin,Enterobacterales
enterobacter nimipressuralis,enp,amoxicillin/clavulanic acid,Enterobacterales
enterobacter nimipressuralis,enp,ampicillin,Enterobacterales
enterobacter nimipressuralis,enp,ampicillin/sulbactam,Enterobacterales
enterobacter nimipressuralis,enp,azithromycin,Enterobacterales
enterobacter nimipressuralis,enp,cefazolin,Enterobacterales
enterobacter nimipressuralis,enp,cefotetan,Enterobacterales
enterobacter nimipressuralis,enp,cefoxitin,Enterobacterales
enterobacter nimipressuralis,enp,cephalothin,Enterobacterales
enterobacter nimipressuralis,enp,clarithromycin,Enterobacterales
enterobacter nimipressuralis,enp,clindamycin,Enterobacterales
enterobacter nimipressuralis,enp,daptomycin,Enterobacterales
enterobacter nimipressuralis,enp,erythromycin,Enterobacterales
enterobacter nimipressuralis,enp,fusidic acid,Enterobacterales
enterobacter nimipressuralis,enp,linezolid,Enterobacterales
enterobacter nimipressuralis,enp,oritavancin,Enterobacterales
enterobacter nimipressuralis,enp,quinupristin/dalfopristin,Enterobacterales
enterobacter nimipressuralis,enp,teicoplanin,Enterobacterales
enterobacter nimipressuralis,enp,telavancin,Enterobacterales
enterobacter nimipressuralis,enp,vancomycin,Enterobacterales
enterobacter roggenkampii,enn,azithromycin,Enterobacterales
enterobacter roggenkampii,enn,clarithromycin,Enterobacterales
enterobacter roggenkampii,enn,clindamycin,Enterobacterales
enterobacter roggenkampii,enn,daptomycin,Enterobacterales
enterobacter roggenkampii,enn,erythromycin,Enterobacterales
enterobacter roggenkampii,enn,fusidic acid,Enterobacterales
enterobacter roggenkampii,enn,linezolid,Enterobacterales
enterobacter roggenkampii,enn,oritavancin,Enterobacterales
enterobacter roggenkampii,enn,quinupristin/dalfopristin,Enterobacterales
enterobacter roggenkampii,enn,teicoplanin,Enterobacterales
enterobacter roggenkampii,enn,telavancin,Enterobacterales
enterobacter roggenkampii,enn,vancomycin,Enterobacterales
enterobacter sakazakii,esa,azithromycin,Enterobacterales
enterobacter sakazakii,esa,clarithromycin,Enterobacterales
enterobacter sakazakii,esa,clindamycin,Enterobacterales
enterobacter sakazakii,esa,daptomycin,Enterobacterales
enterobacter sakazakii,esa,erythromycin,Enterobacterales
enterobacter sakazakii,esa,fusidic acid,Enterobacterales
enterobacter sakazakii,esa,linezolid,Enterobacterales
enterobacter sakazakii,esa,oritavancin,Enterobacterales
enterobacter sakazakii,esa,quinupristin/dalfopristin,Enterobacterales
enterobacter sakazakii,esa,teicoplanin,Enterobacterales
enterobacter sakazakii,esa,telavancin,Enterobacterales
enterobacter sakazakii,esa,vancomycin,Enterobacterales
enterobacter sp.,en-,azithromycin,Enterobacterales
enterobacter sp.,en-,clarithromycin,Enterobacterales
enterobacter sp.,en-,clindamycin,Enterobacterales
enterobacter sp.,en-,daptomycin,Enterobacterales
enterobacter sp.,en-,erythromycin,Enterobacterales
enterobacter sp.,en-,fusidic acid,Enterobacterales
enterobacter sp.,en-,linezolid,Enterobacterales
enterobacter sp.,en-,oritavancin,Enterobacterales
enterobacter sp.,en-,quinupristin/dalfopristin,Enterobacterales
enterobacter sp.,en-,teicoplanin,Enterobacterales
enterobacter sp.,en-,telavancin,Enterobacterales
enterobacter sp.,en-,vancomycin,Enterobacterales
enterobacter taylorae,ecg,azithromycin,Enterobacterales
enterobacter taylorae,ecg,clarithromycin,Enterobacterales
enterobacter taylorae,ecg,clindamycin,Enterobacterales
enterobacter taylorae,ecg,daptomycin,Enterobacterales
enterobacter taylorae,ecg,erythromycin,Enterobacterales
enterobacter taylorae,ecg,fusidic acid,Enterobacterales
enterobacter taylorae,ecg,linezolid,Enterobacterales
enterobacter taylorae,ecg,oritavancin,Enterobacterales
enterobacter taylorae,ecg,quinupristin/dalfopristin,Enterobacterales
enterobacter taylorae,ecg,teicoplanin,Enterobacterales
enterobacter taylorae,ecg,telavancin,Enterobacterales
enterobacter taylorae,ecg,vancomycin,Enterobacterales
enterobacter xiangfangensis,enx,azithromycin,Enterobacterales
enterobacter xiangfangensis,enx,clarithromycin,Enterobacterales
enterobacter xiangfangensis,enx,clindamycin,Enterobacterales
enterobacter xiangfangensis,enx,daptomycin,Enterobacterales
enterobacter xiangfangensis,enx,erythromycin,Enterobacterales
enterobacter xiangfangensis,enx,fusidic acid,Enterobacterales
enterobacter xiangfangensis,enx,linezolid,Enterobacterales
enterobacter xiangfangensis,enx,oritavancin,Enterobacterales
enterobacter xiangfangensis,enx,quinupristin/dalfopristin,Enterobacterales
enterobacter xiangfangensis,enx,teicoplanin,Enterobacterales
enterobacter xiangfangensis,enx,telavancin,Enterobacterales
enterobacter xiangfangensis,enx,vancomycin,Enterobacterales
enterococcus casseliflavus,eca,amikacin,Enterococcus spp.
enterococcus casseliflavus,eca,aztreonam,Enterococcus spp.
enterococcus casseliflavus,eca,cefaclor,Enterococcus spp.
enterococcus casseliflavus,eca,cefadroxil,Enterococcus spp.
enterococcus casseliflavus,eca,cefamandole,Enterococcus spp.
enterococcus casseliflavus,eca,cefazolin,Enterococcus spp.
enterococcus casseliflavus,eca,cefdinir,Enterococcus spp.
enterococcus casseliflavus,eca,cefditoren,Enterococcus spp.
enterococcus casseliflavus,eca,cefepime,Enterococcus spp.
enterococcus casseliflavus,eca,cefetamet,Enterococcus spp.
enterococcus casseliflavus,eca,cefixime,Enterococcus spp.
enterococcus casseliflavus,eca,cefmetazole,Enterococcus spp.
enterococcus casseliflavus,eca,cefonicid,Enterococcus spp.
enterococcus casseliflavus,eca,cefoperazone,Enterococcus spp.
enterococcus casseliflavus,eca,cefotaxime,Enterococcus spp.
enterococcus casseliflavus,eca,cefotaxime/clavulanic acid,Enterococcus spp.
enterococcus casseliflavus,eca,cefotetan,Enterococcus spp.
enterococcus casseliflavus,eca,cefoxitin,Enterococcus spp.
enterococcus casseliflavus,eca,cefpodoxime,Enterococcus spp.
enterococcus casseliflavus,eca,cefprozil,Enterococcus spp.
enterococcus casseliflavus,eca,ceftaroline,Enterococcus spp.
enterococcus casseliflavus,eca,ceftazidime,Enterococcus spp.
enterococcus casseliflavus,eca,ceftazidime/clavulanic acid,Enterococcus spp.
enterococcus casseliflavus,eca,ceftibuten,Enterococcus spp.
enterococcus casseliflavus,eca,ceftizoxime,Enterococcus spp.
enterococcus casseliflavus,eca,ceftobiprole,Enterococcus spp.
enterococcus casseliflavus,eca,ceftolozane/tazobactam,Enterococcus spp.
enterococcus casseliflavus,eca,ceftriaxone,Enterococcus spp.
enterococcus casseliflavus,eca,cefuroxime,Enterococcus spp.
enterococcus casseliflavus,eca,cefuroxime axetil,Enterococcus spp.
enterococcus casseliflavus,eca,cephalexin,Enterococcus spp.
enterococcus casseliflavus,eca,cephalothin,Enterococcus spp.
enterococcus casseliflavus,eca,clindamycin,Enterococcus spp.
enterococcus casseliflavus,eca,colistin,Enterococcus spp.
enterococcus casseliflavus,eca,faropenem,Enterococcus spp.
enterococcus casseliflavus,eca,fusidic acid,Enterococcus spp.
enterococcus casseliflavus,eca,gentamicin,Enterococcus spp.
enterococcus casseliflavus,eca,kanamycin,Enterococcus spp.
enterococcus casseliflavus,eca,loracarbef,Enterococcus spp.
enterococcus casseliflavus,eca,moxalactam (latamoxef),Enterococcus spp.
enterococcus casseliflavus,eca,nalidixic acid,Enterococcus spp.
enterococcus casseliflavus,eca,neomycin,Enterococcus spp.
enterococcus casseliflavus,eca,netilmicin,Enterococcus spp.
enterococcus casseliflavus,eca,plazomicin,Enterococcus spp.
enterococcus casseliflavus,eca,polymyxin b,Enterococcus spp.
enterococcus casseliflavus,eca,quinupristin/dalfopristin,Enterococcus spp.
enterococcus casseliflavus,eca,ridinilazole,Enterococcus spp.
enterococcus casseliflavus,eca,streptomycin,Enterococcus spp.
enterococcus casseliflavus,eca,tobramycin,Enterococcus spp.
enterococcus casseliflavus,eca,trimethoprim,Enterococcus spp.
enterococcus casseliflavus,eca,trimethoprim/sulfamethoxazole,Enterococcus spp.
enterococcus casseliflavus,eca,vancomycin,Enterococcus spp.
enterococcus faecalis,efa,amikacin,Enterococcus spp.
enterococcus faecalis,efa,aztreonam,Enterococcus spp.
enterococcus faecalis,efa,cefaclor,Enterococcus spp.
enterococcus faecalis,efa,cefadroxil,Enterococcus spp.
enterococcus faecalis,efa,cefamandole,Enterococcus spp.
enterococcus faecalis,efa,cefazolin,Enterococcus spp.
enterococcus faecalis,efa,cefdinir,Enterococcus spp.
enterococcus faecalis,efa,cefditoren,Enterococcus spp.
enterococcus faecalis,efa,cefepime,Enterococcus spp.
enterococcus faecalis,efa,cefetamet,Enterococcus spp.
enterococcus faecalis,efa,cefixime,Enterococcus spp.
enterococcus faecalis,efa,cefmetazole,Enterococcus spp.
enterococcus faecalis,efa,cefonicid,Enterococcus spp.
enterococcus faecalis,efa,cefoperazone,Enterococcus spp.
enterococcus faecalis,efa,cefotaxime,Enterococcus spp.
enterococcus faecalis,efa,cefotaxime/clavulanic acid,Enterococcus spp.
enterococcus faecalis,efa,cefotetan,Enterococcus spp.
enterococcus faecalis,efa,cefoxitin,Enterococcus spp.
enterococcus faecalis,efa,cefpodoxime,Enterococcus spp.
enterococcus faecalis,efa,cefprozil,Enterococcus spp.
enterococcus faecalis,efa,ceftaroline,Enterococcus spp.
enterococcus faecalis,efa,ceftazidime,Enterococcus spp.
enterococcus faecalis,efa,ceftazidime/clavulanic acid,Enterococcus spp.
enterococcus faecalis,efa,ceftibuten,Enterococcus spp.
enterococcus faecalis,efa,ceftizoxime,Enterococcus spp.
enterococcus faecalis,efa,ceftobiprole,Enterococcus spp.
enterococcus faecalis,efa,ceftolozane/tazobactam,Enterococcus spp.
enterococcus faecalis,efa,ceftriaxone,Enterococcus spp.
enterococcus faecalis,efa,cefuroxime,Enterococcus spp.
enterococcus faecalis,efa,cefuroxime axetil,Enterococcus spp.
enterococcus faecalis,efa,cephalexin,Enterococcus spp.
enterococcus faecalis,efa,cephalothin,Enterococcus spp.
enterococcus faecalis,efa,clindamycin,Enterococcus spp.
enterococcus faecalis,efa,colistin,Enterococcus spp.
enterococcus faecalis,efa,faropenem,Enterococcus spp.
enterococcus faecalis,efa,fusidic acid,Enterococcus spp.
enterococcus faecalis,efa,gentamicin,Enterococcus spp.
enterococcus faecalis,efa,kanamycin,Enterococcus spp.
enterococcus faecalis,efa,loracarbef,Enterococcus spp.
enterococcus faecalis,efa,moxalactam (latamoxef),Enterococcus spp.
enterococcus faecalis,efa,nalidixic acid,Enterococcus spp.
enterococcus faecalis,efa,neomycin,Enterococcus spp.
enterococcus faecalis,efa,netilmicin,Enterococcus spp.
enterococcus faecalis,efa,plazomicin,Enterococcus spp.
enterococcus faecalis,efa,polymyxin b,Enterococcus spp.
enterococcus faecalis,efa,quinupristin/dalfopristin,Enterococcus spp.
enterococcus faecalis,efa,ridinilazole,Enterococcus spp.
enterococcus faecalis,efa,streptomycin,Enterococcus spp.
enterococcus faecalis,efa,tobramycin,Enterococcus spp.
enterococcus faecalis,efa,trimethoprim,Enterococcus spp.
enterococcus faecalis,efa,trimethoprim/sulfamethoxazole,Enterococcus spp.
enterococcus faecium,efm,amikacin,Enterococcus spp.
enterococcus faecium,efm,aztreonam,Enterococcus spp.
enterococcus faecium,efm,cefaclor,Enterococcus spp.
enterococcus faecium,efm,cefadroxil,Enterococcus spp.
enterococcus faecium,efm,cefamandole,Enterococcus spp.
enterococcus faecium,efm,cefazolin,Enterococcus spp.
enterococcus faecium,efm,cefdinir,Enterococcus spp.
enterococcus faecium,efm,cefditoren,Enterococcus spp.
enterococcus faecium,efm,cefepime,Enterococcus spp.
enterococcus faecium,efm,cefetamet,Enterococcus spp.
enterococcus faecium,efm,cefixime,Enterococcus spp.
enterococcus faecium,efm,cefmetazole,Enterococcus spp.
enterococcus faecium,efm,cefonicid,Enterococcus spp.
enterococcus faecium,efm,cefoperazone,Enterococcus spp.
enterococcus faecium,efm,cefotaxime,Enterococcus spp.
enterococcus faecium,efm,cefotaxime/clavulanic acid,Enterococcus spp.
enterococcus faecium,efm,cefotetan,Enterococcus spp.
enterococcus faecium,efm,cefoxitin,Enterococcus spp.
enterococcus faecium,efm,cefpodoxime,Enterococcus spp.
enterococcus faecium,efm,cefprozil,Enterococcus spp.
enterococcus faecium,efm,ceftaroline,Enterococcus spp.
enterococcus faecium,efm,ceftazidime,Enterococcus spp.
enterococcus faecium,efm,ceftazidime/clavulanic acid,Enterococcus spp.
enterococcus faecium,efm,ceftibuten,Enterococcus spp.
enterococcus faecium,efm,ceftizoxime,Enterococcus spp.
enterococcus faecium,efm,ceftobiprole,Enterococcus spp.
enterococcus faecium,efm,ceftolozane/tazobactam,Enterococcus spp.
enterococcus faecium,efm,ceftriaxone,Enterococcus spp.
enterococcus faecium,efm,cefuroxime,Enterococcus spp.
enterococcus faecium,efm,cefuroxime axetil,Enterococcus spp.
enterococcus faecium,efm,cephalexin,Enterococcus spp.
enterococcus faecium,efm,cephalothin,Enterococcus spp.
enterococcus faecium,efm,clindamycin,Enterococcus spp.
enterococcus faecium,efm,colistin,Enterococcus spp.
enterococcus faecium,efm,faropenem,Enterococcus spp.
enterococcus faecium,efm,fusidic acid,Enterococcus spp.
enterococcus faecium,efm,gentamicin,Enterococcus spp.
enterococcus faecium,efm,kanamycin,Enterococcus spp.
enterococcus faecium,efm,loracarbef,Enterococcus spp.
enterococcus faecium,efm,moxalactam (latamoxef),Enterococcus spp.
enterococcus faecium,efm,nalidixic acid,Enterococcus spp.
enterococcus faecium,efm,neomycin,Enterococcus spp.
enterococcus faecium,efm,netilmicin,Enterococcus spp.
enterococcus faecium,efm,plazomicin,Enterococcus spp.
enterococcus faecium,efm,polymyxin b,Enterococcus spp.
enterococcus faecium,efm,ridinilazole,Enterococcus spp.
enterococcus faecium,efm,streptomycin,Enterococcus spp.
enterococcus faecium,efm,tobramycin,Enterococcus spp.
enterococcus faecium,efm,trimethoprim,Enterococcus spp.
enterococcus faecium,efm,trimethoprim/sulfamethoxazole,Enterococcus spp.
enterococcus gallinarum,ega,amikacin,Enterococcus spp.
enterococcus gallinarum,ega,aztreonam,Enterococcus spp.
enterococcus gallinarum,ega,cefaclor,Enterococcus spp.
enterococcus gallinarum,ega,cefadroxil,Enterococcus spp.
enterococcus gallinarum,ega,cefamandole,Enterococcus spp.
enterococcus gallinarum,ega,cefazolin,Enterococcus spp.
enterococcus gallinarum,ega,cefdinir,Enterococcus spp.
enterococcus gallinarum,ega,cefditoren,Enterococcus spp.
enterococcus gallinarum,ega,cefepime,Enterococcus spp.
enterococcus gallinarum,ega,cefetamet,Enterococcus spp.
enterococcus gallinarum,ega,cefixime,Enterococcus spp.
enterococcus gallinarum,ega,cefmetazole,Enterococcus spp.
enterococcus gallinarum,ega,cefonicid,Enterococcus spp.
enterococcus gallinarum,ega,cefoperazone,Enterococcus spp.
enterococcus gallinarum,ega,cefotaxime,Enterococcus spp.
enterococcus gallinarum,ega,cefotaxime/clavulanic acid,Enterococcus spp.
enterococcus gallinarum,ega,cefotetan,Enterococcus spp.
enterococcus gallinarum,ega,cefoxitin,Enterococcus spp.
enterococcus gallinarum,ega,cefpodoxime,Enterococcus spp.
enterococcus gallinarum,ega,cefprozil,Enterococcus spp.
enterococcus gallinarum,ega,ceftaroline,Enterococcus spp.
enterococcus gallinarum,ega,ceftazidime,Enterococcus spp.
enterococcus gallinarum,ega,ceftazidime/clavulanic acid,Enterococcus spp.
enterococcus gallinarum,ega,ceftibuten,Enterococcus spp.
enterococcus gallinarum,ega,ceftizoxime,Enterococcus spp.
enterococcus gallinarum,ega,ceftobiprole,Enterococcus spp.
enterococcus gallinarum,ega,ceftolozane/tazobactam,Enterococcus spp.
enterococcus gallinarum,ega,ceftriaxone,Enterococcus spp.
enterococcus gallinarum,ega,cefuroxime,Enterococcus spp.
enterococcus gallinarum,ega,cefuroxime axetil,Enterococcus spp.
enterococcus gallinarum,ega,cephalexin,Enterococcus spp.
enterococcus gallinarum,ega,cephalothin,Enterococcus spp.
enterococcus gallinarum,ega,clindamycin,Enterococcus spp.
enterococcus gallinarum,ega,colistin,Enterococcus spp.
enterococcus gallinarum,ega,faropenem,Enterococcus spp.
enterococcus gallinarum,ega,fusidic acid,Enterococcus spp.
enterococcus gallinarum,ega,gentamicin,Enterococcus spp.
enterococcus gallinarum,ega,kanamycin,Enterococcus spp.
enterococcus gallinarum,ega,loracarbef,Enterococcus spp.
enterococcus gallinarum,ega,moxalactam (latamoxef),Enterococcus spp.
enterococcus gallinarum,ega,nalidixic acid,Enterococcus spp.
enterococcus gallinarum,ega,neomycin,Enterococcus spp.
enterococcus gallinarum,ega,netilmicin,Enterococcus spp.
enterococcus gallinarum,ega,plazomicin,Enterococcus spp.
enterococcus gallinarum,ega,polymyxin b,Enterococcus spp.
enterococcus gallinarum,ega,quinupristin/dalfopristin,Enterococcus spp.
enterococcus gallinarum,ega,ridinilazole,Enterococcus spp.
enterococcus gallinarum,ega,streptomycin,Enterococcus spp.
enterococcus gallinarum,ega,tobramycin,Enterococcus spp.
enterococcus gallinarum,ega,trimethoprim,Enterococcus spp.
enterococcus gallinarum,ega,trimethoprim/sulfamethoxazole,Enterococcus spp.
enterococcus gallinarum,ega,vancomycin,Enterococcus spp.
erwinia amylovora,eal,azithromycin,Enterobacterales
erwinia amylovora,eal,clarithromycin,Enterobacterales
erwinia amylovora,eal,clindamycin,Enterobacterales
erwinia amylovora,eal,daptomycin,Enterobacterales
erwinia amylovora,eal,erythromycin,Enterobacterales
erwinia amylovora,eal,fusidic acid,Enterobacterales
erwinia amylovora,eal,linezolid,Enterobacterales
erwinia amylovora,eal,oritavancin,Enterobacterales
erwinia amylovora,eal,quinupristin/dalfopristin,Enterobacterales
erwinia amylovora,eal,teicoplanin,Enterobacterales
erwinia amylovora,eal,telavancin,Enterobacterales
erwinia amylovora,eal,vancomycin,Enterobacterales
erwinia carnegieana,ece,azithromycin,Enterobacterales
erwinia carnegieana,ece,clarithromycin,Enterobacterales
erwinia carnegieana,ece,clindamycin,Enterobacterales
erwinia carnegieana,ece,daptomycin,Enterobacterales
erwinia carnegieana,ece,erythromycin,Enterobacterales
erwinia carnegieana,ece,fusidic acid,Enterobacterales
erwinia carnegieana,ece,linezolid,Enterobacterales
erwinia carnegieana,ece,oritavancin,Enterobacterales
erwinia carnegieana,ece,quinupristin/dalfopristin,Enterobacterales
erwinia carnegieana,ece,teicoplanin,Enterobacterales
erwinia carnegieana,ece,telavancin,Enterobacterales
erwinia carnegieana,ece,vancomycin,Enterobacterales
erwinia carotovora,ect,azithromycin,Enterobacterales
erwinia carotovora,ect,clarithromycin,Enterobacterales
erwinia carotovora,ect,clindamycin,Enterobacterales
erwinia carotovora,ect,daptomycin,Enterobacterales
erwinia carotovora,ect,erythromycin,Enterobacterales
erwinia carotovora,ect,fusidic acid,Enterobacterales
erwinia carotovora,ect,linezolid,Enterobacterales
erwinia carotovora,ect,oritavancin,Enterobacterales
erwinia carotovora,ect,quinupristin/dalfopristin,Enterobacterales
erwinia carotovora,ect,teicoplanin,Enterobacterales
erwinia carotovora,ect,telavancin,Enterobacterales
erwinia carotovora,ect,vancomycin,Enterobacterales
erwinia sp.,erw,azithromycin,Enterobacterales
erwinia sp.,erw,clarithromycin,Enterobacterales
erwinia sp.,erw,clindamycin,Enterobacterales
erwinia sp.,erw,daptomycin,Enterobacterales
erwinia sp.,erw,erythromycin,Enterobacterales
erwinia sp.,erw,fusidic acid,Enterobacterales
erwinia sp.,erw,linezolid,Enterobacterales
erwinia sp.,erw,oritavancin,Enterobacterales
erwinia sp.,erw,quinupristin/dalfopristin,Enterobacterales
erwinia sp.,erw,teicoplanin,Enterobacterales
erwinia sp.,erw,telavancin,Enterobacterales
erwinia sp.,erw,vancomycin,Enterobacterales
erysipelothrix rhusiopathiae,erh,vancomycin,Other gram-positives (Vet)
escherichia adecarboxylata,lad,azithromycin,Enterobacterales
escherichia adecarboxylata,lad,clarithromycin,Enterobacterales
escherichia adecarboxylata,lad,clindamycin,Enterobacterales
escherichia adecarboxylata,lad,daptomycin,Enterobacterales
escherichia adecarboxylata,lad,erythromycin,Enterobacterales
escherichia adecarboxylata,lad,fusidic acid,Enterobacterales
escherichia adecarboxylata,lad,linezolid,Enterobacterales
escherichia adecarboxylata,lad,oritavancin,Enterobacterales
escherichia adecarboxylata,lad,quinupristin/dalfopristin,Enterobacterales
escherichia adecarboxylata,lad,teicoplanin,Enterobacterales
escherichia adecarboxylata,lad,telavancin,Enterobacterales
escherichia adecarboxylata,lad,vancomycin,Enterobacterales
escherichia blattae,ebl,azithromycin,Enterobacterales
escherichia blattae,ebl,clarithromycin,Enterobacterales
escherichia blattae,ebl,clindamycin,Enterobacterales
escherichia blattae,ebl,daptomycin,Enterobacterales
escherichia blattae,ebl,erythromycin,Enterobacterales
escherichia blattae,ebl,fusidic acid,Enterobacterales
escherichia blattae,ebl,linezolid,Enterobacterales
escherichia blattae,ebl,oritavancin,Enterobacterales
escherichia blattae,ebl,quinupristin/dalfopristin,Enterobacterales
escherichia blattae,ebl,teicoplanin,Enterobacterales
escherichia blattae,ebl,telavancin,Enterobacterales
escherichia blattae,ebl,vancomycin,Enterobacterales
escherichia coli,eco,azithromycin,Enterobacterales
escherichia coli,eco,clarithromycin,Enterobacterales
escherichia coli,eco,clindamycin,Enterobacterales
escherichia coli,eco,daptomycin,Enterobacterales
escherichia coli,eco,erythromycin,Enterobacterales
escherichia coli,eco,fusidic acid,Enterobacterales
escherichia coli,eco,linezolid,Enterobacterales
escherichia coli,eco,oritavancin,Enterobacterales
escherichia coli,eco,quinupristin/dalfopristin,Enterobacterales
escherichia coli,eco,teicoplanin,Enterobacterales
escherichia coli,eco,telavancin,Enterobacterales
escherichia coli,eco,vancomycin,Enterobacterales
escherichia coli (alkalescens-dispar),ead,azithromycin,Enterobacterales
escherichia coli (alkalescens-dispar),ead,clarithromycin,Enterobacterales
escherichia coli (alkalescens-dispar),ead,clindamycin,Enterobacterales
escherichia coli (alkalescens-dispar),ead,daptomycin,Enterobacterales
escherichia coli (alkalescens-dispar),ead,erythromycin,Enterobacterales
escherichia coli (alkalescens-dispar),ead,fusidic acid,Enterobacterales
escherichia coli (alkalescens-dispar),ead,linezolid,Enterobacterales
escherichia coli (alkalescens-dispar),ead,oritavancin,Enterobacterales
escherichia coli (alkalescens-dispar),ead,quinupristin/dalfopristin,Enterobacterales
escherichia coli (alkalescens-dispar),ead,teicoplanin,Enterobacterales
escherichia coli (alkalescens-dispar),ead,telavancin,Enterobacterales
escherichia coli (alkalescens-dispar),ead,vancomycin,Enterobacterales
escherichia coli k99,k99,azithromycin,Enterobacterales
escherichia coli k99,k99,clarithromycin,Enterobacterales
escherichia coli k99,k99,clindamycin,Enterobacterales
escherichia coli k99,k99,daptomycin,Enterobacterales
escherichia coli k99,k99,erythromycin,Enterobacterales
escherichia coli k99,k99,fusidic acid,Enterobacterales
escherichia coli k99,k99,linezolid,Enterobacterales
escherichia coli k99,k99,oritavancin,Enterobacterales
escherichia coli k99,k99,quinupristin/dalfopristin,Enterobacterales
escherichia coli k99,k99,teicoplanin,Enterobacterales
escherichia coli k99,k99,telavancin,Enterobacterales
escherichia coli k99,k99,vancomycin,Enterobacterales
escherichia coli o103,103,azithromycin,Enterobacterales
escherichia coli o103,103,clarithromycin,Enterobacterales
escherichia coli o103,103,clindamycin,Enterobacterales
escherichia coli o103,103,daptomycin,Enterobacterales
escherichia coli o103,103,erythromycin,Enterobacterales
escherichia coli o103,103,fusidic acid,Enterobacterales
escherichia coli o103,103,linezolid,Enterobacterales
escherichia coli o103,103,oritavancin,Enterobacterales
escherichia coli o103,103,quinupristin/dalfopristin,Enterobacterales
escherichia coli o103,103,teicoplanin,Enterobacterales
escherichia coli o103,103,telavancin,Enterobacterales
escherichia coli o103,103,vancomycin,Enterobacterales
escherichia coli o111,111,azithromycin,Enterobacterales
escherichia coli o111,111,clarithromycin,Enterobacterales
escherichia coli o111,111,clindamycin,Enterobacterales
escherichia coli o111,111,daptomycin,Enterobacterales
escherichia coli o111,111,erythromycin,Enterobacterales
escherichia coli o111,111,fusidic acid,Enterobacterales
escherichia coli o111,111,linezolid,Enterobacterales
escherichia coli o111,111,oritavancin,Enterobacterales
escherichia coli o111,111,quinupristin/dalfopristin,Enterobacterales
escherichia coli o111,111,teicoplanin,Enterobacterales
escherichia coli o111,111,telavancin,Enterobacterales
escherichia coli o111,111,vancomycin,Enterobacterales
escherichia coli o145,145,azithromycin,Enterobacterales
escherichia coli o145,145,clarithromycin,Enterobacterales
escherichia coli o145,145,clindamycin,Enterobacterales
escherichia coli o145,145,daptomycin,Enterobacterales
escherichia coli o145,145,erythromycin,Enterobacterales
escherichia coli o145,145,fusidic acid,Enterobacterales
escherichia coli o145,145,linezolid,Enterobacterales
escherichia coli o145,145,oritavancin,Enterobacterales
escherichia coli o145,145,quinupristin/dalfopristin,Enterobacterales
escherichia coli o145,145,teicoplanin,Enterobacterales
escherichia coli o145,145,telavancin,Enterobacterales
escherichia coli o145,145,vancomycin,Enterobacterales
escherichia coli o149,149,azithromycin,Enterobacterales
escherichia coli o149,149,clarithromycin,Enterobacterales
escherichia coli o149,149,clindamycin,Enterobacterales
escherichia coli o149,149,daptomycin,Enterobacterales
escherichia coli o149,149,erythromycin,Enterobacterales
escherichia coli o149,149,fusidic acid,Enterobacterales
escherichia coli o149,149,linezolid,Enterobacterales
escherichia coli o149,149,oritavancin,Enterobacterales
escherichia coli o149,149,quinupristin/dalfopristin,Enterobacterales
escherichia coli o149,149,teicoplanin,Enterobacterales
escherichia coli o149,149,telavancin,Enterobacterales
escherichia coli o149,149,vancomycin,Enterobacterales
escherichia coli o149:f4,of4,azithromycin,Enterobacterales
escherichia coli o149:f4,of4,clarithromycin,Enterobacterales
escherichia coli o149:f4,of4,clindamycin,Enterobacterales
escherichia coli o149:f4,of4,daptomycin,Enterobacterales
escherichia coli o149:f4,of4,erythromycin,Enterobacterales
escherichia coli o149:f4,of4,fusidic acid,Enterobacterales
escherichia coli o149:f4,of4,linezolid,Enterobacterales
escherichia coli o149:f4,of4,oritavancin,Enterobacterales
escherichia coli o149:f4,of4,quinupristin/dalfopristin,Enterobacterales
escherichia coli o149:f4,of4,teicoplanin,Enterobacterales
escherichia coli o149:f4,of4,telavancin,Enterobacterales
escherichia coli o149:f4,of4,vancomycin,Enterobacterales
escherichia coli o157:h7,157,azithromycin,Enterobacterales
escherichia coli o157:h7,157,clarithromycin,Enterobacterales
escherichia coli o157:h7,157,clindamycin,Enterobacterales
escherichia coli o157:h7,157,daptomycin,Enterobacterales
escherichia coli o157:h7,157,erythromycin,Enterobacterales
escherichia coli o157:h7,157,fusidic acid,Enterobacterales
escherichia coli o157:h7,157,linezolid,Enterobacterales
escherichia coli o157:h7,157,oritavancin,Enterobacterales
escherichia coli o157:h7,157,quinupristin/dalfopristin,Enterobacterales
escherichia coli o157:h7,157,teicoplanin,Enterobacterales
escherichia coli o157:h7,157,telavancin,Enterobacterales
escherichia coli o157:h7,157,vancomycin,Enterobacterales
escherichia coli o1:k1,1k1,azithromycin,Enterobacterales
escherichia coli o1:k1,1k1,clarithromycin,Enterobacterales
escherichia coli o1:k1,1k1,clindamycin,Enterobacterales
escherichia coli o1:k1,1k1,daptomycin,Enterobacterales
escherichia coli o1:k1,1k1,erythromycin,Enterobacterales
escherichia coli o1:k1,1k1,fusidic acid,Enterobacterales
escherichia coli o1:k1,1k1,linezolid,Enterobacterales
escherichia coli o1:k1,1k1,oritavancin,Enterobacterales
escherichia coli o1:k1,1k1,quinupristin/dalfopristin,Enterobacterales
escherichia coli o1:k1,1k1,teicoplanin,Enterobacterales
escherichia coli o1:k1,1k1,telavancin,Enterobacterales
escherichia coli o1:k1,1k1,vancomycin,Enterobacterales
escherichia coli o1k1,o1k,azithromycin,Enterobacterales
escherichia coli o1k1,o1k,clarithromycin,Enterobacterales
escherichia coli o1k1,o1k,clindamycin,Enterobacterales
escherichia coli o1k1,o1k,daptomycin,Enterobacterales
escherichia coli o1k1,o1k,erythromycin,Enterobacterales
escherichia coli o1k1,o1k,fusidic acid,Enterobacterales
escherichia coli o1k1,o1k,linezolid,Enterobacterales
escherichia coli o1k1,o1k,oritavancin,Enterobacterales
escherichia coli o1k1,o1k,quinupristin/dalfopristin,Enterobacterales
escherichia coli o1k1,o1k,teicoplanin,Enterobacterales
escherichia coli o1k1,o1k,telavancin,Enterobacterales
escherichia coli o1k1,o1k,vancomycin,Enterobacterales
escherichia coli o26,o26,azithromycin,Enterobacterales
escherichia coli o26,o26,clarithromycin,Enterobacterales
escherichia coli o26,o26,clindamycin,Enterobacterales
escherichia coli o26,o26,daptomycin,Enterobacterales
escherichia coli o26,o26,erythromycin,Enterobacterales
escherichia coli o26,o26,fusidic acid,Enterobacterales
escherichia coli o26,o26,linezolid,Enterobacterales
escherichia coli o26,o26,oritavancin,Enterobacterales
escherichia coli o26,o26,quinupristin/dalfopristin,Enterobacterales
escherichia coli o26,o26,teicoplanin,Enterobacterales
escherichia coli o26,o26,telavancin,Enterobacterales
escherichia coli o26,o26,vancomycin,Enterobacterales
escherichia coli o2:k2,2k2,azithromycin,Enterobacterales
escherichia coli o2:k2,2k2,clarithromycin,Enterobacterales
escherichia coli o2:k2,2k2,clindamycin,Enterobacterales
escherichia coli o2:k2,2k2,daptomycin,Enterobacterales
escherichia coli o2:k2,2k2,erythromycin,Enterobacterales
escherichia coli o2:k2,2k2,fusidic acid,Enterobacterales
escherichia coli o2:k2,2k2,linezolid,Enterobacterales
escherichia coli o2:k2,2k2,oritavancin,Enterobacterales
escherichia coli o2:k2,2k2,quinupristin/dalfopristin,Enterobacterales
escherichia coli o2:k2,2k2,teicoplanin,Enterobacterales
escherichia coli o2:k2,2k2,telavancin,Enterobacterales
escherichia coli o2:k2,2k2,vancomycin,Enterobacterales
escherichia coli o2k2,o2k,azithromycin,Enterobacterales
escherichia coli o2k2,o2k,clarithromycin,Enterobacterales
escherichia coli o2k2,o2k,clindamycin,Enterobacterales
escherichia coli o2k2,o2k,daptomycin,Enterobacterales
escherichia coli o2k2,o2k,erythromycin,Enterobacterales
escherichia coli o2k2,o2k,fusidic acid,Enterobacterales
escherichia coli o2k2,o2k,linezolid,Enterobacterales
escherichia coli o2k2,o2k,oritavancin,Enterobacterales
escherichia coli o2k2,o2k,quinupristin/dalfopristin,Enterobacterales
escherichia coli o2k2,o2k,teicoplanin,Enterobacterales
escherichia coli o2k2,o2k,telavancin,Enterobacterales
escherichia coli o2k2,o2k,vancomycin,Enterobacterales
escherichia coli o78:k80,788,azithromycin,Enterobacterales
escherichia coli o78:k80,788,clarithromycin,Enterobacterales
escherichia coli o78:k80,788,clindamycin,Enterobacterales
escherichia coli o78:k80,788,daptomycin,Enterobacterales
escherichia coli o78:k80,788,erythromycin,Enterobacterales
escherichia coli o78:k80,788,fusidic acid,Enterobacterales
escherichia coli o78:k80,788,linezolid,Enterobacterales
escherichia coli o78:k80,788,oritavancin,Enterobacterales
escherichia coli o78:k80,788,quinupristin/dalfopristin,Enterobacterales
escherichia coli o78:k80,788,teicoplanin,Enterobacterales
escherichia coli o78:k80,788,telavancin,Enterobacterales
escherichia coli o78:k80,788,vancomycin,Enterobacterales
escherichia coli o78k80,o78,azithromycin,Enterobacterales
escherichia coli o78k80,o78,clarithromycin,Enterobacterales
escherichia coli o78k80,o78,clindamycin,Enterobacterales
escherichia coli o78k80,o78,daptomycin,Enterobacterales
escherichia coli o78k80,o78,erythromycin,Enterobacterales
escherichia coli o78k80,o78,fusidic acid,Enterobacterales
escherichia coli o78k80,o78,linezolid,Enterobacterales
escherichia coli o78k80,o78,oritavancin,Enterobacterales
escherichia coli o78k80,o78,quinupristin/dalfopristin,Enterobacterales
escherichia coli o78k80,o78,teicoplanin,Enterobacterales
escherichia coli o78k80,o78,telavancin,Enterobacterales
escherichia coli o78k80,o78,vancomycin,Enterobacterales
"escherichia coli, attaching and effacing (aeec)",aee,azithromycin,Enterobacterales
"escherichia coli, attaching and effacing (aeec)",aee,clarithromycin,Enterobacterales
"escherichia coli, attaching and effacing (aeec)",aee,clindamycin,Enterobacterales
"escherichia coli, attaching and effacing (aeec)",aee,daptomycin,Enterobacterales
"escherichia coli, attaching and effacing (aeec)",aee,erythromycin,Enterobacterales
"escherichia coli, attaching and effacing (aeec)",aee,fusidic acid,Enterobacterales
"escherichia coli, attaching and effacing (aeec)",aee,linezolid,Enterobacterales
"escherichia coli, attaching and effacing (aeec)",aee,oritavancin,Enterobacterales
"escherichia coli, attaching and effacing (aeec)",aee,quinupristin/dalfopristin,Enterobacterales
"escherichia coli, attaching and effacing (aeec)",aee,teicoplanin,Enterobacterales
"escherichia coli, attaching and effacing (aeec)",aee,telavancin,Enterobacterales
"escherichia coli, attaching and effacing (aeec)",aee,vancomycin,Enterobacterales
"escherichia coli, enteroaggregative (eaec)",eaa,azithromycin,Enterobacterales
"escherichia coli, enteroaggregative (eaec)",eaa,clarithromycin,Enterobacterales
"escherichia coli, enteroaggregative (eaec)",eaa,clindamycin,Enterobacterales
"escherichia coli, enteroaggregative (eaec)",eaa,daptomycin,Enterobacterales
"escherichia coli, enteroaggregative (eaec)",eaa,erythromycin,Enterobacterales
"escherichia coli, enteroaggregative (eaec)",eaa,fusidic acid,Enterobacterales
"escherichia coli, enteroaggregative (eaec)",eaa,linezolid,Enterobacterales
"escherichia coli, enteroaggregative (eaec)",eaa,oritavancin,Enterobacterales
"escherichia coli, enteroaggregative (eaec)",eaa,quinupristin/dalfopristin,Enterobacterales
"escherichia coli, enteroaggregative (eaec)",eaa,teicoplanin,Enterobacterales
"escherichia coli, enteroaggregative (eaec)",eaa,telavancin,Enterobacterales
"escherichia coli, enteroaggregative (eaec)",eaa,vancomycin,Enterobacterales
"escherichia coli, enterohemorrhagic (ehec)",eeh,azithromycin,Enterobacterales
"escherichia coli, enterohemorrhagic (ehec)",eeh,clarithromycin,Enterobacterales
"escherichia coli, enterohemorrhagic (ehec)",eeh,clindamycin,Enterobacterales
"escherichia coli, enterohemorrhagic (ehec)",eeh,daptomycin,Enterobacterales
"escherichia coli, enterohemorrhagic (ehec)",eeh,erythromycin,Enterobacterales
"escherichia coli, enterohemorrhagic (ehec)",eeh,fusidic acid,Enterobacterales
"escherichia coli, enterohemorrhagic (ehec)",eeh,linezolid,Enterobacterales
"escherichia coli, enterohemorrhagic (ehec)",eeh,oritavancin,Enterobacterales
"escherichia coli, enterohemorrhagic (ehec)",eeh,quinupristin/dalfopristin,Enterobacterales
"escherichia coli, enterohemorrhagic (ehec)",eeh,teicoplanin,Enterobacterales
"escherichia coli, enterohemorrhagic (ehec)",eeh,telavancin,Enterobacterales
"escherichia coli, enterohemorrhagic (ehec)",eeh,vancomycin,Enterobacterales
"escherichia coli, enteroinvasive (eiec)",eei,azithromycin,Enterobacterales
"escherichia coli, enteroinvasive (eiec)",eei,clarithromycin,Enterobacterales
"escherichia coli, enteroinvasive (eiec)",eei,clindamycin,Enterobacterales
"escherichia coli, enteroinvasive (eiec)",eei,daptomycin,Enterobacterales
"escherichia coli, enteroinvasive (eiec)",eei,erythromycin,Enterobacterales
"escherichia coli, enteroinvasive (eiec)",eei,fusidic acid,Enterobacterales
"escherichia coli, enteroinvasive (eiec)",eei,linezolid,Enterobacterales
"escherichia coli, enteroinvasive (eiec)",eei,oritavancin,Enterobacterales
"escherichia coli, enteroinvasive (eiec)",eei,quinupristin/dalfopristin,Enterobacterales
"escherichia coli, enteroinvasive (eiec)",eei,teicoplanin,Enterobacterales
"escherichia coli, enteroinvasive (eiec)",eei,telavancin,Enterobacterales
"escherichia coli, enteroinvasive (eiec)",eei,vancomycin,Enterobacterales
"escherichia coli, enteropathogenic (epec)",eep,azithromycin,Enterobacterales
"escherichia coli, enteropathogenic (epec)",eep,clarithromycin,Enterobacterales
"escherichia coli, enteropathogenic (epec)",eep,clindamycin,Enterobacterales
"escherichia coli, enteropathogenic (epec)",eep,daptomycin,Enterobacterales
"escherichia coli, enteropathogenic (epec)",eep,erythromycin,Enterobacterales
"escherichia coli, enteropathogenic (epec)",eep,fusidic acid,Enterobacterales
"escherichia coli, enteropathogenic (epec)",eep,linezolid,Enterobacterales
"escherichia coli, enteropathogenic (epec)",eep,oritavancin,Enterobacterales
"escherichia coli, enteropathogenic (epec)",eep,quinupristin/dalfopristin,Enterobacterales
"escherichia coli, enteropathogenic (epec)",eep,teicoplanin,Enterobacterales
"escherichia coli, enteropathogenic (epec)",eep,telavancin,Enterobacterales
"escherichia coli, enteropathogenic (epec)",eep,vancomycin,Enterobacterales
"escherichia coli, enterotoxigenic (etec)",eet,azithromycin,Enterobacterales
"escherichia coli, enterotoxigenic (etec)",eet,clarithromycin,Enterobacterales
"escherichia coli, enterotoxigenic (etec)",eet,clindamycin,Enterobacterales
"escherichia coli, enterotoxigenic (etec)",eet,daptomycin,Enterobacterales
"escherichia coli, enterotoxigenic (etec)",eet,erythromycin,Enterobacterales
"escherichia coli, enterotoxigenic (etec)",eet,fusidic acid,Enterobacterales
"escherichia coli, enterotoxigenic (etec)",eet,linezolid,Enterobacterales
"escherichia coli, enterotoxigenic (etec)",eet,oritavancin,Enterobacterales
"escherichia coli, enterotoxigenic (etec)",eet,quinupristin/dalfopristin,Enterobacterales
"escherichia coli, enterotoxigenic (etec)",eet,teicoplanin,Enterobacterales
"escherichia coli, enterotoxigenic (etec)",eet,telavancin,Enterobacterales
"escherichia coli, enterotoxigenic (etec)",eet,vancomycin,Enterobacterales
"escherichia coli, verocytotoxigenic (vtec)",vec,azithromycin,Enterobacterales
"escherichia coli, verocytotoxigenic (vtec)",vec,clarithromycin,Enterobacterales
"escherichia coli, verocytotoxigenic (vtec)",vec,clindamycin,Enterobacterales
"escherichia coli, verocytotoxigenic (vtec)",vec,daptomycin,Enterobacterales
"escherichia coli, verocytotoxigenic (vtec)",vec,erythromycin,Enterobacterales
"escherichia coli, verocytotoxigenic (vtec)",vec,fusidic acid,Enterobacterales
"escherichia coli, verocytotoxigenic (vtec)",vec,linezolid,Enterobacterales
"escherichia coli, verocytotoxigenic (vtec)",vec,oritavancin,Enterobacterales
"escherichia coli, verocytotoxigenic (vtec)",vec,quinupristin/dalfopristin,Enterobacterales
"escherichia coli, verocytotoxigenic (vtec)",vec,teicoplanin,Enterobacterales
"escherichia coli, verocytotoxigenic (vtec)",vec,telavancin,Enterobacterales
"escherichia coli, verocytotoxigenic (vtec)",vec,vancomycin,Enterobacterales
escherichia fergusonii,efe,azithromycin,Enterobacterales
escherichia fergusonii,efe,clarithromycin,Enterobacterales
escherichia fergusonii,efe,clindamycin,Enterobacterales
escherichia fergusonii,efe,daptomycin,Enterobacterales
escherichia fergusonii,efe,erythromycin,Enterobacterales
escherichia fergusonii,efe,fusidic acid,Enterobacterales
escherichia fergusonii,efe,linezolid,Enterobacterales
escherichia fergusonii,efe,oritavancin,Enterobacterales
escherichia fergusonii,efe,quinupristin/dalfopristin,Enterobacterales
escherichia fergusonii,efe,teicoplanin,Enterobacterales
escherichia fergusonii,efe,telavancin,Enterobacterales
escherichia fergusonii,efe,vancomycin,Enterobacterales
escherichia hermannii,ehe,ampicillin,Enterobacterales
escherichia hermannii,ehe,azithromycin,Enterobacterales
escherichia hermannii,ehe,clarithromycin,Enterobacterales
escherichia hermannii,ehe,clindamycin,Enterobacterales
escherichia hermannii,ehe,daptomycin,Enterobacterales
escherichia hermannii,ehe,erythromycin,Enterobacterales
escherichia hermannii,ehe,fusidic acid,Enterobacterales
escherichia hermannii,ehe,linezolid,Enterobacterales
escherichia hermannii,ehe,oritavancin,Enterobacterales
escherichia hermannii,ehe,quinupristin/dalfopristin,Enterobacterales
escherichia hermannii,ehe,teicoplanin,Enterobacterales
escherichia hermannii,ehe,telavancin,Enterobacterales
escherichia hermannii,ehe,ticarcillin,Enterobacterales
escherichia hermannii,ehe,vancomycin,Enterobacterales
escherichia sp.,esc,azithromycin,Enterobacterales
escherichia sp.,esc,clarithromycin,Enterobacterales
escherichia sp.,esc,clindamycin,Enterobacterales
escherichia sp.,esc,daptomycin,Enterobacterales
escherichia sp.,esc,erythromycin,Enterobacterales
escherichia sp.,esc,fusidic acid,Enterobacterales
escherichia sp.,esc,linezolid,Enterobacterales
escherichia sp.,esc,oritavancin,Enterobacterales
escherichia sp.,esc,quinupristin/dalfopristin,Enterobacterales
escherichia sp.,esc,teicoplanin,Enterobacterales
escherichia sp.,esc,telavancin,Enterobacterales
escherichia sp.,esc,vancomycin,Enterobacterales
escherichia vulneris,evu,azithromycin,Enterobacterales
escherichia vulneris,evu,clarithromycin,Enterobacterales
escherichia vulneris,evu,clindamycin,Enterobacterales
escherichia vulneris,evu,daptomycin,Enterobacterales
escherichia vulneris,evu,erythromycin,Enterobacterales
escherichia vulneris,evu,fusidic acid,Enterobacterales
escherichia vulneris,evu,linezolid,Enterobacterales
escherichia vulneris,evu,oritavancin,Enterobacterales
escherichia vulneris,evu,quinupristin/dalfopristin,Enterobacterales
escherichia vulneris,evu,teicoplanin,Enterobacterales
escherichia vulneris,evu,telavancin,Enterobacterales
escherichia vulneris,evu,vancomycin,Enterobacterales
ewingella americana,ear,azithromycin,Enterobacterales
ewingella americana,ear,clarithromycin,Enterobacterales
ewingella americana,ear,clindamycin,Enterobacterales
ewingella americana,ear,daptomycin,Enterobacterales
ewingella americana,ear,erythromycin,Enterobacterales
ewingella americana,ear,fusidic acid,Enterobacterales
ewingella americana,ear,linezolid,Enterobacterales
ewingella americana,ear,oritavancin,Enterobacterales
ewingella americana,ear,quinupristin/dalfopristin,Enterobacterales
ewingella americana,ear,teicoplanin,Enterobacterales
ewingella americana,ear,telavancin,Enterobacterales
ewingella americana,ear,vancomycin,Enterobacterales
ewingella sp.,ewi,azithromycin,Enterobacterales
ewingella sp.,ewi,clarithromycin,Enterobacterales
ewingella sp.,ewi,clindamycin,Enterobacterales
ewingella sp.,ewi,daptomycin,Enterobacterales
ewingella sp.,ewi,erythromycin,Enterobacterales
ewingella sp.,ewi,fusidic acid,Enterobacterales
ewingella sp.,ewi,linezolid,Enterobacterales
ewingella sp.,ewi,oritavancin,Enterobacterales
ewingella sp.,ewi,quinupristin/dalfopristin,Enterobacterales
ewingella sp.,ewi,teicoplanin,Enterobacterales
ewingella sp.,ewi,telavancin,Enterobacterales
ewingella sp.,ewi,vancomycin,Enterobacterales
fusobacterium canifelinum,fcf,amikacin,Anaerobic Gram-Negative Bacilli
fusobacterium canifelinum,fcf,cinoxacin,Anaerobic Gram-Negative Bacilli
fusobacterium canifelinum,fcf,ciprofloxacin,Anaerobic Gram-Negative Bacilli
fusobacterium canifelinum,fcf,enoxacin,Anaerobic Gram-Negative Bacilli
fusobacterium canifelinum,fcf,fleroxacin,Anaerobic Gram-Negative Bacilli
fusobacterium canifelinum,fcf,garenoxacin,Anaerobic Gram-Negative Bacilli
fusobacterium canifelinum,fcf,gatifloxacin,Anaerobic Gram-Negative Bacilli
fusobacterium canifelinum,fcf,gemifloxacin,Anaerobic Gram-Negative Bacilli
fusobacterium canifelinum,fcf,gentamicin,Anaerobic Gram-Negative Bacilli
fusobacterium canifelinum,fcf,gentamicin-high,Anaerobic Gram-Negative Bacilli
fusobacterium canifelinum,fcf,grepafloxacin,Anaerobic Gram-Negative Bacilli
fusobacterium canifelinum,fcf,kanamycin,Anaerobic Gram-Negative Bacilli
fusobacterium canifelinum,fcf,kanamycin-high,Anaerobic Gram-Negative Bacilli
fusobacterium canifelinum,fcf,levofloxacin,Anaerobic Gram-Negative Bacilli
fusobacterium canifelinum,fcf,lomefloxacin,Anaerobic Gram-Negative Bacilli
fusobacterium canifelinum,fcf,moxifloxacin,Anaerobic Gram-Negative Bacilli
fusobacterium canifelinum,fcf,nalidixic acid,Anaerobic Gram-Negative Bacilli
fusobacterium canifelinum,fcf,neomycin,Anaerobic Gram-Negative Bacilli
fusobacterium canifelinum,fcf,netilmicin,Anaerobic Gram-Negative Bacilli
fusobacterium canifelinum,fcf,norfloxacin,Anaerobic Gram-Negative Bacilli
fusobacterium canifelinum,fcf,ofloxacin,Anaerobic Gram-Negative Bacilli
fusobacterium canifelinum,fcf,plazomicin,Anaerobic Gram-Negative Bacilli
fusobacterium canifelinum,fcf,sparfloxacin,Anaerobic Gram-Negative Bacilli
fusobacterium canifelinum,fcf,streptomycin,Anaerobic Gram-Negative Bacilli
fusobacterium canifelinum,fcf,streptomycin-high,Anaerobic Gram-Negative Bacilli
fusobacterium canifelinum,fcf,temafloxacin,Anaerobic Gram-Negative Bacilli
fusobacterium canifelinum,fcf,tobramycin,Anaerobic Gram-Negative Bacilli
fusobacterium canifelinum,fcf,trovafloxacin,Anaerobic Gram-Negative Bacilli
gram negative enteric organism,gne,azithromycin,Enterobacterales
gram negative enteric organism,gne,clarithromycin,Enterobacterales
gram negative enteric organism,gne,clindamycin,Enterobacterales
gram negative enteric organism,gne,daptomycin,Enterobacterales
gram negative enteric organism,gne,erythromycin,Enterobacterales
gram negative enteric organism,gne,fusidic acid,Enterobacterales
gram negative enteric organism,gne,linezolid,Enterobacterales
gram negative enteric organism,gne,oritavancin,Enterobacterales
gram negative enteric organism,gne,quinupristin/dalfopristin,Enterobacterales
gram negative enteric organism,gne,teicoplanin,Enterobacterales
gram negative enteric organism,gne,telavancin,Enterobacterales
gram negative enteric organism,gne,vancomycin,Enterobacterales
hafnia alvei,hal,amoxicillin/clavulanic acid,Enterobacterales
hafnia alvei,hal,ampicillin,Enterobacterales
hafnia alvei,hal,ampicillin/sulbactam,Enterobacterales
hafnia alvei,hal,azithromycin,Enterobacterales
hafnia alvei,hal,cefazolin,Enterobacterales
hafnia alvei,hal,cefotetan,Enterobacterales
hafnia alvei,hal,cefoxitin,Enterobacterales
hafnia alvei,hal,cephalothin,Enterobacterales
hafnia alvei,hal,clarithromycin,Enterobacterales
hafnia alvei,hal,clindamycin,Enterobacterales
hafnia alvei,hal,colistin,Enterobacterales
hafnia alvei,hal,daptomycin,Enterobacterales
hafnia alvei,hal,erythromycin,Enterobacterales
hafnia alvei,hal,fusidic acid,Enterobacterales
hafnia alvei,hal,linezolid,Enterobacterales
hafnia alvei,hal,oritavancin,Enterobacterales
hafnia alvei,hal,polymyxin b,Enterobacterales
hafnia alvei,hal,quinupristin/dalfopristin,Enterobacterales
hafnia alvei,hal,teicoplanin,Enterobacterales
hafnia alvei,hal,telavancin,Enterobacterales
hafnia alvei,hal,vancomycin,Enterobacterales
hafnia paralvei,hfv,azithromycin,Enterobacterales
hafnia paralvei,hfv,clarithromycin,Enterobacterales
hafnia paralvei,hfv,clindamycin,Enterobacterales
hafnia paralvei,hfv,colistin,Enterobacterales
hafnia paralvei,hfv,daptomycin,Enterobacterales
hafnia paralvei,hfv,erythromycin,Enterobacterales
hafnia paralvei,hfv,fusidic acid,Enterobacterales
hafnia paralvei,hfv,linezolid,Enterobacterales
hafnia paralvei,hfv,oritavancin,Enterobacterales
hafnia paralvei,hfv,polymyxin b,Enterobacterales
hafnia paralvei,hfv,quinupristin/dalfopristin,Enterobacterales
hafnia paralvei,hfv,teicoplanin,Enterobacterales
hafnia paralvei,hfv,telavancin,Enterobacterales
hafnia paralvei,hfv,vancomycin,Enterobacterales
hafnia sp.,haf,azithromycin,Enterobacterales
hafnia sp.,haf,clarithromycin,Enterobacterales
hafnia sp.,haf,clindamycin,Enterobacterales
hafnia sp.,haf,daptomycin,Enterobacterales
hafnia sp.,haf,erythromycin,Enterobacterales
hafnia sp.,haf,fusidic acid,Enterobacterales
hafnia sp.,haf,linezolid,Enterobacterales
hafnia sp.,haf,oritavancin,Enterobacterales
hafnia sp.,haf,quinupristin/dalfopristin,Enterobacterales
hafnia sp.,haf,teicoplanin,Enterobacterales
hafnia sp.,haf,telavancin,Enterobacterales
hafnia sp.,haf,vancomycin,Enterobacterales
klebsiella aerogenes,eae,amoxicillin/clavulanic acid,Enterobacterales
klebsiella aerogenes,eae,ampicillin,Enterobacterales
klebsiella aerogenes,eae,ampicillin/sulbactam,Enterobacterales
klebsiella aerogenes,eae,azithromycin,Enterobacterales
klebsiella aerogenes,eae,cefazolin,Enterobacterales
klebsiella aerogenes,eae,cefotetan,Enterobacterales
klebsiella aerogenes,eae,cefoxitin,Enterobacterales
klebsiella aerogenes,eae,cephalothin,Enterobacterales
klebsiella aerogenes,eae,clarithromycin,Enterobacterales
klebsiella aerogenes,eae,clindamycin,Enterobacterales
klebsiella aerogenes,eae,daptomycin,Enterobacterales
klebsiella aerogenes,eae,erythromycin,Enterobacterales
klebsiella aerogenes,eae,fusidic acid,Enterobacterales
klebsiella aerogenes,eae,linezolid,Enterobacterales
klebsiella aerogenes,eae,oritavancin,Enterobacterales
klebsiella aerogenes,eae,quinupristin/dalfopristin,Enterobacterales
klebsiella aerogenes,eae,teicoplanin,Enterobacterales
klebsiella aerogenes,eae,telavancin,Enterobacterales
klebsiella aerogenes,eae,vancomycin,Enterobacterales
klebsiella enteric group 47,kor,amoxicillin,Enterobacterales
klebsiella enteric group 47,kor,ampicillin,Enterobacterales
klebsiella enteric group 47,kor,azithromycin,Enterobacterales
klebsiella enteric group 47,kor,clarithromycin,Enterobacterales
klebsiella enteric group 47,kor,clindamycin,Enterobacterales
klebsiella enteric group 47,kor,daptomycin,Enterobacterales
klebsiella enteric group 47,kor,erythromycin,Enterobacterales
klebsiella enteric group 47,kor,fusidic acid,Enterobacterales
klebsiella enteric group 47,kor,linezolid,Enterobacterales
klebsiella enteric group 47,kor,oritavancin,Enterobacterales
klebsiella enteric group 47,kor,quinupristin/dalfopristin,Enterobacterales
klebsiella enteric group 47,kor,teicoplanin,Enterobacterales
klebsiella enteric group 47,kor,telavancin,Enterobacterales
klebsiella enteric group 47,kor,ticarcillin,Enterobacterales
klebsiella enteric group 47,kor,vancomycin,Enterobacterales
klebsiella granulomatis (lympho. granul.),cgr,azithromycin,Enterobacterales
klebsiella granulomatis (lympho. granul.),cgr,clarithromycin,Enterobacterales
klebsiella granulomatis (lympho. granul.),cgr,clindamycin,Enterobacterales
klebsiella granulomatis (lympho. granul.),cgr,daptomycin,Enterobacterales
klebsiella granulomatis (lympho. granul.),cgr,erythromycin,Enterobacterales
klebsiella granulomatis (lympho. granul.),cgr,fusidic acid,Enterobacterales
klebsiella granulomatis (lympho. granul.),cgr,linezolid,Enterobacterales
klebsiella granulomatis (lympho. granul.),cgr,oritavancin,Enterobacterales
klebsiella granulomatis (lympho. granul.),cgr,quinupristin/dalfopristin,Enterobacterales
klebsiella granulomatis (lympho. granul.),cgr,teicoplanin,Enterobacterales
klebsiella granulomatis (lympho. granul.),cgr,telavancin,Enterobacterales
klebsiella granulomatis (lympho. granul.),cgr,vancomycin,Enterobacterales
klebsiella mobilis,eae,amoxicillin/clavulanic acid,Enterobacterales
klebsiella mobilis,eae,ampicillin,Enterobacterales
klebsiella mobilis,eae,ampicillin/sulbactam,Enterobacterales
klebsiella mobilis,eae,azithromycin,Enterobacterales
klebsiella mobilis,eae,cefazolin,Enterobacterales
klebsiella mobilis,eae,cefotetan,Enterobacterales
klebsiella mobilis,eae,cefoxitin,Enterobacterales
klebsiella mobilis,eae,cephalothin,Enterobacterales
klebsiella mobilis,eae,clarithromycin,Enterobacterales
klebsiella mobilis,eae,clindamycin,Enterobacterales
klebsiella mobilis,eae,daptomycin,Enterobacterales
klebsiella mobilis,eae,erythromycin,Enterobacterales
klebsiella mobilis,eae,fusidic acid,Enterobacterales
klebsiella mobilis,eae,linezolid,Enterobacterales
klebsiella mobilis,eae,oritavancin,Enterobacterales
klebsiella mobilis,eae,quinupristin/dalfopristin,Enterobacterales
klebsiella mobilis,eae,teicoplanin,Enterobacterales
klebsiella mobilis,eae,telavancin,Enterobacterales
klebsiella mobilis,eae,vancomycin,Enterobacterales
klebsiella ornithinolytica,kor,amoxicillin,Enterobacterales
klebsiella ornithinolytica,kor,ampicillin,Enterobacterales
klebsiella ornithinolytica,kor,azithromycin,Enterobacterales
klebsiella ornithinolytica,kor,clarithromycin,Enterobacterales
klebsiella ornithinolytica,kor,clindamycin,Enterobacterales
klebsiella ornithinolytica,kor,daptomycin,Enterobacterales
klebsiella ornithinolytica,kor,erythromycin,Enterobacterales
klebsiella ornithinolytica,kor,fusidic acid,Enterobacterales
klebsiella ornithinolytica,kor,linezolid,Enterobacterales
klebsiella ornithinolytica,kor,oritavancin,Enterobacterales
klebsiella ornithinolytica,kor,quinupristin/dalfopristin,Enterobacterales
klebsiella ornithinolytica,kor,teicoplanin,Enterobacterales
klebsiella ornithinolytica,kor,telavancin,Enterobacterales
klebsiella ornithinolytica,kor,ticarcillin,Enterobacterales
klebsiella ornithinolytica,kor,vancomycin,Enterobacterales
klebsiella oxytoca,kox,ampicillin,Enterobacterales
klebsiella oxytoca,kox,azithromycin,Enterobacterales
klebsiella oxytoca,kox,clarithromycin,Enterobacterales
klebsiella oxytoca,kox,clindamycin,Enterobacterales
klebsiella oxytoca,kox,daptomycin,Enterobacterales
klebsiella oxytoca,kox,erythromycin,Enterobacterales
klebsiella oxytoca,kox,fusidic acid,Enterobacterales
klebsiella oxytoca,kox,linezolid,Enterobacterales
klebsiella oxytoca,kox,oritavancin,Enterobacterales
klebsiella oxytoca,kox,quinupristin/dalfopristin,Enterobacterales
klebsiella oxytoca,kox,teicoplanin,Enterobacterales
klebsiella oxytoca,kox,telavancin,Enterobacterales
klebsiella oxytoca,kox,ticarcillin,Enterobacterales
klebsiella oxytoca,kox,vancomycin,Enterobacterales
klebsiella ozaenae,koz,azithromycin,Enterobacterales
klebsiella ozaenae,koz,clarithromycin,Enterobacterales
klebsiella ozaenae,koz,clindamycin,Enterobacterales
klebsiella ozaenae,koz,daptomycin,Enterobacterales
klebsiella ozaenae,koz,erythromycin,Enterobacterales
klebsiella ozaenae,koz,fusidic acid,Enterobacterales
klebsiella ozaenae,koz,linezolid,Enterobacterales
klebsiella ozaenae,koz,oritavancin,Enterobacterales
klebsiella ozaenae,koz,quinupristin/dalfopristin,Enterobacterales
klebsiella ozaenae,koz,teicoplanin,Enterobacterales
klebsiella ozaenae,koz,telavancin,Enterobacterales
klebsiella ozaenae,koz,vancomycin,Enterobacterales
klebsiella planticola (trevisanii),kpl,amoxicillin,Enterobacterales
klebsiella planticola (trevisanii),kpl,ampicillin,Enterobacterales
klebsiella planticola (trevisanii),kpl,azithromycin,Enterobacterales
klebsiella planticola (trevisanii),kpl,clarithromycin,Enterobacterales
klebsiella planticola (trevisanii),kpl,clindamycin,Enterobacterales
klebsiella planticola (trevisanii),kpl,daptomycin,Enterobacterales
klebsiella planticola (trevisanii),kpl,erythromycin,Enterobacterales
klebsiella planticola (trevisanii),kpl,fusidic acid,Enterobacterales
klebsiella planticola (trevisanii),kpl,linezolid,Enterobacterales
klebsiella planticola (trevisanii),kpl,oritavancin,Enterobacterales
klebsiella planticola (trevisanii),kpl,quinupristin/dalfopristin,Enterobacterales
klebsiella planticola (trevisanii),kpl,teicoplanin,Enterobacterales
klebsiella planticola (trevisanii),kpl,telavancin,Enterobacterales
klebsiella planticola (trevisanii),kpl,ticarcillin,Enterobacterales
klebsiella planticola (trevisanii),kpl,vancomycin,Enterobacterales
klebsiella pneumoniae,kpn,ampicillin,Enterobacterales
klebsiella pneumoniae,kpn,azithromycin,Enterobacterales
klebsiella pneumoniae,kpn,clarithromycin,Enterobacterales
klebsiella pneumoniae,kpn,clindamycin,Enterobacterales
klebsiella pneumoniae,kpn,daptomycin,Enterobacterales
klebsiella pneumoniae,kpn,erythromycin,Enterobacterales
klebsiella pneumoniae,kpn,fusidic acid,Enterobacterales
klebsiella pneumoniae,kpn,linezolid,Enterobacterales
klebsiella pneumoniae,kpn,oritavancin,Enterobacterales
klebsiella pneumoniae,kpn,quinupristin/dalfopristin,Enterobacterales
klebsiella pneumoniae,kpn,teicoplanin,Enterobacterales
klebsiella pneumoniae,kpn,telavancin,Enterobacterales
klebsiella pneumoniae,kpn,ticarcillin,Enterobacterales
klebsiella pneumoniae,kpn,vancomycin,Enterobacterales
klebsiella pneumoniae ss. ozaenae,koz,azithromycin,Enterobacterales
klebsiella pneumoniae ss. ozaenae,koz,clarithromycin,Enterobacterales
klebsiella pneumoniae ss. ozaenae,koz,clindamycin,Enterobacterales
klebsiella pneumoniae ss. ozaenae,koz,daptomycin,Enterobacterales
klebsiella pneumoniae ss. ozaenae,koz,erythromycin,Enterobacterales
klebsiella pneumoniae ss. ozaenae,koz,fusidic acid,Enterobacterales
klebsiella pneumoniae ss. ozaenae,koz,linezolid,Enterobacterales
klebsiella pneumoniae ss. ozaenae,koz,oritavancin,Enterobacterales
klebsiella pneumoniae ss. ozaenae,koz,quinupristin/dalfopristin,Enterobacterales
klebsiella pneumoniae ss. ozaenae,koz,teicoplanin,Enterobacterales
klebsiella pneumoniae ss. ozaenae,koz,telavancin,Enterobacterales
klebsiella pneumoniae ss. ozaenae,koz,vancomycin,Enterobacterales
klebsiella pneumoniae ss. pneumoniae,kpn,ampicillin,Enterobacterales
klebsiella pneumoniae ss. pneumoniae,kpn,azithromycin,Enterobacterales
klebsiella pneumoniae ss. pneumoniae,kpn,clarithromycin,Enterobacterales
klebsiella pneumoniae ss. pneumoniae,kpn,clindamycin,Enterobacterales
klebsiella pneumoniae ss. pneumoniae,kpn,daptomycin,Enterobacterales
klebsiella pneumoniae ss. pneumoniae,kpn,erythromycin,Enterobacterales
klebsiella pneumoniae ss. pneumoniae,kpn,fusidic acid,Enterobacterales
klebsiella pneumoniae ss. pneumoniae,kpn,linezolid,Enterobacterales
klebsiella pneumoniae ss. pneumoniae,kpn,oritavancin,Enterobacterales
klebsiella pneumoniae ss. pneumoniae,kpn,quinupristin/dalfopristin,Enterobacterales
klebsiella pneumoniae ss. pneumoniae,kpn,teicoplanin,Enterobacterales
klebsiella pneumoniae ss. pneumoniae,kpn,telavancin,Enterobacterales
klebsiella pneumoniae ss. pneumoniae,kpn,ticarcillin,Enterobacterales
klebsiella pneumoniae ss. pneumoniae,kpn,vancomycin,Enterobacterales
klebsiella pneumoniae ss. rhinoscleromatis,krn,azithromycin,Enterobacterales
klebsiella pneumoniae ss. rhinoscleromatis,krn,clarithromycin,Enterobacterales
klebsiella pneumoniae ss. rhinoscleromatis,krn,clindamycin,Enterobacterales
klebsiella pneumoniae ss. rhinoscleromatis,krn,daptomycin,Enterobacterales
klebsiella pneumoniae ss. rhinoscleromatis,krn,erythromycin,Enterobacterales
klebsiella pneumoniae ss. rhinoscleromatis,krn,fusidic acid,Enterobacterales
klebsiella pneumoniae ss. rhinoscleromatis,krn,linezolid,Enterobacterales
klebsiella pneumoniae ss. rhinoscleromatis,krn,oritavancin,Enterobacterales
klebsiella pneumoniae ss. rhinoscleromatis,krn,quinupristin/dalfopristin,Enterobacterales
klebsiella pneumoniae ss. rhinoscleromatis,krn,teicoplanin,Enterobacterales
klebsiella pneumoniae ss. rhinoscleromatis,krn,telavancin,Enterobacterales
klebsiella pneumoniae ss. rhinoscleromatis,krn,vancomycin,Enterobacterales
klebsiella quasipneumoniae,kqp,azithromycin,Enterobacterales
klebsiella quasipneumoniae,kqp,clarithromycin,Enterobacterales
klebsiella quasipneumoniae,kqp,clindamycin,Enterobacterales
klebsiella quasipneumoniae,kqp,daptomycin,Enterobacterales
klebsiella quasipneumoniae,kqp,erythromycin,Enterobacterales
klebsiella quasipneumoniae,kqp,fusidic acid,Enterobacterales
klebsiella quasipneumoniae,kqp,linezolid,Enterobacterales
klebsiella quasipneumoniae,kqp,oritavancin,Enterobacterales
klebsiella quasipneumoniae,kqp,quinupristin/dalfopristin,Enterobacterales
klebsiella quasipneumoniae,kqp,teicoplanin,Enterobacterales
klebsiella quasipneumoniae,kqp,telavancin,Enterobacterales
klebsiella quasipneumoniae,kqp,vancomycin,Enterobacterales
klebsiella rhinoscleromatis,krn,azithromycin,Enterobacterales
klebsiella rhinoscleromatis,krn,clarithromycin,Enterobacterales
klebsiella rhinoscleromatis,krn,clindamycin,Enterobacterales
klebsiella rhinoscleromatis,krn,daptomycin,Enterobacterales
klebsiella rhinoscleromatis,krn,erythromycin,Enterobacterales
klebsiella rhinoscleromatis,krn,fusidic acid,Enterobacterales
klebsiella rhinoscleromatis,krn,linezolid,Enterobacterales
klebsiella rhinoscleromatis,krn,oritavancin,Enterobacterales
klebsiella rhinoscleromatis,krn,quinupristin/dalfopristin,Enterobacterales
klebsiella rhinoscleromatis,krn,teicoplanin,Enterobacterales
klebsiella rhinoscleromatis,krn,telavancin,Enterobacterales
klebsiella rhinoscleromatis,krn,vancomycin,Enterobacterales
klebsiella sp.,kl-,azithromycin,Enterobacterales
klebsiella sp.,kl-,clarithromycin,Enterobacterales
klebsiella sp.,kl-,clindamycin,Enterobacterales
klebsiella sp.,kl-,daptomycin,Enterobacterales
klebsiella sp.,kl-,erythromycin,Enterobacterales
klebsiella sp.,kl-,fusidic acid,Enterobacterales
klebsiella sp.,kl-,linezolid,Enterobacterales
klebsiella sp.,kl-,oritavancin,Enterobacterales
klebsiella sp.,kl-,quinupristin/dalfopristin,Enterobacterales
klebsiella sp.,kl-,teicoplanin,Enterobacterales
klebsiella sp.,kl-,telavancin,Enterobacterales
klebsiella sp.,kl-,vancomycin,Enterobacterales
klebsiella terrigena,kte,amoxicillin,Enterobacterales
klebsiella terrigena,kte,ampicillin,Enterobacterales
klebsiella terrigena,kte,azithromycin,Enterobacterales
klebsiella terrigena,kte,clarithromycin,Enterobacterales
klebsiella terrigena,kte,clindamycin,Enterobacterales
klebsiella terrigena,kte,daptomycin,Enterobacterales
klebsiella terrigena,kte,erythromycin,Enterobacterales
klebsiella terrigena,kte,fusidic acid,Enterobacterales
klebsiella terrigena,kte,linezolid,Enterobacterales
klebsiella terrigena,kte,oritavancin,Enterobacterales
klebsiella terrigena,kte,quinupristin/dalfopristin,Enterobacterales
klebsiella terrigena,kte,teicoplanin,Enterobacterales
klebsiella terrigena,kte,telavancin,Enterobacterales
klebsiella terrigena,kte,ticarcillin,Enterobacterales
klebsiella terrigena,kte,vancomycin,Enterobacterales
klebsiella trevisanii,kpl,amoxicillin,Enterobacterales
klebsiella trevisanii,kpl,ampicillin,Enterobacterales
klebsiella trevisanii,kpl,azithromycin,Enterobacterales
klebsiella trevisanii,kpl,clarithromycin,Enterobacterales
klebsiella trevisanii,kpl,clindamycin,Enterobacterales
klebsiella trevisanii,kpl,daptomycin,Enterobacterales
klebsiella trevisanii,kpl,erythromycin,Enterobacterales
klebsiella trevisanii,kpl,fusidic acid,Enterobacterales
klebsiella trevisanii,kpl,linezolid,Enterobacterales
klebsiella trevisanii,kpl,oritavancin,Enterobacterales
klebsiella trevisanii,kpl,quinupristin/dalfopristin,Enterobacterales
klebsiella trevisanii,kpl,teicoplanin,Enterobacterales
klebsiella trevisanii,kpl,telavancin,Enterobacterales
klebsiella trevisanii,kpl,ticarcillin,Enterobacterales
klebsiella trevisanii,kpl,vancomycin,Enterobacterales
klebsiella variicola,kvi,ampicillin,Enterobacterales
klebsiella variicola,kvi,azithromycin,Enterobacterales
klebsiella variicola,kvi,clarithromycin,Enterobacterales
klebsiella variicola,kvi,clindamycin,Enterobacterales
klebsiella variicola,kvi,daptomycin,Enterobacterales
klebsiella variicola,kvi,erythromycin,Enterobacterales
klebsiella variicola,kvi,fusidic acid,Enterobacterales
klebsiella variicola,kvi,linezolid,Enterobacterales
klebsiella variicola,kvi,oritavancin,Enterobacterales
klebsiella variicola,kvi,quinupristin/dalfopristin,Enterobacterales
klebsiella variicola,kvi,teicoplanin,Enterobacterales
klebsiella variicola,kvi,telavancin,Enterobacterales
klebsiella variicola,kvi,ticarcillin,Enterobacterales
klebsiella variicola,kvi,vancomycin,Enterobacterales
kluyvera ascorbata,kas,azithromycin,Enterobacterales
kluyvera ascorbata,kas,clarithromycin,Enterobacterales
kluyvera ascorbata,kas,clindamycin,Enterobacterales
kluyvera ascorbata,kas,daptomycin,Enterobacterales
kluyvera ascorbata,kas,erythromycin,Enterobacterales
kluyvera ascorbata,kas,fusidic acid,Enterobacterales
kluyvera ascorbata,kas,linezolid,Enterobacterales
kluyvera ascorbata,kas,oritavancin,Enterobacterales
kluyvera ascorbata,kas,quinupristin/dalfopristin,Enterobacterales
kluyvera ascorbata,kas,teicoplanin,Enterobacterales
kluyvera ascorbata,kas,telavancin,Enterobacterales
kluyvera ascorbata,kas,vancomycin,Enterobacterales
kluyvera cryocrescens,kcr,azithromycin,Enterobacterales
kluyvera cryocrescens,kcr,clarithromycin,Enterobacterales
kluyvera cryocrescens,kcr,clindamycin,Enterobacterales
kluyvera cryocrescens,kcr,daptomycin,Enterobacterales
kluyvera cryocrescens,kcr,erythromycin,Enterobacterales
kluyvera cryocrescens,kcr,fusidic acid,Enterobacterales
kluyvera cryocrescens,kcr,linezolid,Enterobacterales
kluyvera cryocrescens,kcr,oritavancin,Enterobacterales
kluyvera cryocrescens,kcr,quinupristin/dalfopristin,Enterobacterales
kluyvera cryocrescens,kcr,teicoplanin,Enterobacterales
kluyvera cryocrescens,kcr,telavancin,Enterobacterales
kluyvera cryocrescens,kcr,vancomycin,Enterobacterales
kluyvera intermedia,ein,azithromycin,Enterobacterales
kluyvera intermedia,ein,clarithromycin,Enterobacterales
kluyvera intermedia,ein,clindamycin,Enterobacterales
kluyvera intermedia,ein,daptomycin,Enterobacterales
kluyvera intermedia,ein,erythromycin,Enterobacterales
kluyvera intermedia,ein,fusidic acid,Enterobacterales
kluyvera intermedia,ein,linezolid,Enterobacterales
kluyvera intermedia,ein,oritavancin,Enterobacterales
kluyvera intermedia,ein,quinupristin/dalfopristin,Enterobacterales
kluyvera intermedia,ein,teicoplanin,Enterobacterales
kluyvera intermedia,ein,telavancin,Enterobacterales
kluyvera intermedia,ein,vancomycin,Enterobacterales
kluyvera sp.,klu,azithromycin,Enterobacterales
kluyvera sp.,klu,clarithromycin,Enterobacterales
kluyvera sp.,klu,clindamycin,Enterobacterales
kluyvera sp.,klu,daptomycin,Enterobacterales
kluyvera sp.,klu,erythromycin,Enterobacterales
kluyvera sp.,klu,fusidic acid,Enterobacterales
kluyvera sp.,klu,linezolid,Enterobacterales
kluyvera sp.,klu,oritavancin,Enterobacterales
kluyvera sp.,klu,quinupristin/dalfopristin,Enterobacterales
kluyvera sp.,klu,teicoplanin,Enterobacterales
kluyvera sp.,klu,telavancin,Enterobacterales
kluyvera sp.,klu,vancomycin,Enterobacterales
koserella sp.,yok,azithromycin,Enterobacterales
koserella sp.,yok,clarithromycin,Enterobacterales
koserella sp.,yok,clindamycin,Enterobacterales
koserella sp.,yok,daptomycin,Enterobacterales
koserella sp.,yok,erythromycin,Enterobacterales
koserella sp.,yok,fusidic acid,Enterobacterales
koserella sp.,yok,linezolid,Enterobacterales
koserella sp.,yok,oritavancin,Enterobacterales
koserella sp.,yok,quinupristin/dalfopristin,Enterobacterales
koserella sp.,yok,teicoplanin,Enterobacterales
koserella sp.,yok,telavancin,Enterobacterales
koserella sp.,yok,vancomycin,Enterobacterales
koserella trabulsii,yre,azithromycin,Enterobacterales
koserella trabulsii,yre,clarithromycin,Enterobacterales
koserella trabulsii,yre,clindamycin,Enterobacterales
koserella trabulsii,yre,daptomycin,Enterobacterales
koserella trabulsii,yre,erythromycin,Enterobacterales
koserella trabulsii,yre,fusidic acid,Enterobacterales
koserella trabulsii,yre,linezolid,Enterobacterales
koserella trabulsii,yre,oritavancin,Enterobacterales
koserella trabulsii,yre,quinupristin/dalfopristin,Enterobacterales
koserella trabulsii,yre,teicoplanin,Enterobacterales
koserella trabulsii,yre,telavancin,Enterobacterales
koserella trabulsii,yre,vancomycin,Enterobacterales
lactobacillus acidophilus,lap,vancomycin,Other gram-positives (Vet)
lactobacillus amylovorus,lam,vancomycin,Other gram-positives (Vet)
lactobacillus brevis,lbv,vancomycin,Other gram-positives (Vet)
lactobacillus casei,lcs,vancomycin,Other gram-positives (Vet)
lactobacillus crispatus,lcp,vancomycin,Other gram-positives (Vet)
lactobacillus dextrinicus,pdx,vancomycin,Other gram-positives (Vet)
lactobacillus fermentum,lfe,vancomycin,Other gram-positives (Vet)
lactobacillus gasseri,lgs,vancomycin,Other gram-positives (Vet)
lactobacillus jensenii,lje,vancomycin,Other gram-positives (Vet)
lactobacillus johnsonii,ljo,vancomycin,Other gram-positives (Vet)
lactobacillus oris,lor,vancomycin,Other gram-positives (Vet)
lactobacillus plantarum,lpl,vancomycin,Other gram-positives (Vet)
lactobacillus reuteri,lre,vancomycin,Other gram-positives (Vet)
lactobacillus rhamnosus,lah,vancomycin,Other gram-positives (Vet)
lactobacillus salivarius,lsa,vancomycin,Other gram-positives (Vet)
lactobacillus salivarius ss. salivarius,lsa,vancomycin,Other gram-positives (Vet)
lactobacillus sp.,lac,vancomycin,Other gram-positives (Vet)
lactobacillus vaginalis,lva,vancomycin,Other gram-positives (Vet)
leclercia adecarboxylata,lad,azithromycin,Enterobacterales
leclercia adecarboxylata,lad,clarithromycin,Enterobacterales
leclercia adecarboxylata,lad,clindamycin,Enterobacterales
leclercia adecarboxylata,lad,daptomycin,Enterobacterales
leclercia adecarboxylata,lad,erythromycin,Enterobacterales
leclercia adecarboxylata,lad,fusidic acid,Enterobacterales
leclercia adecarboxylata,lad,linezolid,Enterobacterales
leclercia adecarboxylata,lad,oritavancin,Enterobacterales
leclercia adecarboxylata,lad,quinupristin/dalfopristin,Enterobacterales
leclercia adecarboxylata,lad,teicoplanin,Enterobacterales
leclercia adecarboxylata,lad,telavancin,Enterobacterales
leclercia adecarboxylata,lad,vancomycin,Enterobacterales
leclercia sp.,lec,azithromycin,Enterobacterales
leclercia sp.,lec,clarithromycin,Enterobacterales
leclercia sp.,lec,clindamycin,Enterobacterales
leclercia sp.,lec,daptomycin,Enterobacterales
leclercia sp.,lec,erythromycin,Enterobacterales
leclercia sp.,lec,fusidic acid,Enterobacterales
leclercia sp.,lec,linezolid,Enterobacterales
leclercia sp.,lec,oritavancin,Enterobacterales
leclercia sp.,lec,quinupristin/dalfopristin,Enterobacterales
leclercia sp.,lec,teicoplanin,Enterobacterales
leclercia sp.,lec,telavancin,Enterobacterales
leclercia sp.,lec,vancomycin,Enterobacterales
leminorella grimontii,lgr,azithromycin,Enterobacterales
leminorella grimontii,lgr,clarithromycin,Enterobacterales
leminorella grimontii,lgr,clindamycin,Enterobacterales
leminorella grimontii,lgr,daptomycin,Enterobacterales
leminorella grimontii,lgr,erythromycin,Enterobacterales
leminorella grimontii,lgr,fusidic acid,Enterobacterales
leminorella grimontii,lgr,linezolid,Enterobacterales
leminorella grimontii,lgr,oritavancin,Enterobacterales
leminorella grimontii,lgr,quinupristin/dalfopristin,Enterobacterales
leminorella grimontii,lgr,teicoplanin,Enterobacterales
leminorella grimontii,lgr,telavancin,Enterobacterales
leminorella grimontii,lgr,vancomycin,Enterobacterales
leminorella richardii,lri,azithromycin,Enterobacterales
leminorella richardii,lri,clarithromycin,Enterobacterales
leminorella richardii,lri,clindamycin,Enterobacterales
leminorella richardii,lri,daptomycin,Enterobacterales
leminorella richardii,lri,erythromycin,Enterobacterales
leminorella richardii,lri,fusidic acid,Enterobacterales
leminorella richardii,lri,linezolid,Enterobacterales
leminorella richardii,lri,oritavancin,Enterobacterales
leminorella richardii,lri,quinupristin/dalfopristin,Enterobacterales
leminorella richardii,lri,teicoplanin,Enterobacterales
leminorella richardii,lri,telavancin,Enterobacterales
leminorella richardii,lri,vancomycin,Enterobacterales
leminorella sp.,lem,azithromycin,Enterobacterales
leminorella sp.,lem,clarithromycin,Enterobacterales
leminorella sp.,lem,clindamycin,Enterobacterales
leminorella sp.,lem,daptomycin,Enterobacterales
leminorella sp.,lem,erythromycin,Enterobacterales
leminorella sp.,lem,fusidic acid,Enterobacterales
leminorella sp.,lem,linezolid,Enterobacterales
leminorella sp.,lem,oritavancin,Enterobacterales
leminorella sp.,lem,quinupristin/dalfopristin,Enterobacterales
leminorella sp.,lem,teicoplanin,Enterobacterales
leminorella sp.,lem,telavancin,Enterobacterales
leminorella sp.,lem,vancomycin,Enterobacterales
listeria monocytogenes,lmo,cefaclor,Other gram-positives (Vet)
listeria monocytogenes,lmo,cefamandole,Other gram-positives (Vet)
listeria monocytogenes,lmo,cefdinir,Other gram-positives (Vet)
listeria monocytogenes,lmo,cefditoren,Other gram-positives (Vet)
listeria monocytogenes,lmo,cefepime,Other gram-positives (Vet)
listeria monocytogenes,lmo,cefetamet,Other gram-positives (Vet)
listeria monocytogenes,lmo,cefixime,Other gram-positives (Vet)
listeria monocytogenes,lmo,cefmetazole,Other gram-positives (Vet)
listeria monocytogenes,lmo,cefonicid,Other gram-positives (Vet)
listeria monocytogenes,lmo,cefoperazone,Other gram-positives (Vet)
listeria monocytogenes,lmo,cefotaxime,Other gram-positives (Vet)
listeria monocytogenes,lmo,cefotaxime/clavulanic acid,Other gram-positives (Vet)
listeria monocytogenes,lmo,cefotetan,Other gram-positives (Vet)
listeria monocytogenes,lmo,cefoxitin,Other gram-positives (Vet)
listeria monocytogenes,lmo,cefpodoxime,Other gram-positives (Vet)
listeria monocytogenes,lmo,cefprozil,Other gram-positives (Vet)
listeria monocytogenes,lmo,ceftaroline,Other gram-positives (Vet)
listeria monocytogenes,lmo,ceftazidime,Other gram-positives (Vet)
listeria monocytogenes,lmo,ceftazidime/clavulanic acid,Other gram-positives (Vet)
listeria monocytogenes,lmo,ceftibuten,Other gram-positives (Vet)
listeria monocytogenes,lmo,ceftizoxime,Other gram-positives (Vet)
listeria monocytogenes,lmo,ceftobiprole,Other gram-positives (Vet)
listeria monocytogenes,lmo,ceftolozane/tazobactam,Other gram-positives (Vet)
listeria monocytogenes,lmo,ceftriaxone,Other gram-positives (Vet)
listeria monocytogenes,lmo,cefuroxime,Other gram-positives (Vet)
listeria monocytogenes,lmo,cefuroxime axetil,Other gram-positives (Vet)
listeria monocytogenes,lmo,faropenem,Other gram-positives (Vet)
listeria monocytogenes,lmo,loracarbef,Other gram-positives (Vet)
listeria monocytogenes,lmo,moxalactam (latamoxef),Other gram-positives (Vet)
lymphogranuloma venereum,cgr,azithromycin,Enterobacterales
lymphogranuloma venereum,cgr,clarithromycin,Enterobacterales
lymphogranuloma venereum,cgr,clindamycin,Enterobacterales
lymphogranuloma venereum,cgr,daptomycin,Enterobacterales
lymphogranuloma venereum,cgr,erythromycin,Enterobacterales
lymphogranuloma venereum,cgr,fusidic acid,Enterobacterales
lymphogranuloma venereum,cgr,linezolid,Enterobacterales
lymphogranuloma venereum,cgr,oritavancin,Enterobacterales
lymphogranuloma venereum,cgr,quinupristin/dalfopristin,Enterobacterales
lymphogranuloma venereum,cgr,teicoplanin,Enterobacterales
lymphogranuloma venereum,cgr,telavancin,Enterobacterales
lymphogranuloma venereum,cgr,vancomycin,Enterobacterales
moellerella sp.,moe,azithromycin,Enterobacterales
moellerella sp.,moe,clarithromycin,Enterobacterales
moellerella sp.,moe,clindamycin,Enterobacterales
moellerella sp.,moe,daptomycin,Enterobacterales
moellerella sp.,moe,erythromycin,Enterobacterales
moellerella sp.,moe,fusidic acid,Enterobacterales
moellerella sp.,moe,linezolid,Enterobacterales
moellerella sp.,moe,oritavancin,Enterobacterales
moellerella sp.,moe,quinupristin/dalfopristin,Enterobacterales
moellerella sp.,moe,teicoplanin,Enterobacterales
moellerella sp.,moe,telavancin,Enterobacterales
moellerella sp.,moe,vancomycin,Enterobacterales
moellerella wisconsensis,mwi,azithromycin,Enterobacterales
moellerella wisconsensis,mwi,clarithromycin,Enterobacterales
moellerella wisconsensis,mwi,clindamycin,Enterobacterales
moellerella wisconsensis,mwi,daptomycin,Enterobacterales
moellerella wisconsensis,mwi,erythromycin,Enterobacterales
moellerella wisconsensis,mwi,fusidic acid,Enterobacterales
moellerella wisconsensis,mwi,linezolid,Enterobacterales
moellerella wisconsensis,mwi,oritavancin,Enterobacterales
moellerella wisconsensis,mwi,quinupristin/dalfopristin,Enterobacterales
moellerella wisconsensis,mwi,teicoplanin,Enterobacterales
moellerella wisconsensis,mwi,telavancin,Enterobacterales
moellerella wisconsensis,mwi,vancomycin,Enterobacterales
moraxella sp. m-5,nwe,trimethoprim,Other gram-negatives (Vet)
moraxella sp. m-6,nni,trimethoprim,Other gram-negatives (Vet)
morganella morganii,mmo,amoxicillin/clavulanic acid,Enterobacterales
morganella morganii,mmo,ampicillin,Enterobacterales
morganella morganii,mmo,azithromycin,Enterobacterales
morganella morganii,mmo,cefazolin,Enterobacterales
morganella morganii,mmo,cefuroxime,Enterobacterales
morganella morganii,mmo,cephalothin,Enterobacterales
morganella morganii,mmo,clarithromycin,Enterobacterales
morganella morganii,mmo,clindamycin,Enterobacterales
morganella morganii,mmo,colistin,Enterobacterales
morganella morganii,mmo,daptomycin,Enterobacterales
morganella morganii,mmo,erythromycin,Enterobacterales
morganella morganii,mmo,fusidic acid,Enterobacterales
morganella morganii,mmo,linezolid,Enterobacterales
morganella morganii,mmo,nitrofurantoin,Enterobacterales
morganella morganii,mmo,oritavancin,Enterobacterales
morganella morganii,mmo,polymyxin b,Enterobacterales
morganella morganii,mmo,quinupristin/dalfopristin,Enterobacterales
morganella morganii,mmo,teicoplanin,Enterobacterales
morganella morganii,mmo,telavancin,Enterobacterales
morganella morganii,mmo,tigecycline,Enterobacterales
morganella morganii,mmo,vancomycin,Enterobacterales
morganella morganii ss. morganii,mmo,amoxicillin/clavulanic acid,Enterobacterales
morganella morganii ss. morganii,mmo,ampicillin,Enterobacterales
morganella morganii ss. morganii,mmo,azithromycin,Enterobacterales
morganella morganii ss. morganii,mmo,cefazolin,Enterobacterales
morganella morganii ss. morganii,mmo,cefuroxime,Enterobacterales
morganella morganii ss. morganii,mmo,cephalothin,Enterobacterales
morganella morganii ss. morganii,mmo,clarithromycin,Enterobacterales
morganella morganii ss. morganii,mmo,clindamycin,Enterobacterales
morganella morganii ss. morganii,mmo,colistin,Enterobacterales
morganella morganii ss. morganii,mmo,daptomycin,Enterobacterales
morganella morganii ss. morganii,mmo,erythromycin,Enterobacterales
morganella morganii ss. morganii,mmo,fusidic acid,Enterobacterales
morganella morganii ss. morganii,mmo,linezolid,Enterobacterales
morganella morganii ss. morganii,mmo,nitrofurantoin,Enterobacterales
morganella morganii ss. morganii,mmo,oritavancin,Enterobacterales
morganella morganii ss. morganii,mmo,polymyxin b,Enterobacterales
morganella morganii ss. morganii,mmo,quinupristin/dalfopristin,Enterobacterales
morganella morganii ss. morganii,mmo,teicoplanin,Enterobacterales
morganella morganii ss. morganii,mmo,telavancin,Enterobacterales
morganella morganii ss. morganii,mmo,tigecycline,Enterobacterales
morganella morganii ss. morganii,mmo,vancomycin,Enterobacterales
morganella morganii ss. sibonii,msb,azithromycin,Enterobacterales
morganella morganii ss. sibonii,msb,clarithromycin,Enterobacterales
morganella morganii ss. sibonii,msb,clindamycin,Enterobacterales
morganella morganii ss. sibonii,msb,daptomycin,Enterobacterales
morganella morganii ss. sibonii,msb,erythromycin,Enterobacterales
morganella morganii ss. sibonii,msb,fusidic acid,Enterobacterales
morganella morganii ss. sibonii,msb,linezolid,Enterobacterales
morganella morganii ss. sibonii,msb,oritavancin,Enterobacterales
morganella morganii ss. sibonii,msb,quinupristin/dalfopristin,Enterobacterales
morganella morganii ss. sibonii,msb,teicoplanin,Enterobacterales
morganella morganii ss. sibonii,msb,telavancin,Enterobacterales
morganella morganii ss. sibonii,msb,vancomycin,Enterobacterales
morganella sp.,mor,azithromycin,Enterobacterales
morganella sp.,mor,clarithromycin,Enterobacterales
morganella sp.,mor,clindamycin,Enterobacterales
morganella sp.,mor,daptomycin,Enterobacterales
morganella sp.,mor,erythromycin,Enterobacterales
morganella sp.,mor,fusidic acid,Enterobacterales
morganella sp.,mor,linezolid,Enterobacterales
morganella sp.,mor,oritavancin,Enterobacterales
morganella sp.,mor,quinupristin/dalfopristin,Enterobacterales
morganella sp.,mor,teicoplanin,Enterobacterales
morganella sp.,mor,telavancin,Enterobacterales
morganella sp.,mor,vancomycin,Enterobacterales
neisseria canis,nca,trimethoprim,Other gram-negatives (Vet)
neisseria cinerea,nci,trimethoprim,Other gram-negatives (Vet)
neisseria elongata,nel,trimethoprim,Other gram-negatives (Vet)
neisseria elongata ss. elongata,nel,trimethoprim,Other gram-negatives (Vet)
neisseria elongata ss. glycolytica,ngl,trimethoprim,Other gram-negatives (Vet)
neisseria elongata ss. nitroreducens,nni,trimethoprim,Other gram-negatives (Vet)
neisseria flavescens,nfl,trimethoprim,Other gram-negatives (Vet)
neisseria gonorrhoeae,ngo,trimethoprim,Other gram-negatives (Vet)
neisseria gonorrhoeae ss. kochii,nko,trimethoprim,Other gram-negatives (Vet)
neisseria kochii,nko,trimethoprim,Other gram-negatives (Vet)
neisseria lactamica,nla,trimethoprim,Other gram-negatives (Vet)
neisseria meningitidis,nme,trimethoprim,Other gram-negatives (Vet)
"neisseria meningitidis, other serogroups",nmo,trimethoprim,Other gram-negatives (Vet)
"neisseria meningitidis, serogroup a",nma,trimethoprim,Other gram-negatives (Vet)
"neisseria meningitidis, serogroup b",nmb,trimethoprim,Other gram-negatives (Vet)
"neisseria meningitidis, serogroup c",nmc,trimethoprim,Other gram-negatives (Vet)
"neisseria meningitidis, serogroup w135",135,trimethoprim,Other gram-negatives (Vet)
"neisseria meningitidis, serogroup y",nmy,trimethoprim,Other gram-negatives (Vet)
neisseria mucosa,nmu,trimethoprim,Other gram-negatives (Vet)
neisseria polysaccharea,npo,trimethoprim,Other gram-negatives (Vet)
neisseria sicca,nsi,trimethoprim,Other gram-negatives (Vet)
neisseria sp.,ne-,trimethoprim,Other gram-negatives (Vet)
neisseria subflava,nsu,trimethoprim,Other gram-negatives (Vet)
neisseria subflava biovar flava,nfv,trimethoprim,Other gram-negatives (Vet)
neisseria subflava biovar perflava,npe,trimethoprim,Other gram-negatives (Vet)
neisseria subflava biovar subflava,nsb,trimethoprim,Other gram-negatives (Vet)
neisseria weaveri,nwe,trimethoprim,Other gram-negatives (Vet)
nocardia abscessus,noa,ciprofloxacin,M24 Nocardia spp.
nocardia abscessus,noa,clarithromycin,M24 Nocardia spp.
nocardia brasiliensis,nbr,ciprofloxacin,M24 Nocardia spp.
nocardia brasiliensis,nbr,clarithromycin,M24 Nocardia spp.
nocardia brasiliensis,nbr,imipenem,M24 Nocardia spp.
nocardia cyriacigeorgica,noy,amoxicillin/clavulanic acid,M24 Nocardia spp.
nocardia cyriacigeorgica,noy,ciprofloxacin,M24 Nocardia spp.
nocardia cyriacigeorgica,noy,clarithromycin,M24 Nocardia spp.
nocardia farcinica,nfa,ceftriaxone,M24 Nocardia spp.
nocardia farcinica,nfa,clarithromycin,M24 Nocardia spp.
nocardia farcinica,nfa,tobramycin,M24 Nocardia spp.
nocardia nova,nno,amoxicillin/clavulanic acid,M24 Nocardia spp.
nocardia nova,nno,ciprofloxacin,M24 Nocardia spp.
nocardia nova,nno,tobramycin,M24 Nocardia spp.
nocardia otitidiscaviarum,not,amoxicillin/clavulanic acid,M24 Nocardia spp.
nocardia otitidiscaviarum,not,ceftriaxone,M24 Nocardia spp.
nocardia otitidiscaviarum,not,imipenem,M24 Nocardia spp.
nocardia pseudobrasiliensis,nop,amoxicillin/clavulanic acid,M24 Nocardia spp.
nocardia pseudobrasiliensis,nop,ceftriaxone,M24 Nocardia spp.
nocardia pseudobrasiliensis,nop,imipenem,M24 Nocardia spp.
nocardia pseudobrasiliensis,nop,minocycline,M24 Nocardia spp.
nocardia transvalensis,ntr,amikacin,M24 Nocardia spp.
nocardia transvalensis,ntr,clarithromycin,M24 Nocardia spp.
nocardia transvalensis,ntr,tobramycin,M24 Nocardia spp.
pantoea agglomerans,eag,azithromycin,Enterobacterales
pantoea agglomerans,eag,clarithromycin,Enterobacterales
pantoea agglomerans,eag,clindamycin,Enterobacterales
pantoea agglomerans,eag,daptomycin,Enterobacterales
pantoea agglomerans,eag,erythromycin,Enterobacterales
pantoea agglomerans,eag,fusidic acid,Enterobacterales
pantoea agglomerans,eag,linezolid,Enterobacterales
pantoea agglomerans,eag,oritavancin,Enterobacterales
pantoea agglomerans,eag,quinupristin/dalfopristin,Enterobacterales
pantoea agglomerans,eag,teicoplanin,Enterobacterales
pantoea agglomerans,eag,telavancin,Enterobacterales
pantoea agglomerans,eag,vancomycin,Enterobacterales
pantoea sp.,pan,azithromycin,Enterobacterales
pantoea sp.,pan,clarithromycin,Enterobacterales
pantoea sp.,pan,clindamycin,Enterobacterales
pantoea sp.,pan,daptomycin,Enterobacterales
pantoea sp.,pan,erythromycin,Enterobacterales
pantoea sp.,pan,fusidic acid,Enterobacterales
pantoea sp.,pan,linezolid,Enterobacterales
pantoea sp.,pan,oritavancin,Enterobacterales
pantoea sp.,pan,quinupristin/dalfopristin,Enterobacterales
pantoea sp.,pan,teicoplanin,Enterobacterales
pantoea sp.,pan,telavancin,Enterobacterales
pantoea sp.,pan,vancomycin,Enterobacterales
pectobacterium carotovorum carotovorum,ect,azithromycin,Enterobacterales
pectobacterium carotovorum carotovorum,ect,clarithromycin,Enterobacterales
pectobacterium carotovorum carotovorum,ect,clindamycin,Enterobacterales
pectobacterium carotovorum carotovorum,ect,daptomycin,Enterobacterales
pectobacterium carotovorum carotovorum,ect,erythromycin,Enterobacterales
pectobacterium carotovorum carotovorum,ect,fusidic acid,Enterobacterales
pectobacterium carotovorum carotovorum,ect,linezolid,Enterobacterales
pectobacterium carotovorum carotovorum,ect,oritavancin,Enterobacterales
pectobacterium carotovorum carotovorum,ect,quinupristin/dalfopristin,Enterobacterales
pectobacterium carotovorum carotovorum,ect,teicoplanin,Enterobacterales
pectobacterium carotovorum carotovorum,ect,telavancin,Enterobacterales
pectobacterium carotovorum carotovorum,ect,vancomycin,Enterobacterales
pediococcus dextrinicus,pdx,vancomycin,Other gram-positives (Vet)
plesiomonas shigelloides,psh,azithromycin,Enterobacterales
plesiomonas shigelloides,psh,clarithromycin,Enterobacterales
plesiomonas shigelloides,psh,clindamycin,Enterobacterales
plesiomonas shigelloides,psh,daptomycin,Enterobacterales
plesiomonas shigelloides,psh,erythromycin,Enterobacterales
plesiomonas shigelloides,psh,fusidic acid,Enterobacterales
plesiomonas shigelloides,psh,linezolid,Enterobacterales
plesiomonas shigelloides,psh,oritavancin,Enterobacterales
plesiomonas shigelloides,psh,quinupristin/dalfopristin,Enterobacterales
plesiomonas shigelloides,psh,teicoplanin,Enterobacterales
plesiomonas shigelloides,psh,telavancin,Enterobacterales
plesiomonas shigelloides,psh,vancomycin,Enterobacterales
plesiomonas sp.,ple,azithromycin,Enterobacterales
plesiomonas sp.,ple,clarithromycin,Enterobacterales
plesiomonas sp.,ple,clindamycin,Enterobacterales
plesiomonas sp.,ple,daptomycin,Enterobacterales
plesiomonas sp.,ple,erythromycin,Enterobacterales
plesiomonas sp.,ple,fusidic acid,Enterobacterales
plesiomonas sp.,ple,linezolid,Enterobacterales
plesiomonas sp.,ple,oritavancin,Enterobacterales
plesiomonas sp.,ple,quinupristin/dalfopristin,Enterobacterales
plesiomonas sp.,ple,teicoplanin,Enterobacterales
plesiomonas sp.,ple,telavancin,Enterobacterales
plesiomonas sp.,ple,vancomycin,Enterobacterales
proteus hauseri,phs,azithromycin,Enterobacterales
proteus hauseri,phs,clarithromycin,Enterobacterales
proteus hauseri,phs,clindamycin,Enterobacterales
proteus hauseri,phs,daptomycin,Enterobacterales
proteus hauseri,phs,erythromycin,Enterobacterales
proteus hauseri,phs,fusidic acid,Enterobacterales
proteus hauseri,phs,linezolid,Enterobacterales
proteus hauseri,phs,oritavancin,Enterobacterales
proteus hauseri,phs,quinupristin/dalfopristin,Enterobacterales
proteus hauseri,phs,teicoplanin,Enterobacterales
proteus hauseri,phs,telavancin,Enterobacterales
proteus hauseri,phs,vancomycin,Enterobacterales
proteus inconstans,pal,azithromycin,Enterobacterales
proteus inconstans,pal,clarithromycin,Enterobacterales
proteus inconstans,pal,clindamycin,Enterobacterales
proteus inconstans,pal,daptomycin,Enterobacterales
proteus inconstans,pal,erythromycin,Enterobacterales
proteus inconstans,pal,fusidic acid,Enterobacterales
proteus inconstans,pal,linezolid,Enterobacterales
proteus inconstans,pal,oritavancin,Enterobacterales
proteus inconstans,pal,quinupristin/dalfopristin,Enterobacterales
proteus inconstans,pal,teicoplanin,Enterobacterales
proteus inconstans,pal,telavancin,Enterobacterales
proteus inconstans,pal,vancomycin,Enterobacterales
proteus mirabilis,pmi,azithromycin,Enterobacterales
proteus mirabilis,pmi,clarithromycin,Enterobacterales
proteus mirabilis,pmi,clindamycin,Enterobacterales
proteus mirabilis,pmi,colistin,Enterobacterales
proteus mirabilis,pmi,daptomycin,Enterobacterales
proteus mirabilis,pmi,doxycycline,Enterobacterales
proteus mirabilis,pmi,erythromycin,Enterobacterales
proteus mirabilis,pmi,fusidic acid,Enterobacterales
proteus mirabilis,pmi,linezolid,Enterobacterales
proteus mirabilis,pmi,minocycline,Enterobacterales
proteus mirabilis,pmi,nitrofurantoin,Enterobacterales
proteus mirabilis,pmi,omadacycline,Enterobacterales
proteus mirabilis,pmi,oritavancin,Enterobacterales
proteus mirabilis,pmi,polymyxin b,Enterobacterales
proteus mirabilis,pmi,quinupristin/dalfopristin,Enterobacterales
proteus mirabilis,pmi,teicoplanin,Enterobacterales
proteus mirabilis,pmi,telavancin,Enterobacterales
proteus mirabilis,pmi,tetracycline,Enterobacterales
proteus mirabilis,pmi,tigecycline,Enterobacterales
proteus mirabilis,pmi,vancomycin,Enterobacterales
proteus morganii,mmo,amoxicillin/clavulanic acid,Enterobacterales
proteus morganii,mmo,ampicillin,Enterobacterales
proteus morganii,mmo,azithromycin,Enterobacterales
proteus morganii,mmo,cefazolin,Enterobacterales
proteus morganii,mmo,cefuroxime,Enterobacterales
proteus morganii,mmo,cephalothin,Enterobacterales
proteus morganii,mmo,clarithromycin,Enterobacterales
proteus morganii,mmo,clindamycin,Enterobacterales
proteus morganii,mmo,colistin,Enterobacterales
proteus morganii,mmo,daptomycin,Enterobacterales
proteus morganii,mmo,erythromycin,Enterobacterales
proteus morganii,mmo,fusidic acid,Enterobacterales
proteus morganii,mmo,linezolid,Enterobacterales
proteus morganii,mmo,nitrofurantoin,Enterobacterales
proteus morganii,mmo,oritavancin,Enterobacterales
proteus morganii,mmo,polymyxin b,Enterobacterales
proteus morganii,mmo,quinupristin/dalfopristin,Enterobacterales
proteus morganii,mmo,teicoplanin,Enterobacterales
proteus morganii,mmo,telavancin,Enterobacterales
proteus morganii,mmo,tigecycline,Enterobacterales
proteus morganii,mmo,vancomycin,Enterobacterales
proteus myxofaciens,pmy,azithromycin,Enterobacterales
proteus myxofaciens,pmy,clarithromycin,Enterobacterales
proteus myxofaciens,pmy,clindamycin,Enterobacterales
proteus myxofaciens,pmy,daptomycin,Enterobacterales
proteus myxofaciens,pmy,erythromycin,Enterobacterales
proteus myxofaciens,pmy,fusidic acid,Enterobacterales
proteus myxofaciens,pmy,linezolid,Enterobacterales
proteus myxofaciens,pmy,oritavancin,Enterobacterales
proteus myxofaciens,pmy,quinupristin/dalfopristin,Enterobacterales
proteus myxofaciens,pmy,teicoplanin,Enterobacterales
proteus myxofaciens,pmy,telavancin,Enterobacterales
proteus myxofaciens,pmy,vancomycin,Enterobacterales
proteus penneri,ppe,ampicillin,Enterobacterales
proteus penneri,ppe,azithromycin,Enterobacterales
proteus penneri,ppe,cefazolin,Enterobacterales
proteus penneri,ppe,cefuroxime,Enterobacterales
proteus penneri,ppe,cephalothin,Enterobacterales
proteus penneri,ppe,clarithromycin,Enterobacterales
proteus penneri,ppe,clindamycin,Enterobacterales
proteus penneri,ppe,colistin,Enterobacterales
proteus penneri,ppe,daptomycin,Enterobacterales
proteus penneri,ppe,doxycycline,Enterobacterales
proteus penneri,ppe,erythromycin,Enterobacterales
proteus penneri,ppe,fusidic acid,Enterobacterales
proteus penneri,ppe,linezolid,Enterobacterales
proteus penneri,ppe,minocycline,Enterobacterales
proteus penneri,ppe,nitrofurantoin,Enterobacterales
proteus penneri,ppe,omadacycline,Enterobacterales
proteus penneri,ppe,oritavancin,Enterobacterales
proteus penneri,ppe,polymyxin b,Enterobacterales
proteus penneri,ppe,quinupristin/dalfopristin,Enterobacterales
proteus penneri,ppe,teicoplanin,Enterobacterales
proteus penneri,ppe,telavancin,Enterobacterales
proteus penneri,ppe,tetracycline,Enterobacterales
proteus penneri,ppe,tigecycline,Enterobacterales
proteus penneri,ppe,vancomycin,Enterobacterales
proteus rettgeri,pre,amoxicillin/clavulanic acid,Enterobacterales
proteus rettgeri,pre,ampicillin,Enterobacterales
proteus rettgeri,pre,azithromycin,Enterobacterales
proteus rettgeri,pre,cefazolin,Enterobacterales
proteus rettgeri,pre,cephalothin,Enterobacterales
proteus rettgeri,pre,clarithromycin,Enterobacterales
proteus rettgeri,pre,clindamycin,Enterobacterales
proteus rettgeri,pre,colistin,Enterobacterales
proteus rettgeri,pre,daptomycin,Enterobacterales
proteus rettgeri,pre,doxycycline,Enterobacterales
proteus rettgeri,pre,erythromycin,Enterobacterales
proteus rettgeri,pre,fusidic acid,Enterobacterales
proteus rettgeri,pre,linezolid,Enterobacterales
proteus rettgeri,pre,minocycline,Enterobacterales
proteus rettgeri,pre,nitrofurantoin,Enterobacterales
proteus rettgeri,pre,omadacycline,Enterobacterales
proteus rettgeri,pre,oritavancin,Enterobacterales
proteus rettgeri,pre,polymyxin b,Enterobacterales
proteus rettgeri,pre,quinupristin/dalfopristin,Enterobacterales
proteus rettgeri,pre,teicoplanin,Enterobacterales
proteus rettgeri,pre,telavancin,Enterobacterales
proteus rettgeri,pre,tetracycline,Enterobacterales
proteus rettgeri,pre,tigecycline,Enterobacterales
proteus rettgeri,pre,vancomycin,Enterobacterales
proteus sp.,pr-,azithromycin,Enterobacterales
proteus sp.,pr-,clarithromycin,Enterobacterales
proteus sp.,pr-,clindamycin,Enterobacterales
proteus sp.,pr-,daptomycin,Enterobacterales
proteus sp.,pr-,erythromycin,Enterobacterales
proteus sp.,pr-,fusidic acid,Enterobacterales
proteus sp.,pr-,linezolid,Enterobacterales
proteus sp.,pr-,oritavancin,Enterobacterales
proteus sp.,pr-,quinupristin/dalfopristin,Enterobacterales
proteus sp.,pr-,teicoplanin,Enterobacterales
proteus sp.,pr-,telavancin,Enterobacterales
proteus sp.,pr-,vancomycin,Enterobacterales
proteus vulgaris,pvu,ampicillin,Enterobacterales
proteus vulgaris,pvu,azithromycin,Enterobacterales
proteus vulgaris,pvu,cefazolin,Enterobacterales
proteus vulgaris,pvu,cefuroxime,Enterobacterales
proteus vulgaris,pvu,cephalothin,Enterobacterales
proteus vulgaris,pvu,clarithromycin,Enterobacterales
proteus vulgaris,pvu,clindamycin,Enterobacterales
proteus vulgaris,pvu,colistin,Enterobacterales
proteus vulgaris,pvu,daptomycin,Enterobacterales
proteus vulgaris,pvu,doxycycline,Enterobacterales
proteus vulgaris,pvu,erythromycin,Enterobacterales
proteus vulgaris,pvu,fusidic acid,Enterobacterales
proteus vulgaris,pvu,linezolid,Enterobacterales
proteus vulgaris,pvu,minocycline,Enterobacterales
proteus vulgaris,pvu,nitrofurantoin,Enterobacterales
proteus vulgaris,pvu,omadacycline,Enterobacterales
proteus vulgaris,pvu,oritavancin,Enterobacterales
proteus vulgaris,pvu,polymyxin b,Enterobacterales
proteus vulgaris,pvu,quinupristin/dalfopristin,Enterobacterales
proteus vulgaris,pvu,teicoplanin,Enterobacterales
proteus vulgaris,pvu,telavancin,Enterobacterales
proteus vulgaris,pvu,tetracycline,Enterobacterales
proteus vulgaris,pvu,tigecycline,Enterobacterales
proteus vulgaris,pvu,vancomycin,Enterobacterales
providencia alcalifaciens,pal,azithromycin,Enterobacterales
providencia alcalifaciens,pal,clarithromycin,Enterobacterales
providencia alcalifaciens,pal,clindamycin,Enterobacterales
providencia alcalifaciens,pal,daptomycin,Enterobacterales
providencia alcalifaciens,pal,erythromycin,Enterobacterales
providencia alcalifaciens,pal,fusidic acid,Enterobacterales
providencia alcalifaciens,pal,linezolid,Enterobacterales
providencia alcalifaciens,pal,oritavancin,Enterobacterales
providencia alcalifaciens,pal,quinupristin/dalfopristin,Enterobacterales
providencia alcalifaciens,pal,teicoplanin,Enterobacterales
providencia alcalifaciens,pal,telavancin,Enterobacterales
providencia alcalifaciens,pal,vancomycin,Enterobacterales
providencia heimbachae,phe,azithromycin,Enterobacterales
providencia heimbachae,phe,clarithromycin,Enterobacterales
providencia heimbachae,phe,clindamycin,Enterobacterales
providencia heimbachae,phe,daptomycin,Enterobacterales
providencia heimbachae,phe,erythromycin,Enterobacterales
providencia heimbachae,phe,fusidic acid,Enterobacterales
providencia heimbachae,phe,linezolid,Enterobacterales
providencia heimbachae,phe,oritavancin,Enterobacterales
providencia heimbachae,phe,quinupristin/dalfopristin,Enterobacterales
providencia heimbachae,phe,teicoplanin,Enterobacterales
providencia heimbachae,phe,telavancin,Enterobacterales
providencia heimbachae,phe,vancomycin,Enterobacterales
providencia rettgeri,pre,amoxicillin/clavulanic acid,Enterobacterales
providencia rettgeri,pre,ampicillin,Enterobacterales
providencia rettgeri,pre,azithromycin,Enterobacterales
providencia rettgeri,pre,cefazolin,Enterobacterales
providencia rettgeri,pre,cephalothin,Enterobacterales
providencia rettgeri,pre,clarithromycin,Enterobacterales
providencia rettgeri,pre,clindamycin,Enterobacterales
providencia rettgeri,pre,colistin,Enterobacterales
providencia rettgeri,pre,daptomycin,Enterobacterales
providencia rettgeri,pre,doxycycline,Enterobacterales
providencia rettgeri,pre,erythromycin,Enterobacterales
providencia rettgeri,pre,fusidic acid,Enterobacterales
providencia rettgeri,pre,linezolid,Enterobacterales
providencia rettgeri,pre,minocycline,Enterobacterales
providencia rettgeri,pre,nitrofurantoin,Enterobacterales
providencia rettgeri,pre,omadacycline,Enterobacterales
providencia rettgeri,pre,oritavancin,Enterobacterales
providencia rettgeri,pre,polymyxin b,Enterobacterales
providencia rettgeri,pre,quinupristin/dalfopristin,Enterobacterales
providencia rettgeri,pre,teicoplanin,Enterobacterales
providencia rettgeri,pre,telavancin,Enterobacterales
providencia rettgeri,pre,tetracycline,Enterobacterales
providencia rettgeri,pre,tigecycline,Enterobacterales
providencia rettgeri,pre,vancomycin,Enterobacterales
providencia rustigianii,prg,azithromycin,Enterobacterales
providencia rustigianii,prg,clarithromycin,Enterobacterales
providencia rustigianii,prg,clindamycin,Enterobacterales
providencia rustigianii,prg,daptomycin,Enterobacterales
providencia rustigianii,prg,erythromycin,Enterobacterales
providencia rustigianii,prg,fusidic acid,Enterobacterales
providencia rustigianii,prg,linezolid,Enterobacterales
providencia rustigianii,prg,oritavancin,Enterobacterales
providencia rustigianii,prg,quinupristin/dalfopristin,Enterobacterales
providencia rustigianii,prg,teicoplanin,Enterobacterales
providencia rustigianii,prg,telavancin,Enterobacterales
providencia rustigianii,prg,vancomycin,Enterobacterales
providencia sp.,prv,azithromycin,Enterobacterales
providencia sp.,prv,clarithromycin,Enterobacterales
providencia sp.,prv,clindamycin,Enterobacterales
providencia sp.,prv,daptomycin,Enterobacterales
providencia sp.,prv,erythromycin,Enterobacterales
providencia sp.,prv,fusidic acid,Enterobacterales
providencia sp.,prv,linezolid,Enterobacterales
providencia sp.,prv,oritavancin,Enterobacterales
providencia sp.,prv,quinupristin/dalfopristin,Enterobacterales
providencia sp.,prv,teicoplanin,Enterobacterales
providencia sp.,prv,telavancin,Enterobacterales
providencia sp.,prv,vancomycin,Enterobacterales
providencia stuartii,pst,amoxicillin/clavulanic acid,Enterobacterales
providencia stuartii,pst,ampicillin,Enterobacterales
providencia stuartii,pst,azithromycin,Enterobacterales
providencia stuartii,pst,cefazolin,Enterobacterales
providencia stuartii,pst,cephalothin,Enterobacterales
providencia stuartii,pst,clarithromycin,Enterobacterales
providencia stuartii,pst,clindamycin,Enterobacterales
providencia stuartii,pst,colistin,Enterobacterales
providencia stuartii,pst,daptomycin,Enterobacterales
providencia stuartii,pst,doxycycline,Enterobacterales
providencia stuartii,pst,erythromycin,Enterobacterales
providencia stuartii,pst,fusidic acid,Enterobacterales
providencia stuartii,pst,linezolid,Enterobacterales
providencia stuartii,pst,minocycline,Enterobacterales
providencia stuartii,pst,nitrofurantoin,Enterobacterales
providencia stuartii,pst,omadacycline,Enterobacterales
providencia stuartii,pst,oritavancin,Enterobacterales
providencia stuartii,pst,polymyxin b,Enterobacterales
providencia stuartii,pst,quinupristin/dalfopristin,Enterobacterales
providencia stuartii,pst,teicoplanin,Enterobacterales
providencia stuartii,pst,telavancin,Enterobacterales
providencia stuartii,pst,tetracycline,Enterobacterales
providencia stuartii,pst,tigecycline,Enterobacterales
providencia stuartii,pst,vancomycin,Enterobacterales
providencia stuartii urea +,psu,amoxicillin/clavulanic acid,Enterobacterales
providencia stuartii urea +,psu,ampicillin,Enterobacterales
providencia stuartii urea +,psu,azithromycin,Enterobacterales
providencia stuartii urea +,psu,cefazolin,Enterobacterales
providencia stuartii urea +,psu,cephalothin,Enterobacterales
providencia stuartii urea +,psu,clarithromycin,Enterobacterales
providencia stuartii urea +,psu,clindamycin,Enterobacterales
providencia stuartii urea +,psu,colistin,Enterobacterales
providencia stuartii urea +,psu,daptomycin,Enterobacterales
providencia stuartii urea +,psu,doxycycline,Enterobacterales
providencia stuartii urea +,psu,erythromycin,Enterobacterales
providencia stuartii urea +,psu,fusidic acid,Enterobacterales
providencia stuartii urea +,psu,linezolid,Enterobacterales
providencia stuartii urea +,psu,minocycline,Enterobacterales
providencia stuartii urea +,psu,nitrofurantoin,Enterobacterales
providencia stuartii urea +,psu,omadacycline,Enterobacterales
providencia stuartii urea +,psu,oritavancin,Enterobacterales
providencia stuartii urea +,psu,polymyxin b,Enterobacterales
providencia stuartii urea +,psu,quinupristin/dalfopristin,Enterobacterales
providencia stuartii urea +,psu,teicoplanin,Enterobacterales
providencia stuartii urea +,psu,telavancin,Enterobacterales
providencia stuartii urea +,psu,tetracycline,Enterobacterales
providencia stuartii urea +,psu,tigecycline,Enterobacterales
providencia stuartii urea +,psu,vancomycin,Enterobacterales
pseudomonas aeruginosa,pae,amoxicillin,Non-Enterobacterales
pseudomonas aeruginosa,pae,amoxicillin/clavulanic acid,Non-Enterobacterales
pseudomonas aeruginosa,pae,ampicillin,Non-Enterobacterales
pseudomonas aeruginosa,pae,ampicillin/sulbactam,Non-Enterobacterales
pseudomonas aeruginosa,pae,azithromycin,Non-Enterobacterales
pseudomonas aeruginosa,pae,cefazolin,Non-Enterobacterales
pseudomonas aeruginosa,pae,cefotaxime,Non-Enterobacterales
pseudomonas aeruginosa,pae,cefotetan,Non-Enterobacterales
pseudomonas aeruginosa,pae,cefoxitin,Non-Enterobacterales
pseudomonas aeruginosa,pae,ceftriaxone,Non-Enterobacterales
pseudomonas aeruginosa,pae,cefuroxime,Non-Enterobacterales
pseudomonas aeruginosa,pae,cephalothin,Non-Enterobacterales
pseudomonas aeruginosa,pae,chloramphenicol,Non-Enterobacterales
pseudomonas aeruginosa,pae,clarithromycin,Non-Enterobacterales
pseudomonas aeruginosa,pae,clindamycin,Non-Enterobacterales
pseudomonas aeruginosa,pae,daptomycin,Non-Enterobacterales
pseudomonas aeruginosa,pae,doxycycline,Non-Enterobacterales
pseudomonas aeruginosa,pae,ertapenem,Non-Enterobacterales
pseudomonas aeruginosa,pae,erythromycin,Non-Enterobacterales
pseudomonas aeruginosa,pae,fusidic acid,Non-Enterobacterales
pseudomonas aeruginosa,pae,linezolid,Non-Enterobacterales
pseudomonas aeruginosa,pae,minocycline,Non-Enterobacterales
pseudomonas aeruginosa,pae,omadacycline,Non-Enterobacterales
pseudomonas aeruginosa,pae,penicillin g,Non-Enterobacterales
pseudomonas aeruginosa,pae,quinupristin/dalfopristin,Non-Enterobacterales
pseudomonas aeruginosa,pae,tetracycline,Non-Enterobacterales
pseudomonas aeruginosa,pae,tigecycline,Non-Enterobacterales
pseudomonas aeruginosa,pae,trimethoprim,Non-Enterobacterales
pseudomonas aeruginosa,pae,trimethoprim/sulfamethoxazole,Non-Enterobacterales
pseudomonas aeruginosa,pae,vancomycin,Non-Enterobacterales
pseudomonas cepacia,pce,amoxicillin,Non-Enterobacterales
pseudomonas cepacia,pce,amoxicillin/clavulanic acid,Non-Enterobacterales
pseudomonas cepacia,pce,ampicillin,Non-Enterobacterales
pseudomonas cepacia,pce,ampicillin/sulbactam,Non-Enterobacterales
pseudomonas cepacia,pce,azithromycin,Non-Enterobacterales
pseudomonas cepacia,pce,cefazolin,Non-Enterobacterales
pseudomonas cepacia,pce,cefotetan,Non-Enterobacterales
pseudomonas cepacia,pce,cefoxitin,Non-Enterobacterales
pseudomonas cepacia,pce,cefuroxime,Non-Enterobacterales
pseudomonas cepacia,pce,cephalothin,Non-Enterobacterales
pseudomonas cepacia,pce,clarithromycin,Non-Enterobacterales
pseudomonas cepacia,pce,clindamycin,Non-Enterobacterales
pseudomonas cepacia,pce,colistin,Non-Enterobacterales
pseudomonas cepacia,pce,daptomycin,Non-Enterobacterales
pseudomonas cepacia,pce,ertapenem,Non-Enterobacterales
pseudomonas cepacia,pce,erythromycin,Non-Enterobacterales
pseudomonas cepacia,pce,fosfomycin,Non-Enterobacterales
pseudomonas cepacia,pce,fusidic acid,Non-Enterobacterales
pseudomonas cepacia,pce,linezolid,Non-Enterobacterales
pseudomonas cepacia,pce,penicillin g,Non-Enterobacterales
pseudomonas cepacia,pce,piperacillin,Non-Enterobacterales
pseudomonas cepacia,pce,polymyxin b,Non-Enterobacterales
pseudomonas cepacia,pce,quinupristin/dalfopristin,Non-Enterobacterales
pseudomonas cepacia,pce,ticarcillin,Non-Enterobacterales
pseudomonas cepacia,pce,vancomycin,Non-Enterobacterales
pseudomonas maltophilia,pma,amikacin,Non-Enterobacterales
pseudomonas maltophilia,pma,amoxicillin,Non-Enterobacterales
pseudomonas maltophilia,pma,amoxicillin/clavulanic acid,Non-Enterobacterales
pseudomonas maltophilia,pma,ampicillin,Non-Enterobacterales
pseudomonas maltophilia,pma,ampicillin/sulbactam,Non-Enterobacterales
pseudomonas maltophilia,pma,azithromycin,Non-Enterobacterales
pseudomonas maltophilia,pma,aztreonam,Non-Enterobacterales
pseudomonas maltophilia,pma,cefazolin,Non-Enterobacterales
pseudomonas maltophilia,pma,cefotaxime,Non-Enterobacterales
pseudomonas maltophilia,pma,cefotetan,Non-Enterobacterales
pseudomonas maltophilia,pma,cefoxitin,Non-Enterobacterales
pseudomonas maltophilia,pma,ceftriaxone,Non-Enterobacterales
pseudomonas maltophilia,pma,cefuroxime,Non-Enterobacterales
pseudomonas maltophilia,pma,cephalothin,Non-Enterobacterales
pseudomonas maltophilia,pma,clarithromycin,Non-Enterobacterales
pseudomonas maltophilia,pma,clindamycin,Non-Enterobacterales
pseudomonas maltophilia,pma,daptomycin,Non-Enterobacterales
pseudomonas maltophilia,pma,ertapenem,Non-Enterobacterales
pseudomonas maltophilia,pma,erythromycin,Non-Enterobacterales
pseudomonas maltophilia,pma,fosfomycin,Non-Enterobacterales
pseudomonas maltophilia,pma,fusidic acid,Non-Enterobacterales
pseudomonas maltophilia,pma,gentamicin,Non-Enterobacterales
pseudomonas maltophilia,pma,gentamicin-high,Non-Enterobacterales
pseudomonas maltophilia,pma,imipenem,Non-Enterobacterales
pseudomonas maltophilia,pma,kanamycin,Non-Enterobacterales
pseudomonas maltophilia,pma,kanamycin-high,Non-Enterobacterales
pseudomonas maltophilia,pma,linezolid,Non-Enterobacterales
pseudomonas maltophilia,pma,meropenem,Non-Enterobacterales
pseudomonas maltophilia,pma,neomycin,Non-Enterobacterales
pseudomonas maltophilia,pma,netilmicin,Non-Enterobacterales
pseudomonas maltophilia,pma,penicillin g,Non-Enterobacterales
pseudomonas maltophilia,pma,piperacillin,Non-Enterobacterales
pseudomonas maltophilia,pma,piperacillin/tazobactam,Non-Enterobacterales
pseudomonas maltophilia,pma,plazomicin,Non-Enterobacterales
pseudomonas maltophilia,pma,quinupristin/dalfopristin,Non-Enterobacterales
pseudomonas maltophilia,pma,streptomycin,Non-Enterobacterales
pseudomonas maltophilia,pma,streptomycin-high,Non-Enterobacterales
pseudomonas maltophilia,pma,tetracycline,Non-Enterobacterales
pseudomonas maltophilia,pma,ticarcillin,Non-Enterobacterales
pseudomonas maltophilia,pma,tobramycin,Non-Enterobacterales
pseudomonas maltophilia,pma,trimethoprim,Non-Enterobacterales
pseudomonas maltophilia,pma,vancomycin,Non-Enterobacterales
rahnella aquatilis,raq,azithromycin,Enterobacterales
rahnella aquatilis,raq,clarithromycin,Enterobacterales
rahnella aquatilis,raq,clindamycin,Enterobacterales
rahnella aquatilis,raq,daptomycin,Enterobacterales
rahnella aquatilis,raq,erythromycin,Enterobacterales
rahnella aquatilis,raq,fusidic acid,Enterobacterales
rahnella aquatilis,raq,linezolid,Enterobacterales
rahnella aquatilis,raq,oritavancin,Enterobacterales
rahnella aquatilis,raq,quinupristin/dalfopristin,Enterobacterales
rahnella aquatilis,raq,teicoplanin,Enterobacterales
rahnella aquatilis,raq,telavancin,Enterobacterales
rahnella aquatilis,raq,vancomycin,Enterobacterales
rahnella sp.,rah,azithromycin,Enterobacterales
rahnella sp.,rah,clarithromycin,Enterobacterales
rahnella sp.,rah,clindamycin,Enterobacterales
rahnella sp.,rah,daptomycin,Enterobacterales
rahnella sp.,rah,erythromycin,Enterobacterales
rahnella sp.,rah,fusidic acid,Enterobacterales
rahnella sp.,rah,linezolid,Enterobacterales
rahnella sp.,rah,oritavancin,Enterobacterales
rahnella sp.,rah,quinupristin/dalfopristin,Enterobacterales
rahnella sp.,rah,teicoplanin,Enterobacterales
rahnella sp.,rah,telavancin,Enterobacterales
rahnella sp.,rah,vancomycin,Enterobacterales
raoultella ornithinolytica,kor,amoxicillin,Enterobacterales
raoultella ornithinolytica,kor,ampicillin,Enterobacterales
raoultella ornithinolytica,kor,azithromycin,Enterobacterales
raoultella ornithinolytica,kor,clarithromycin,Enterobacterales
raoultella ornithinolytica,kor,clindamycin,Enterobacterales
raoultella ornithinolytica,kor,daptomycin,Enterobacterales
raoultella ornithinolytica,kor,erythromycin,Enterobacterales
raoultella ornithinolytica,kor,fusidic acid,Enterobacterales
raoultella ornithinolytica,kor,linezolid,Enterobacterales
raoultella ornithinolytica,kor,oritavancin,Enterobacterales
raoultella ornithinolytica,kor,quinupristin/dalfopristin,Enterobacterales
raoultella ornithinolytica,kor,teicoplanin,Enterobacterales
raoultella ornithinolytica,kor,telavancin,Enterobacterales
raoultella ornithinolytica,kor,ticarcillin,Enterobacterales
raoultella ornithinolytica,kor,vancomycin,Enterobacterales
raoultella planticola,kpl,amoxicillin,Enterobacterales
raoultella planticola,kpl,ampicillin,Enterobacterales
raoultella planticola,kpl,azithromycin,Enterobacterales
raoultella planticola,kpl,clarithromycin,Enterobacterales
raoultella planticola,kpl,clindamycin,Enterobacterales
raoultella planticola,kpl,daptomycin,Enterobacterales
raoultella planticola,kpl,erythromycin,Enterobacterales
raoultella planticola,kpl,fusidic acid,Enterobacterales
raoultella planticola,kpl,linezolid,Enterobacterales
raoultella planticola,kpl,oritavancin,Enterobacterales
raoultella planticola,kpl,quinupristin/dalfopristin,Enterobacterales
raoultella planticola,kpl,teicoplanin,Enterobacterales
raoultella planticola,kpl,telavancin,Enterobacterales
raoultella planticola,kpl,ticarcillin,Enterobacterales
raoultella planticola,kpl,vancomycin,Enterobacterales
raoultella sp.,rao,amoxicillin,Enterobacterales
raoultella sp.,rao,ampicillin,Enterobacterales
raoultella sp.,rao,azithromycin,Enterobacterales
raoultella sp.,rao,clarithromycin,Enterobacterales
raoultella sp.,rao,clindamycin,Enterobacterales
raoultella sp.,rao,daptomycin,Enterobacterales
raoultella sp.,rao,erythromycin,Enterobacterales
raoultella sp.,rao,fusidic acid,Enterobacterales
raoultella sp.,rao,linezolid,Enterobacterales
raoultella sp.,rao,oritavancin,Enterobacterales
raoultella sp.,rao,quinupristin/dalfopristin,Enterobacterales
raoultella sp.,rao,teicoplanin,Enterobacterales
raoultella sp.,rao,telavancin,Enterobacterales
raoultella sp.,rao,ticarcillin,Enterobacterales
raoultella sp.,rao,vancomycin,Enterobacterales
raoultella terrigena,kte,amoxicillin,Enterobacterales
raoultella terrigena,kte,ampicillin,Enterobacterales
raoultella terrigena,kte,azithromycin,Enterobacterales
raoultella terrigena,kte,clarithromycin,Enterobacterales
raoultella terrigena,kte,clindamycin,Enterobacterales
raoultella terrigena,kte,daptomycin,Enterobacterales
raoultella terrigena,kte,erythromycin,Enterobacterales
raoultella terrigena,kte,fusidic acid,Enterobacterales
raoultella terrigena,kte,linezolid,Enterobacterales
raoultella terrigena,kte,oritavancin,Enterobacterales
raoultella terrigena,kte,quinupristin/dalfopristin,Enterobacterales
raoultella terrigena,kte,teicoplanin,Enterobacterales
raoultella terrigena,kte,telavancin,Enterobacterales
raoultella terrigena,kte,ticarcillin,Enterobacterales
raoultella terrigena,kte,vancomycin,Enterobacterales
salmonella abortusovis,aov,clarithromycin,Enterobacterales
salmonella abortusovis,aov,clindamycin,Enterobacterales
salmonella abortusovis,aov,daptomycin,Enterobacterales
salmonella abortusovis,aov,erythromycin,Enterobacterales
salmonella abortusovis,aov,fusidic acid,Enterobacterales
salmonella abortusovis,aov,linezolid,Enterobacterales
salmonella abortusovis,aov,oritavancin,Enterobacterales
salmonella abortusovis,aov,quinupristin/dalfopristin,Enterobacterales
salmonella abortusovis,aov,teicoplanin,Enterobacterales
salmonella abortusovis,aov,telavancin,Enterobacterales
salmonella abortusovis,aov,vancomycin,Enterobacterales
salmonella agona,sag,clarithromycin,Enterobacterales
salmonella agona,sag,clindamycin,Enterobacterales
salmonella agona,sag,daptomycin,Enterobacterales
salmonella agona,sag,erythromycin,Enterobacterales
salmonella agona,sag,fusidic acid,Enterobacterales
salmonella agona,sag,linezolid,Enterobacterales
salmonella agona,sag,oritavancin,Enterobacterales
salmonella agona,sag,quinupristin/dalfopristin,Enterobacterales
salmonella agona,sag,teicoplanin,Enterobacterales
salmonella agona,sag,telavancin,Enterobacterales
salmonella agona,sag,vancomycin,Enterobacterales
salmonella amsterdam,ams,clarithromycin,Enterobacterales
salmonella amsterdam,ams,clindamycin,Enterobacterales
salmonella amsterdam,ams,daptomycin,Enterobacterales
salmonella amsterdam,ams,erythromycin,Enterobacterales
salmonella amsterdam,ams,fusidic acid,Enterobacterales
salmonella amsterdam,ams,linezolid,Enterobacterales
salmonella amsterdam,ams,oritavancin,Enterobacterales
salmonella amsterdam,ams,quinupristin/dalfopristin,Enterobacterales
salmonella amsterdam,ams,teicoplanin,Enterobacterales
salmonella amsterdam,ams,telavancin,Enterobacterales
salmonella amsterdam,ams,vancomycin,Enterobacterales
salmonella anatum,sla,clarithromycin,Enterobacterales
salmonella anatum,sla,clindamycin,Enterobacterales
salmonella anatum,sla,daptomycin,Enterobacterales
salmonella anatum,sla,erythromycin,Enterobacterales
salmonella anatum,sla,fusidic acid,Enterobacterales
salmonella anatum,sla,linezolid,Enterobacterales
salmonella anatum,sla,oritavancin,Enterobacterales
salmonella anatum,sla,quinupristin/dalfopristin,Enterobacterales
salmonella anatum,sla,teicoplanin,Enterobacterales
salmonella anatum,sla,telavancin,Enterobacterales
salmonella anatum,sla,vancomycin,Enterobacterales
salmonella arechavaleta,sav,clarithromycin,Enterobacterales
salmonella arechavaleta,sav,clindamycin,Enterobacterales
salmonella arechavaleta,sav,daptomycin,Enterobacterales
salmonella arechavaleta,sav,erythromycin,Enterobacterales
salmonella arechavaleta,sav,fusidic acid,Enterobacterales
salmonella arechavaleta,sav,linezolid,Enterobacterales
salmonella arechavaleta,sav,oritavancin,Enterobacterales
salmonella arechavaleta,sav,quinupristin/dalfopristin,Enterobacterales
salmonella arechavaleta,sav,teicoplanin,Enterobacterales
salmonella arechavaleta,sav,telavancin,Enterobacterales
salmonella arechavaleta,sav,vancomycin,Enterobacterales
salmonella bareilly,sba,clarithromycin,Enterobacterales
salmonella bareilly,sba,clindamycin,Enterobacterales
salmonella bareilly,sba,daptomycin,Enterobacterales
salmonella bareilly,sba,erythromycin,Enterobacterales
salmonella bareilly,sba,fusidic acid,Enterobacterales
salmonella bareilly,sba,linezolid,Enterobacterales
salmonella bareilly,sba,oritavancin,Enterobacterales
salmonella bareilly,sba,quinupristin/dalfopristin,Enterobacterales
salmonella bareilly,sba,teicoplanin,Enterobacterales
salmonella bareilly,sba,telavancin,Enterobacterales
salmonella bareilly,sba,vancomycin,Enterobacterales
salmonella blockley,sbl,clarithromycin,Enterobacterales
salmonella blockley,sbl,clindamycin,Enterobacterales
salmonella blockley,sbl,daptomycin,Enterobacterales
salmonella blockley,sbl,erythromycin,Enterobacterales
salmonella blockley,sbl,fusidic acid,Enterobacterales
salmonella blockley,sbl,linezolid,Enterobacterales
salmonella blockley,sbl,oritavancin,Enterobacterales
salmonella blockley,sbl,quinupristin/dalfopristin,Enterobacterales
salmonella blockley,sbl,teicoplanin,Enterobacterales
salmonella blockley,sbl,telavancin,Enterobacterales
salmonella blockley,sbl,vancomycin,Enterobacterales
salmonella bongori,sbg,clarithromycin,Enterobacterales
salmonella bongori,sbg,clindamycin,Enterobacterales
salmonella bongori,sbg,daptomycin,Enterobacterales
salmonella bongori,sbg,erythromycin,Enterobacterales
salmonella bongori,sbg,fusidic acid,Enterobacterales
salmonella bongori,sbg,linezolid,Enterobacterales
salmonella bongori,sbg,oritavancin,Enterobacterales
salmonella bongori,sbg,quinupristin/dalfopristin,Enterobacterales
salmonella bongori,sbg,teicoplanin,Enterobacterales
salmonella bongori,sbg,telavancin,Enterobacterales
salmonella bongori,sbg,vancomycin,Enterobacterales
salmonella bonn,bon,clarithromycin,Enterobacterales
salmonella bonn,bon,clindamycin,Enterobacterales
salmonella bonn,bon,daptomycin,Enterobacterales
salmonella bonn,bon,erythromycin,Enterobacterales
salmonella bonn,bon,fusidic acid,Enterobacterales
salmonella bonn,bon,linezolid,Enterobacterales
salmonella bonn,bon,oritavancin,Enterobacterales
salmonella bonn,bon,quinupristin/dalfopristin,Enterobacterales
salmonella bonn,bon,teicoplanin,Enterobacterales
salmonella bonn,bon,telavancin,Enterobacterales
salmonella bonn,bon,vancomycin,Enterobacterales
salmonella bovismorbificans,sbm,clarithromycin,Enterobacterales
salmonella bovismorbificans,sbm,clindamycin,Enterobacterales
salmonella bovismorbificans,sbm,daptomycin,Enterobacterales
salmonella bovismorbificans,sbm,erythromycin,Enterobacterales
salmonella bovismorbificans,sbm,fusidic acid,Enterobacterales
salmonella bovismorbificans,sbm,linezolid,Enterobacterales
salmonella bovismorbificans,sbm,oritavancin,Enterobacterales
salmonella bovismorbificans,sbm,quinupristin/dalfopristin,Enterobacterales
salmonella bovismorbificans,sbm,teicoplanin,Enterobacterales
salmonella bovismorbificans,sbm,telavancin,Enterobacterales
salmonella bovismorbificans,sbm,vancomycin,Enterobacterales
salmonella braenderup,sbr,clarithromycin,Enterobacterales
salmonella braenderup,sbr,clindamycin,Enterobacterales
salmonella braenderup,sbr,daptomycin,Enterobacterales
salmonella braenderup,sbr,erythromycin,Enterobacterales
salmonella braenderup,sbr,fusidic acid,Enterobacterales
salmonella braenderup,sbr,linezolid,Enterobacterales
salmonella braenderup,sbr,oritavancin,Enterobacterales
salmonella braenderup,sbr,quinupristin/dalfopristin,Enterobacterales
salmonella braenderup,sbr,teicoplanin,Enterobacterales
salmonella braenderup,sbr,telavancin,Enterobacterales
salmonella braenderup,sbr,vancomycin,Enterobacterales
salmonella brandenburg,sbn,clarithromycin,Enterobacterales
salmonella brandenburg,sbn,clindamycin,Enterobacterales
salmonella brandenburg,sbn,daptomycin,Enterobacterales
salmonella brandenburg,sbn,erythromycin,Enterobacterales
salmonella brandenburg,sbn,fusidic acid,Enterobacterales
salmonella brandenburg,sbn,linezolid,Enterobacterales
salmonella brandenburg,sbn,oritavancin,Enterobacterales
salmonella brandenburg,sbn,quinupristin/dalfopristin,Enterobacterales
salmonella brandenburg,sbn,teicoplanin,Enterobacterales
salmonella brandenburg,sbn,telavancin,Enterobacterales
salmonella brandenburg,sbn,vancomycin,Enterobacterales
salmonella bredeney,brd,clarithromycin,Enterobacterales
salmonella bredeney,brd,clindamycin,Enterobacterales
salmonella bredeney,brd,daptomycin,Enterobacterales
salmonella bredeney,brd,erythromycin,Enterobacterales
salmonella bredeney,brd,fusidic acid,Enterobacterales
salmonella bredeney,brd,linezolid,Enterobacterales
salmonella bredeney,brd,oritavancin,Enterobacterales
salmonella bredeney,brd,quinupristin/dalfopristin,Enterobacterales
salmonella bredeney,brd,teicoplanin,Enterobacterales
salmonella bredeney,brd,telavancin,Enterobacterales
salmonella bredeney,brd,vancomycin,Enterobacterales
salmonella cerro,cer,clarithromycin,Enterobacterales
salmonella cerro,cer,clindamycin,Enterobacterales
salmonella cerro,cer,daptomycin,Enterobacterales
salmonella cerro,cer,erythromycin,Enterobacterales
salmonella cerro,cer,fusidic acid,Enterobacterales
salmonella cerro,cer,linezolid,Enterobacterales
salmonella cerro,cer,oritavancin,Enterobacterales
salmonella cerro,cer,quinupristin/dalfopristin,Enterobacterales
salmonella cerro,cer,teicoplanin,Enterobacterales
salmonella cerro,cer,telavancin,Enterobacterales
salmonella cerro,cer,vancomycin,Enterobacterales
salmonella chester,hes,clarithromycin,Enterobacterales
salmonella chester,hes,clindamycin,Enterobacterales
salmonella chester,hes,daptomycin,Enterobacterales
salmonella chester,hes,erythromycin,Enterobacterales
salmonella chester,hes,fusidic acid,Enterobacterales
salmonella chester,hes,linezolid,Enterobacterales
salmonella chester,hes,oritavancin,Enterobacterales
salmonella chester,hes,quinupristin/dalfopristin,Enterobacterales
salmonella chester,hes,teicoplanin,Enterobacterales
salmonella chester,hes,telavancin,Enterobacterales
salmonella chester,hes,vancomycin,Enterobacterales
salmonella choleraesuis,sch,clarithromycin,Enterobacterales
salmonella choleraesuis,sch,clindamycin,Enterobacterales
salmonella choleraesuis,sch,daptomycin,Enterobacterales
salmonella choleraesuis,sch,erythromycin,Enterobacterales
salmonella choleraesuis,sch,fusidic acid,Enterobacterales
salmonella choleraesuis,sch,linezolid,Enterobacterales
salmonella choleraesuis,sch,oritavancin,Enterobacterales
salmonella choleraesuis,sch,quinupristin/dalfopristin,Enterobacterales
salmonella choleraesuis,sch,teicoplanin,Enterobacterales
salmonella choleraesuis,sch,telavancin,Enterobacterales
salmonella choleraesuis,sch,vancomycin,Enterobacterales
salmonella copenhagen,cop,clarithromycin,Enterobacterales
salmonella copenhagen,cop,clindamycin,Enterobacterales
salmonella copenhagen,cop,daptomycin,Enterobacterales
salmonella copenhagen,cop,erythromycin,Enterobacterales
salmonella copenhagen,cop,fusidic acid,Enterobacterales
salmonella copenhagen,cop,linezolid,Enterobacterales
salmonella copenhagen,cop,oritavancin,Enterobacterales
salmonella copenhagen,cop,quinupristin/dalfopristin,Enterobacterales
salmonella copenhagen,cop,teicoplanin,Enterobacterales
salmonella copenhagen,cop,telavancin,Enterobacterales
salmonella copenhagen,cop,vancomycin,Enterobacterales
salmonella derby,drb,clarithromycin,Enterobacterales
salmonella derby,drb,clindamycin,Enterobacterales
salmonella derby,drb,daptomycin,Enterobacterales
salmonella derby,drb,erythromycin,Enterobacterales
salmonella derby,drb,fusidic acid,Enterobacterales
salmonella derby,drb,linezolid,Enterobacterales
salmonella derby,drb,oritavancin,Enterobacterales
salmonella derby,drb,quinupristin/dalfopristin,Enterobacterales
salmonella derby,drb,teicoplanin,Enterobacterales
salmonella derby,drb,telavancin,Enterobacterales
salmonella derby,drb,vancomycin,Enterobacterales
salmonella dublin,sdu,clarithromycin,Enterobacterales
salmonella dublin,sdu,clindamycin,Enterobacterales
salmonella dublin,sdu,daptomycin,Enterobacterales
salmonella dublin,sdu,erythromycin,Enterobacterales
salmonella dublin,sdu,fusidic acid,Enterobacterales
salmonella dublin,sdu,linezolid,Enterobacterales
salmonella dublin,sdu,oritavancin,Enterobacterales
salmonella dublin,sdu,quinupristin/dalfopristin,Enterobacterales
salmonella dublin,sdu,teicoplanin,Enterobacterales
salmonella dublin,sdu,telavancin,Enterobacterales
salmonella dublin,sdu,vancomycin,Enterobacterales
salmonella emek,emk,clarithromycin,Enterobacterales
salmonella emek,emk,clindamycin,Enterobacterales
salmonella emek,emk,daptomycin,Enterobacterales
salmonella emek,emk,erythromycin,Enterobacterales
salmonella emek,emk,fusidic acid,Enterobacterales
salmonella emek,emk,linezolid,Enterobacterales
salmonella emek,emk,oritavancin,Enterobacterales
salmonella emek,emk,quinupristin/dalfopristin,Enterobacterales
salmonella emek,emk,teicoplanin,Enterobacterales
salmonella emek,emk,telavancin,Enterobacterales
salmonella emek,emk,vancomycin,Enterobacterales
salmonella enterica ss. arizonae (subgroup iiia),ari,clarithromycin,Enterobacterales
salmonella enterica ss. arizonae (subgroup iiia),ari,clindamycin,Enterobacterales
salmonella enterica ss. arizonae (subgroup iiia),ari,daptomycin,Enterobacterales
salmonella enterica ss. arizonae (subgroup iiia),ari,erythromycin,Enterobacterales
salmonella enterica ss. arizonae (subgroup iiia),ari,fusidic acid,Enterobacterales
salmonella enterica ss. arizonae (subgroup iiia),ari,linezolid,Enterobacterales
salmonella enterica ss. arizonae (subgroup iiia),ari,oritavancin,Enterobacterales
salmonella enterica ss. arizonae (subgroup iiia),ari,quinupristin/dalfopristin,Enterobacterales
salmonella enterica ss. arizonae (subgroup iiia),ari,teicoplanin,Enterobacterales
salmonella enterica ss. arizonae (subgroup iiia),ari,telavancin,Enterobacterales
salmonella enterica ss. arizonae (subgroup iiia),ari,vancomycin,Enterobacterales
salmonella enterica ss. diarizonae (subgroup iiib),sdi,clarithromycin,Enterobacterales
salmonella enterica ss. diarizonae (subgroup iiib),sdi,clindamycin,Enterobacterales
salmonella enterica ss. diarizonae (subgroup iiib),sdi,daptomycin,Enterobacterales
salmonella enterica ss. diarizonae (subgroup iiib),sdi,erythromycin,Enterobacterales
salmonella enterica ss. diarizonae (subgroup iiib),sdi,fusidic acid,Enterobacterales
salmonella enterica ss. diarizonae (subgroup iiib),sdi,linezolid,Enterobacterales
salmonella enterica ss. diarizonae (subgroup iiib),sdi,oritavancin,Enterobacterales
salmonella enterica ss. diarizonae (subgroup iiib),sdi,quinupristin/dalfopristin,Enterobacterales
salmonella enterica ss. diarizonae (subgroup iiib),sdi,teicoplanin,Enterobacterales
salmonella enterica ss. diarizonae (subgroup iiib),sdi,telavancin,Enterobacterales
salmonella enterica ss. diarizonae (subgroup iiib),sdi,vancomycin,Enterobacterales
salmonella enterica ss. enterica (subgroup i),sec,clarithromycin,Enterobacterales
salmonella enterica ss. enterica (subgroup i),sec,clindamycin,Enterobacterales
salmonella enterica ss. enterica (subgroup i),sec,daptomycin,Enterobacterales
salmonella enterica ss. enterica (subgroup i),sec,erythromycin,Enterobacterales
salmonella enterica ss. enterica (subgroup i),sec,fusidic acid,Enterobacterales
salmonella enterica ss. enterica (subgroup i),sec,linezolid,Enterobacterales
salmonella enterica ss. enterica (subgroup i),sec,oritavancin,Enterobacterales
salmonella enterica ss. enterica (subgroup i),sec,quinupristin/dalfopristin,Enterobacterales
salmonella enterica ss. enterica (subgroup i),sec,teicoplanin,Enterobacterales
salmonella enterica ss. enterica (subgroup i),sec,telavancin,Enterobacterales
salmonella enterica ss. enterica (subgroup i),sec,vancomycin,Enterobacterales
salmonella enterica ss. houtenae (subgroup iv),sht,clarithromycin,Enterobacterales
salmonella enterica ss. houtenae (subgroup iv),sht,clindamycin,Enterobacterales
salmonella enterica ss. houtenae (subgroup iv),sht,daptomycin,Enterobacterales
salmonella enterica ss. houtenae (subgroup iv),sht,erythromycin,Enterobacterales
salmonella enterica ss. houtenae (subgroup iv),sht,fusidic acid,Enterobacterales
salmonella enterica ss. houtenae (subgroup iv),sht,linezolid,Enterobacterales
salmonella enterica ss. houtenae (subgroup iv),sht,oritavancin,Enterobacterales
salmonella enterica ss. houtenae (subgroup iv),sht,quinupristin/dalfopristin,Enterobacterales
salmonella enterica ss. houtenae (subgroup iv),sht,teicoplanin,Enterobacterales
salmonella enterica ss. houtenae (subgroup iv),sht,telavancin,Enterobacterales
salmonella enterica ss. houtenae (subgroup iv),sht,vancomycin,Enterobacterales
salmonella enterica ss. indica (subgoup vi),sii,clarithromycin,Enterobacterales
salmonella enterica ss. indica (subgoup vi),sii,clindamycin,Enterobacterales
salmonella enterica ss. indica (subgoup vi),sii,daptomycin,Enterobacterales
salmonella enterica ss. indica (subgoup vi),sii,erythromycin,Enterobacterales
salmonella enterica ss. indica (subgoup vi),sii,fusidic acid,Enterobacterales
salmonella enterica ss. indica (subgoup vi),sii,linezolid,Enterobacterales
salmonella enterica ss. indica (subgoup vi),sii,oritavancin,Enterobacterales
salmonella enterica ss. indica (subgoup vi),sii,quinupristin/dalfopristin,Enterobacterales
salmonella enterica ss. indica (subgoup vi),sii,teicoplanin,Enterobacterales
salmonella enterica ss. indica (subgoup vi),sii,telavancin,Enterobacterales
salmonella enterica ss. indica (subgoup vi),sii,vancomycin,Enterobacterales
salmonella enterica ss. salamae (subgroup ii),ssl,clarithromycin,Enterobacterales
salmonella enterica ss. salamae (subgroup ii),ssl,clindamycin,Enterobacterales
salmonella enterica ss. salamae (subgroup ii),ssl,daptomycin,Enterobacterales
salmonella enterica ss. salamae (subgroup ii),ssl,erythromycin,Enterobacterales
salmonella enterica ss. salamae (subgroup ii),ssl,fusidic acid,Enterobacterales
salmonella enterica ss. salamae (subgroup ii),ssl,linezolid,Enterobacterales
salmonella enterica ss. salamae (subgroup ii),ssl,oritavancin,Enterobacterales
salmonella enterica ss. salamae (subgroup ii),ssl,quinupristin/dalfopristin,Enterobacterales
salmonella enterica ss. salamae (subgroup ii),ssl,teicoplanin,Enterobacterales
salmonella enterica ss. salamae (subgroup ii),ssl,telavancin,Enterobacterales
salmonella enterica ss. salamae (subgroup ii),ssl,vancomycin,Enterobacterales
salmonella enteritidis,sen,clarithromycin,Enterobacterales
salmonella enteritidis,sen,clindamycin,Enterobacterales
salmonella enteritidis,sen,daptomycin,Enterobacterales
salmonella enteritidis,sen,erythromycin,Enterobacterales
salmonella enteritidis,sen,fusidic acid,Enterobacterales
salmonella enteritidis,sen,linezolid,Enterobacterales
salmonella enteritidis,sen,oritavancin,Enterobacterales
salmonella enteritidis,sen,quinupristin/dalfopristin,Enterobacterales
salmonella enteritidis,sen,teicoplanin,Enterobacterales
salmonella enteritidis,sen,telavancin,Enterobacterales
salmonella enteritidis,sen,vancomycin,Enterobacterales
salmonella falkensee,sfa,clarithromycin,Enterobacterales
salmonella falkensee,sfa,clindamycin,Enterobacterales
salmonella falkensee,sfa,daptomycin,Enterobacterales
salmonella falkensee,sfa,erythromycin,Enterobacterales
salmonella falkensee,sfa,fusidic acid,Enterobacterales
salmonella falkensee,sfa,linezolid,Enterobacterales
salmonella falkensee,sfa,oritavancin,Enterobacterales
salmonella falkensee,sfa,quinupristin/dalfopristin,Enterobacterales
salmonella falkensee,sfa,teicoplanin,Enterobacterales
salmonella falkensee,sfa,telavancin,Enterobacterales
salmonella falkensee,sfa,vancomycin,Enterobacterales
salmonella gallinarum,sga,clarithromycin,Enterobacterales
salmonella gallinarum,sga,clindamycin,Enterobacterales
salmonella gallinarum,sga,daptomycin,Enterobacterales
salmonella gallinarum,sga,erythromycin,Enterobacterales
salmonella gallinarum,sga,fusidic acid,Enterobacterales
salmonella gallinarum,sga,linezolid,Enterobacterales
salmonella gallinarum,sga,oritavancin,Enterobacterales
salmonella gallinarum,sga,quinupristin/dalfopristin,Enterobacterales
salmonella gallinarum,sga,teicoplanin,Enterobacterales
salmonella gallinarum,sga,telavancin,Enterobacterales
salmonella gallinarum,sga,vancomycin,Enterobacterales
salmonella gallinarum biovar pullorum,sgp,clarithromycin,Enterobacterales
salmonella gallinarum biovar pullorum,sgp,clindamycin,Enterobacterales
salmonella gallinarum biovar pullorum,sgp,daptomycin,Enterobacterales
salmonella gallinarum biovar pullorum,sgp,erythromycin,Enterobacterales
salmonella gallinarum biovar pullorum,sgp,fusidic acid,Enterobacterales
salmonella gallinarum biovar pullorum,sgp,linezolid,Enterobacterales
salmonella gallinarum biovar pullorum,sgp,oritavancin,Enterobacterales
salmonella gallinarum biovar pullorum,sgp,quinupristin/dalfopristin,Enterobacterales
salmonella gallinarum biovar pullorum,sgp,teicoplanin,Enterobacterales
salmonella gallinarum biovar pullorum,sgp,telavancin,Enterobacterales
salmonella gallinarum biovar pullorum,sgp,vancomycin,Enterobacterales
salmonella give,sgi,clarithromycin,Enterobacterales
salmonella give,sgi,clindamycin,Enterobacterales
salmonella give,sgi,daptomycin,Enterobacterales
salmonella give,sgi,erythromycin,Enterobacterales
salmonella give,sgi,fusidic acid,Enterobacterales
salmonella give,sgi,linezolid,Enterobacterales
salmonella give,sgi,oritavancin,Enterobacterales
salmonella give,sgi,quinupristin/dalfopristin,Enterobacterales
salmonella give,sgi,teicoplanin,Enterobacterales
salmonella give,sgi,telavancin,Enterobacterales
salmonella give,sgi,vancomycin,Enterobacterales
salmonella goldcoast,gol,clarithromycin,Enterobacterales
salmonella goldcoast,gol,clindamycin,Enterobacterales
salmonella goldcoast,gol,daptomycin,Enterobacterales
salmonella goldcoast,gol,erythromycin,Enterobacterales
salmonella goldcoast,gol,fusidic acid,Enterobacterales
salmonella goldcoast,gol,linezolid,Enterobacterales
salmonella goldcoast,gol,oritavancin,Enterobacterales
salmonella goldcoast,gol,quinupristin/dalfopristin,Enterobacterales
salmonella goldcoast,gol,teicoplanin,Enterobacterales
salmonella goldcoast,gol,telavancin,Enterobacterales
salmonella goldcoast,gol,vancomycin,Enterobacterales
salmonella group 51 (o:51),g51,clarithromycin,Enterobacterales
salmonella group 51 (o:51),g51,clindamycin,Enterobacterales
salmonella group 51 (o:51),g51,daptomycin,Enterobacterales
salmonella group 51 (o:51),g51,erythromycin,Enterobacterales
salmonella group 51 (o:51),g51,fusidic acid,Enterobacterales
salmonella group 51 (o:51),g51,linezolid,Enterobacterales
salmonella group 51 (o:51),g51,oritavancin,Enterobacterales
salmonella group 51 (o:51),g51,quinupristin/dalfopristin,Enterobacterales
salmonella group 51 (o:51),g51,teicoplanin,Enterobacterales
salmonella group 51 (o:51),g51,telavancin,Enterobacterales
salmonella group 51 (o:51),g51,vancomycin,Enterobacterales
salmonella group 52 (o:52),g52,clarithromycin,Enterobacterales
salmonella group 52 (o:52),g52,clindamycin,Enterobacterales
salmonella group 52 (o:52),g52,daptomycin,Enterobacterales
salmonella group 52 (o:52),g52,erythromycin,Enterobacterales
salmonella group 52 (o:52),g52,fusidic acid,Enterobacterales
salmonella group 52 (o:52),g52,linezolid,Enterobacterales
salmonella group 52 (o:52),g52,oritavancin,Enterobacterales
salmonella group 52 (o:52),g52,quinupristin/dalfopristin,Enterobacterales
salmonella group 52 (o:52),g52,teicoplanin,Enterobacterales
salmonella group 52 (o:52),g52,telavancin,Enterobacterales
salmonella group 52 (o:52),g52,vancomycin,Enterobacterales
salmonella group 53 (o:53),g53,clarithromycin,Enterobacterales
salmonella group 53 (o:53),g53,clindamycin,Enterobacterales
salmonella group 53 (o:53),g53,daptomycin,Enterobacterales
salmonella group 53 (o:53),g53,erythromycin,Enterobacterales
salmonella group 53 (o:53),g53,fusidic acid,Enterobacterales
salmonella group 53 (o:53),g53,linezolid,Enterobacterales
salmonella group 53 (o:53),g53,oritavancin,Enterobacterales
salmonella group 53 (o:53),g53,quinupristin/dalfopristin,Enterobacterales
salmonella group 53 (o:53),g53,teicoplanin,Enterobacterales
salmonella group 53 (o:53),g53,telavancin,Enterobacterales
salmonella group 53 (o:53),g53,vancomycin,Enterobacterales
salmonella group 54 (o:54),g54,clarithromycin,Enterobacterales
salmonella group 54 (o:54),g54,clindamycin,Enterobacterales
salmonella group 54 (o:54),g54,daptomycin,Enterobacterales
salmonella group 54 (o:54),g54,erythromycin,Enterobacterales
salmonella group 54 (o:54),g54,fusidic acid,Enterobacterales
salmonella group 54 (o:54),g54,linezolid,Enterobacterales
salmonella group 54 (o:54),g54,oritavancin,Enterobacterales
salmonella group 54 (o:54),g54,quinupristin/dalfopristin,Enterobacterales
salmonella group 54 (o:54),g54,teicoplanin,Enterobacterales
salmonella group 54 (o:54),g54,telavancin,Enterobacterales
salmonella group 54 (o:54),g54,vancomycin,Enterobacterales
salmonella group 55 (o:55),g55,clarithromycin,Enterobacterales
salmonella group 55 (o:55),g55,clindamycin,Enterobacterales
salmonella group 55 (o:55),g55,daptomycin,Enterobacterales
salmonella group 55 (o:55),g55,erythromycin,Enterobacterales
salmonella group 55 (o:55),g55,fusidic acid,Enterobacterales
salmonella group 55 (o:55),g55,linezolid,Enterobacterales
salmonella group 55 (o:55),g55,oritavancin,Enterobacterales
salmonella group 55 (o:55),g55,quinupristin/dalfopristin,Enterobacterales
salmonella group 55 (o:55),g55,teicoplanin,Enterobacterales
salmonella group 55 (o:55),g55,telavancin,Enterobacterales
salmonella group 55 (o:55),g55,vancomycin,Enterobacterales
salmonella group 56 (o:56),g56,clarithromycin,Enterobacterales
salmonella group 56 (o:56),g56,clindamycin,Enterobacterales
salmonella group 56 (o:56),g56,daptomycin,Enterobacterales
salmonella group 56 (o:56),g56,erythromycin,Enterobacterales
salmonella group 56 (o:56),g56,fusidic acid,Enterobacterales
salmonella group 56 (o:56),g56,linezolid,Enterobacterales
salmonella group 56 (o:56),g56,oritavancin,Enterobacterales
salmonella group 56 (o:56),g56,quinupristin/dalfopristin,Enterobacterales
salmonella group 56 (o:56),g56,teicoplanin,Enterobacterales
salmonella group 56 (o:56),g56,telavancin,Enterobacterales
salmonella group 56 (o:56),g56,vancomycin,Enterobacterales
salmonella group 57 (o:57),g57,clarithromycin,Enterobacterales
salmonella group 57 (o:57),g57,clindamycin,Enterobacterales
salmonella group 57 (o:57),g57,daptomycin,Enterobacterales
salmonella group 57 (o:57),g57,erythromycin,Enterobacterales
salmonella group 57 (o:57),g57,fusidic acid,Enterobacterales
salmonella group 57 (o:57),g57,linezolid,Enterobacterales
salmonella group 57 (o:57),g57,oritavancin,Enterobacterales
salmonella group 57 (o:57),g57,quinupristin/dalfopristin,Enterobacterales
salmonella group 57 (o:57),g57,teicoplanin,Enterobacterales
salmonella group 57 (o:57),g57,telavancin,Enterobacterales
salmonella group 57 (o:57),g57,vancomycin,Enterobacterales
salmonella group 58 (o:58),g58,clarithromycin,Enterobacterales
salmonella group 58 (o:58),g58,clindamycin,Enterobacterales
salmonella group 58 (o:58),g58,daptomycin,Enterobacterales
salmonella group 58 (o:58),g58,erythromycin,Enterobacterales
salmonella group 58 (o:58),g58,fusidic acid,Enterobacterales
salmonella group 58 (o:58),g58,linezolid,Enterobacterales
salmonella group 58 (o:58),g58,oritavancin,Enterobacterales
salmonella group 58 (o:58),g58,quinupristin/dalfopristin,Enterobacterales
salmonella group 58 (o:58),g58,teicoplanin,Enterobacterales
salmonella group 58 (o:58),g58,telavancin,Enterobacterales
salmonella group 58 (o:58),g58,vancomycin,Enterobacterales
salmonella group 59 (o:59),g59,clarithromycin,Enterobacterales
salmonella group 59 (o:59),g59,clindamycin,Enterobacterales
salmonella group 59 (o:59),g59,daptomycin,Enterobacterales
salmonella group 59 (o:59),g59,erythromycin,Enterobacterales
salmonella group 59 (o:59),g59,fusidic acid,Enterobacterales
salmonella group 59 (o:59),g59,linezolid,Enterobacterales
salmonella group 59 (o:59),g59,oritavancin,Enterobacterales
salmonella group 59 (o:59),g59,quinupristin/dalfopristin,Enterobacterales
salmonella group 59 (o:59),g59,teicoplanin,Enterobacterales
salmonella group 59 (o:59),g59,telavancin,Enterobacterales
salmonella group 59 (o:59),g59,vancomycin,Enterobacterales
salmonella group 60 (o:60),g60,clarithromycin,Enterobacterales
salmonella group 60 (o:60),g60,clindamycin,Enterobacterales
salmonella group 60 (o:60),g60,daptomycin,Enterobacterales
salmonella group 60 (o:60),g60,erythromycin,Enterobacterales
salmonella group 60 (o:60),g60,fusidic acid,Enterobacterales
salmonella group 60 (o:60),g60,linezolid,Enterobacterales
salmonella group 60 (o:60),g60,oritavancin,Enterobacterales
salmonella group 60 (o:60),g60,quinupristin/dalfopristin,Enterobacterales
salmonella group 60 (o:60),g60,teicoplanin,Enterobacterales
salmonella group 60 (o:60),g60,telavancin,Enterobacterales
salmonella group 60 (o:60),g60,vancomycin,Enterobacterales
salmonella group 61 (o:61),g61,clarithromycin,Enterobacterales
salmonella group 61 (o:61),g61,clindamycin,Enterobacterales
salmonella group 61 (o:61),g61,daptomycin,Enterobacterales
salmonella group 61 (o:61),g61,erythromycin,Enterobacterales
salmonella group 61 (o:61),g61,fusidic acid,Enterobacterales
salmonella group 61 (o:61),g61,linezolid,Enterobacterales
salmonella group 61 (o:61),g61,oritavancin,Enterobacterales
salmonella group 61 (o:61),g61,quinupristin/dalfopristin,Enterobacterales
salmonella group 61 (o:61),g61,teicoplanin,Enterobacterales
salmonella group 61 (o:61),g61,telavancin,Enterobacterales
salmonella group 61 (o:61),g61,vancomycin,Enterobacterales
salmonella group 62 (o:62),g62,clarithromycin,Enterobacterales
salmonella group 62 (o:62),g62,clindamycin,Enterobacterales
salmonella group 62 (o:62),g62,daptomycin,Enterobacterales
salmonella group 62 (o:62),g62,erythromycin,Enterobacterales
salmonella group 62 (o:62),g62,fusidic acid,Enterobacterales
salmonella group 62 (o:62),g62,linezolid,Enterobacterales
salmonella group 62 (o:62),g62,oritavancin,Enterobacterales
salmonella group 62 (o:62),g62,quinupristin/dalfopristin,Enterobacterales
salmonella group 62 (o:62),g62,teicoplanin,Enterobacterales
salmonella group 62 (o:62),g62,telavancin,Enterobacterales
salmonella group 62 (o:62),g62,vancomycin,Enterobacterales
salmonella group 63 (o:63),g63,clarithromycin,Enterobacterales
salmonella group 63 (o:63),g63,clindamycin,Enterobacterales
salmonella group 63 (o:63),g63,daptomycin,Enterobacterales
salmonella group 63 (o:63),g63,erythromycin,Enterobacterales
salmonella group 63 (o:63),g63,fusidic acid,Enterobacterales
salmonella group 63 (o:63),g63,linezolid,Enterobacterales
salmonella group 63 (o:63),g63,oritavancin,Enterobacterales
salmonella group 63 (o:63),g63,quinupristin/dalfopristin,Enterobacterales
salmonella group 63 (o:63),g63,teicoplanin,Enterobacterales
salmonella group 63 (o:63),g63,telavancin,Enterobacterales
salmonella group 63 (o:63),g63,vancomycin,Enterobacterales
salmonella group 64 (o:64),g64,clarithromycin,Enterobacterales
salmonella group 64 (o:64),g64,clindamycin,Enterobacterales
salmonella group 64 (o:64),g64,daptomycin,Enterobacterales
salmonella group 64 (o:64),g64,erythromycin,Enterobacterales
salmonella group 64 (o:64),g64,fusidic acid,Enterobacterales
salmonella group 64 (o:64),g64,linezolid,Enterobacterales
salmonella group 64 (o:64),g64,oritavancin,Enterobacterales
salmonella group 64 (o:64),g64,quinupristin/dalfopristin,Enterobacterales
salmonella group 64 (o:64),g64,teicoplanin,Enterobacterales
salmonella group 64 (o:64),g64,telavancin,Enterobacterales
salmonella group 64 (o:64),g64,vancomycin,Enterobacterales
salmonella group 65 (o:65),g65,clarithromycin,Enterobacterales
salmonella group 65 (o:65),g65,clindamycin,Enterobacterales
salmonella group 65 (o:65),g65,daptomycin,Enterobacterales
salmonella group 65 (o:65),g65,erythromycin,Enterobacterales
salmonella group 65 (o:65),g65,fusidic acid,Enterobacterales
salmonella group 65 (o:65),g65,linezolid,Enterobacterales
salmonella group 65 (o:65),g65,oritavancin,Enterobacterales
salmonella group 65 (o:65),g65,quinupristin/dalfopristin,Enterobacterales
salmonella group 65 (o:65),g65,teicoplanin,Enterobacterales
salmonella group 65 (o:65),g65,telavancin,Enterobacterales
salmonella group 65 (o:65),g65,vancomycin,Enterobacterales
salmonella group 66 (o:66),g66,clarithromycin,Enterobacterales
salmonella group 66 (o:66),g66,clindamycin,Enterobacterales
salmonella group 66 (o:66),g66,daptomycin,Enterobacterales
salmonella group 66 (o:66),g66,erythromycin,Enterobacterales
salmonella group 66 (o:66),g66,fusidic acid,Enterobacterales
salmonella group 66 (o:66),g66,linezolid,Enterobacterales
salmonella group 66 (o:66),g66,oritavancin,Enterobacterales
salmonella group 66 (o:66),g66,quinupristin/dalfopristin,Enterobacterales
salmonella group 66 (o:66),g66,teicoplanin,Enterobacterales
salmonella group 66 (o:66),g66,telavancin,Enterobacterales
salmonella group 66 (o:66),g66,vancomycin,Enterobacterales
salmonella group 67 (o:67),g67,clarithromycin,Enterobacterales
salmonella group 67 (o:67),g67,clindamycin,Enterobacterales
salmonella group 67 (o:67),g67,daptomycin,Enterobacterales
salmonella group 67 (o:67),g67,erythromycin,Enterobacterales
salmonella group 67 (o:67),g67,fusidic acid,Enterobacterales
salmonella group 67 (o:67),g67,linezolid,Enterobacterales
salmonella group 67 (o:67),g67,oritavancin,Enterobacterales
salmonella group 67 (o:67),g67,quinupristin/dalfopristin,Enterobacterales
salmonella group 67 (o:67),g67,teicoplanin,Enterobacterales
salmonella group 67 (o:67),g67,telavancin,Enterobacterales
salmonella group 67 (o:67),g67,vancomycin,Enterobacterales
salmonella group a (o:2),gra,clarithromycin,Enterobacterales
salmonella group a (o:2),gra,clindamycin,Enterobacterales
salmonella group a (o:2),gra,daptomycin,Enterobacterales
salmonella group a (o:2),gra,erythromycin,Enterobacterales
salmonella group a (o:2),gra,fusidic acid,Enterobacterales
salmonella group a (o:2),gra,linezolid,Enterobacterales
salmonella group a (o:2),gra,oritavancin,Enterobacterales
salmonella group a (o:2),gra,quinupristin/dalfopristin,Enterobacterales
salmonella group a (o:2),gra,teicoplanin,Enterobacterales
salmonella group a (o:2),gra,telavancin,Enterobacterales
salmonella group a (o:2),gra,vancomycin,Enterobacterales
salmonella group b (o:4),grb,clarithromycin,Enterobacterales
salmonella group b (o:4),grb,clindamycin,Enterobacterales
salmonella group b (o:4),grb,daptomycin,Enterobacterales
salmonella group b (o:4),grb,erythromycin,Enterobacterales
salmonella group b (o:4),grb,fusidic acid,Enterobacterales
salmonella group b (o:4),grb,linezolid,Enterobacterales
salmonella group b (o:4),grb,oritavancin,Enterobacterales
salmonella group b (o:4),grb,quinupristin/dalfopristin,Enterobacterales
salmonella group b (o:4),grb,teicoplanin,Enterobacterales
salmonella group b (o:4),grb,telavancin,Enterobacterales
salmonella group b (o:4),grb,vancomycin,Enterobacterales
"salmonella group c (c1-c4, c2-c3)",grc,clarithromycin,Enterobacterales
"salmonella group c (c1-c4, c2-c3)",grc,clindamycin,Enterobacterales
"salmonella group c (c1-c4, c2-c3)",grc,daptomycin,Enterobacterales
"salmonella group c (c1-c4, c2-c3)",grc,erythromycin,Enterobacterales
"salmonella group c (c1-c4, c2-c3)",grc,fusidic acid,Enterobacterales
"salmonella group c (c1-c4, c2-c3)",grc,linezolid,Enterobacterales
"salmonella group c (c1-c4, c2-c3)",grc,oritavancin,Enterobacterales
"salmonella group c (c1-c4, c2-c3)",grc,quinupristin/dalfopristin,Enterobacterales
"salmonella group c (c1-c4, c2-c3)",grc,teicoplanin,Enterobacterales
"salmonella group c (c1-c4, c2-c3)",grc,telavancin,Enterobacterales
"salmonella group c (c1-c4, c2-c3)",grc,vancomycin,Enterobacterales
salmonella group c1 (o:7),gc1,clarithromycin,Enterobacterales
salmonella group c1 (o:7),gc1,clindamycin,Enterobacterales
salmonella group c1 (o:7),gc1,daptomycin,Enterobacterales
salmonella group c1 (o:7),gc1,erythromycin,Enterobacterales
salmonella group c1 (o:7),gc1,fusidic acid,Enterobacterales
salmonella group c1 (o:7),gc1,linezolid,Enterobacterales
salmonella group c1 (o:7),gc1,oritavancin,Enterobacterales
salmonella group c1 (o:7),gc1,quinupristin/dalfopristin,Enterobacterales
salmonella group c1 (o:7),gc1,teicoplanin,Enterobacterales
salmonella group c1 (o:7),gc1,telavancin,Enterobacterales
salmonella group c1 (o:7),gc1,vancomycin,Enterobacterales
"salmonella group c2 (o:6,8)",gc2,clarithromycin,Enterobacterales
"salmonella group c2 (o:6,8)",gc2,clindamycin,Enterobacterales
"salmonella group c2 (o:6,8)",gc2,daptomycin,Enterobacterales
"salmonella group c2 (o:6,8)",gc2,erythromycin,Enterobacterales
"salmonella group c2 (o:6,8)",gc2,fusidic acid,Enterobacterales
"salmonella group c2 (o:6,8)",gc2,linezolid,Enterobacterales
"salmonella group c2 (o:6,8)",gc2,oritavancin,Enterobacterales
"salmonella group c2 (o:6,8)",gc2,quinupristin/dalfopristin,Enterobacterales
"salmonella group c2 (o:6,8)",gc2,teicoplanin,Enterobacterales
"salmonella group c2 (o:6,8)",gc2,telavancin,Enterobacterales
"salmonella group c2 (o:6,8)",gc2,vancomycin,Enterobacterales
salmonella group c3 (o:8),gc3,clarithromycin,Enterobacterales
salmonella group c3 (o:8),gc3,clindamycin,Enterobacterales
salmonella group c3 (o:8),gc3,daptomycin,Enterobacterales
salmonella group c3 (o:8),gc3,erythromycin,Enterobacterales
salmonella group c3 (o:8),gc3,fusidic acid,Enterobacterales
salmonella group c3 (o:8),gc3,linezolid,Enterobacterales
salmonella group c3 (o:8),gc3,oritavancin,Enterobacterales
salmonella group c3 (o:8),gc3,quinupristin/dalfopristin,Enterobacterales
salmonella group c3 (o:8),gc3,teicoplanin,Enterobacterales
salmonella group c3 (o:8),gc3,telavancin,Enterobacterales
salmonella group c3 (o:8),gc3,vancomycin,Enterobacterales
"salmonella group c4 (o:7,14)",gc4,clarithromycin,Enterobacterales
"salmonella group c4 (o:7,14)",gc4,clindamycin,Enterobacterales
"salmonella group c4 (o:7,14)",gc4,daptomycin,Enterobacterales
"salmonella group c4 (o:7,14)",gc4,erythromycin,Enterobacterales
"salmonella group c4 (o:7,14)",gc4,fusidic acid,Enterobacterales
"salmonella group c4 (o:7,14)",gc4,linezolid,Enterobacterales
"salmonella group c4 (o:7,14)",gc4,oritavancin,Enterobacterales
"salmonella group c4 (o:7,14)",gc4,quinupristin/dalfopristin,Enterobacterales
"salmonella group c4 (o:7,14)",gc4,teicoplanin,Enterobacterales
"salmonella group c4 (o:7,14)",gc4,telavancin,Enterobacterales
"salmonella group c4 (o:7,14)",gc4,vancomycin,Enterobacterales
"salmonella group d (d1, d2, d3)",grd,clarithromycin,Enterobacterales
"salmonella group d (d1, d2, d3)",grd,clindamycin,Enterobacterales
"salmonella group d (d1, d2, d3)",grd,daptomycin,Enterobacterales
"salmonella group d (d1, d2, d3)",grd,erythromycin,Enterobacterales
"salmonella group d (d1, d2, d3)",grd,fusidic acid,Enterobacterales
"salmonella group d (d1, d2, d3)",grd,linezolid,Enterobacterales
"salmonella group d (d1, d2, d3)",grd,oritavancin,Enterobacterales
"salmonella group d (d1, d2, d3)",grd,quinupristin/dalfopristin,Enterobacterales
"salmonella group d (d1, d2, d3)",grd,teicoplanin,Enterobacterales
"salmonella group d (d1, d2, d3)",grd,telavancin,Enterobacterales
"salmonella group d (d1, d2, d3)",grd,vancomycin,Enterobacterales
salmonella group d1 (o:9),gd1,clarithromycin,Enterobacterales
salmonella group d1 (o:9),gd1,clindamycin,Enterobacterales
salmonella group d1 (o:9),gd1,daptomycin,Enterobacterales
salmonella group d1 (o:9),gd1,erythromycin,Enterobacterales
salmonella group d1 (o:9),gd1,fusidic acid,Enterobacterales
salmonella group d1 (o:9),gd1,linezolid,Enterobacterales
salmonella group d1 (o:9),gd1,oritavancin,Enterobacterales
salmonella group d1 (o:9),gd1,quinupristin/dalfopristin,Enterobacterales
salmonella group d1 (o:9),gd1,teicoplanin,Enterobacterales
salmonella group d1 (o:9),gd1,telavancin,Enterobacterales
salmonella group d1 (o:9),gd1,vancomycin,Enterobacterales
"salmonella group d2 (o:9,46)",gd2,clarithromycin,Enterobacterales
"salmonella group d2 (o:9,46)",gd2,clindamycin,Enterobacterales
"salmonella group d2 (o:9,46)",gd2,daptomycin,Enterobacterales
"salmonella group d2 (o:9,46)",gd2,erythromycin,Enterobacterales
"salmonella group d2 (o:9,46)",gd2,fusidic acid,Enterobacterales
"salmonella group d2 (o:9,46)",gd2,linezolid,Enterobacterales
"salmonella group d2 (o:9,46)",gd2,oritavancin,Enterobacterales
"salmonella group d2 (o:9,46)",gd2,quinupristin/dalfopristin,Enterobacterales
"salmonella group d2 (o:9,46)",gd2,teicoplanin,Enterobacterales
"salmonella group d2 (o:9,46)",gd2,telavancin,Enterobacterales
"salmonella group d2 (o:9,46)",gd2,vancomycin,Enterobacterales
"salmonella group d3 (o:9,46,27)",gd3,clarithromycin,Enterobacterales
"salmonella group d3 (o:9,46,27)",gd3,clindamycin,Enterobacterales
"salmonella group d3 (o:9,46,27)",gd3,daptomycin,Enterobacterales
"salmonella group d3 (o:9,46,27)",gd3,erythromycin,Enterobacterales
"salmonella group d3 (o:9,46,27)",gd3,fusidic acid,Enterobacterales
"salmonella group d3 (o:9,46,27)",gd3,linezolid,Enterobacterales
"salmonella group d3 (o:9,46,27)",gd3,oritavancin,Enterobacterales
"salmonella group d3 (o:9,46,27)",gd3,quinupristin/dalfopristin,Enterobacterales
"salmonella group d3 (o:9,46,27)",gd3,teicoplanin,Enterobacterales
"salmonella group d3 (o:9,46,27)",gd3,telavancin,Enterobacterales
"salmonella group d3 (o:9,46,27)",gd3,vancomycin,Enterobacterales
salmonella group e (e1-e2-e3),gre,clarithromycin,Enterobacterales
salmonella group e (e1-e2-e3),gre,clindamycin,Enterobacterales
salmonella group e (e1-e2-e3),gre,daptomycin,Enterobacterales
salmonella group e (e1-e2-e3),gre,erythromycin,Enterobacterales
salmonella group e (e1-e2-e3),gre,fusidic acid,Enterobacterales
salmonella group e (e1-e2-e3),gre,linezolid,Enterobacterales
salmonella group e (e1-e2-e3),gre,oritavancin,Enterobacterales
salmonella group e (e1-e2-e3),gre,quinupristin/dalfopristin,Enterobacterales
salmonella group e (e1-e2-e3),gre,teicoplanin,Enterobacterales
salmonella group e (e1-e2-e3),gre,telavancin,Enterobacterales
salmonella group e (e1-e2-e3),gre,vancomycin,Enterobacterales
"salmonella group e1 (o:3,10)",ge1,clarithromycin,Enterobacterales
"salmonella group e1 (o:3,10)",ge1,clindamycin,Enterobacterales
"salmonella group e1 (o:3,10)",ge1,daptomycin,Enterobacterales
"salmonella group e1 (o:3,10)",ge1,erythromycin,Enterobacterales
"salmonella group e1 (o:3,10)",ge1,fusidic acid,Enterobacterales
"salmonella group e1 (o:3,10)",ge1,linezolid,Enterobacterales
"salmonella group e1 (o:3,10)",ge1,oritavancin,Enterobacterales
"salmonella group e1 (o:3,10)",ge1,quinupristin/dalfopristin,Enterobacterales
"salmonella group e1 (o:3,10)",ge1,teicoplanin,Enterobacterales
"salmonella group e1 (o:3,10)",ge1,telavancin,Enterobacterales
"salmonella group e1 (o:3,10)",ge1,vancomycin,Enterobacterales
"salmonella group e2 (o:3,15)",ge2,clarithromycin,Enterobacterales
"salmonella group e2 (o:3,15)",ge2,clindamycin,Enterobacterales
"salmonella group e2 (o:3,15)",ge2,daptomycin,Enterobacterales
"salmonella group e2 (o:3,15)",ge2,erythromycin,Enterobacterales
"salmonella group e2 (o:3,15)",ge2,fusidic acid,Enterobacterales
"salmonella group e2 (o:3,15)",ge2,linezolid,Enterobacterales
"salmonella group e2 (o:3,15)",ge2,oritavancin,Enterobacterales
"salmonella group e2 (o:3,15)",ge2,quinupristin/dalfopristin,Enterobacterales
"salmonella group e2 (o:3,15)",ge2,teicoplanin,Enterobacterales
"salmonella group e2 (o:3,15)",ge2,telavancin,Enterobacterales
"salmonella group e2 (o:3,15)",ge2,vancomycin,Enterobacterales
"salmonella group e3 (o:3,15,14)",ge3,clarithromycin,Enterobacterales
"salmonella group e3 (o:3,15,14)",ge3,clindamycin,Enterobacterales
"salmonella group e3 (o:3,15,14)",ge3,daptomycin,Enterobacterales
"salmonella group e3 (o:3,15,14)",ge3,erythromycin,Enterobacterales
"salmonella group e3 (o:3,15,14)",ge3,fusidic acid,Enterobacterales
"salmonella group e3 (o:3,15,14)",ge3,linezolid,Enterobacterales
"salmonella group e3 (o:3,15,14)",ge3,oritavancin,Enterobacterales
"salmonella group e3 (o:3,15,14)",ge3,quinupristin/dalfopristin,Enterobacterales
"salmonella group e3 (o:3,15,14)",ge3,teicoplanin,Enterobacterales
"salmonella group e3 (o:3,15,14)",ge3,telavancin,Enterobacterales
"salmonella group e3 (o:3,15,14)",ge3,vancomycin,Enterobacterales
"salmonella group e4 (o:1,3,19)",ge4,clarithromycin,Enterobacterales
"salmonella group e4 (o:1,3,19)",ge4,clindamycin,Enterobacterales
"salmonella group e4 (o:1,3,19)",ge4,daptomycin,Enterobacterales
"salmonella group e4 (o:1,3,19)",ge4,erythromycin,Enterobacterales
"salmonella group e4 (o:1,3,19)",ge4,fusidic acid,Enterobacterales
"salmonella group e4 (o:1,3,19)",ge4,linezolid,Enterobacterales
"salmonella group e4 (o:1,3,19)",ge4,oritavancin,Enterobacterales
"salmonella group e4 (o:1,3,19)",ge4,quinupristin/dalfopristin,Enterobacterales
"salmonella group e4 (o:1,3,19)",ge4,teicoplanin,Enterobacterales
"salmonella group e4 (o:1,3,19)",ge4,telavancin,Enterobacterales
"salmonella group e4 (o:1,3,19)",ge4,vancomycin,Enterobacterales
salmonella group f (o:11),grf,clarithromycin,Enterobacterales
salmonella group f (o:11),grf,clindamycin,Enterobacterales
salmonella group f (o:11),grf,daptomycin,Enterobacterales
salmonella group f (o:11),grf,erythromycin,Enterobacterales
salmonella group f (o:11),grf,fusidic acid,Enterobacterales
salmonella group f (o:11),grf,linezolid,Enterobacterales
salmonella group f (o:11),grf,oritavancin,Enterobacterales
salmonella group f (o:11),grf,quinupristin/dalfopristin,Enterobacterales
salmonella group f (o:11),grf,teicoplanin,Enterobacterales
salmonella group f (o:11),grf,telavancin,Enterobacterales
salmonella group f (o:11),grf,vancomycin,Enterobacterales
salmonella group g (o:13) (g1-g2),grg,clarithromycin,Enterobacterales
salmonella group g (o:13) (g1-g2),grg,clindamycin,Enterobacterales
salmonella group g (o:13) (g1-g2),grg,daptomycin,Enterobacterales
salmonella group g (o:13) (g1-g2),grg,erythromycin,Enterobacterales
salmonella group g (o:13) (g1-g2),grg,fusidic acid,Enterobacterales
salmonella group g (o:13) (g1-g2),grg,linezolid,Enterobacterales
salmonella group g (o:13) (g1-g2),grg,oritavancin,Enterobacterales
salmonella group g (o:13) (g1-g2),grg,quinupristin/dalfopristin,Enterobacterales
salmonella group g (o:13) (g1-g2),grg,teicoplanin,Enterobacterales
salmonella group g (o:13) (g1-g2),grg,telavancin,Enterobacterales
salmonella group g (o:13) (g1-g2),grg,vancomycin,Enterobacterales
"salmonella group g1 (o:13,22)",gg1,clarithromycin,Enterobacterales
"salmonella group g1 (o:13,22)",gg1,clindamycin,Enterobacterales
"salmonella group g1 (o:13,22)",gg1,daptomycin,Enterobacterales
"salmonella group g1 (o:13,22)",gg1,erythromycin,Enterobacterales
"salmonella group g1 (o:13,22)",gg1,fusidic acid,Enterobacterales
"salmonella group g1 (o:13,22)",gg1,linezolid,Enterobacterales
"salmonella group g1 (o:13,22)",gg1,oritavancin,Enterobacterales
"salmonella group g1 (o:13,22)",gg1,quinupristin/dalfopristin,Enterobacterales
"salmonella group g1 (o:13,22)",gg1,teicoplanin,Enterobacterales
"salmonella group g1 (o:13,22)",gg1,telavancin,Enterobacterales
"salmonella group g1 (o:13,22)",gg1,vancomycin,Enterobacterales
"salmonella group g2 (o:13,23)",gg2,clarithromycin,Enterobacterales
"salmonella group g2 (o:13,23)",gg2,clindamycin,Enterobacterales
"salmonella group g2 (o:13,23)",gg2,daptomycin,Enterobacterales
"salmonella group g2 (o:13,23)",gg2,erythromycin,Enterobacterales
"salmonella group g2 (o:13,23)",gg2,fusidic acid,Enterobacterales
"salmonella group g2 (o:13,23)",gg2,linezolid,Enterobacterales
"salmonella group g2 (o:13,23)",gg2,oritavancin,Enterobacterales
"salmonella group g2 (o:13,23)",gg2,quinupristin/dalfopristin,Enterobacterales
"salmonella group g2 (o:13,23)",gg2,teicoplanin,Enterobacterales
"salmonella group g2 (o:13,23)",gg2,telavancin,Enterobacterales
"salmonella group g2 (o:13,23)",gg2,vancomycin,Enterobacterales
"salmonella group h (o:6,14)",grh,clarithromycin,Enterobacterales
"salmonella group h (o:6,14)",grh,clindamycin,Enterobacterales
"salmonella group h (o:6,14)",grh,daptomycin,Enterobacterales
"salmonella group h (o:6,14)",grh,erythromycin,Enterobacterales
"salmonella group h (o:6,14)",grh,fusidic acid,Enterobacterales
"salmonella group h (o:6,14)",grh,linezolid,Enterobacterales
"salmonella group h (o:6,14)",grh,oritavancin,Enterobacterales
"salmonella group h (o:6,14)",grh,quinupristin/dalfopristin,Enterobacterales
"salmonella group h (o:6,14)",grh,teicoplanin,Enterobacterales
"salmonella group h (o:6,14)",grh,telavancin,Enterobacterales
"salmonella group h (o:6,14)",grh,vancomycin,Enterobacterales
salmonella group i (o:16),gri,clarithromycin,Enterobacterales
salmonella group i (o:16),gri,clindamycin,Enterobacterales
salmonella group i (o:16),gri,daptomycin,Enterobacterales
salmonella group i (o:16),gri,erythromycin,Enterobacterales
salmonella group i (o:16),gri,fusidic acid,Enterobacterales
salmonella group i (o:16),gri,linezolid,Enterobacterales
salmonella group i (o:16),gri,oritavancin,Enterobacterales
salmonella group i (o:16),gri,quinupristin/dalfopristin,Enterobacterales
salmonella group i (o:16),gri,teicoplanin,Enterobacterales
salmonella group i (o:16),gri,telavancin,Enterobacterales
salmonella group i (o:16),gri,vancomycin,Enterobacterales
salmonella group j (o:17),grj,clarithromycin,Enterobacterales
salmonella group j (o:17),grj,clindamycin,Enterobacterales
salmonella group j (o:17),grj,daptomycin,Enterobacterales
salmonella group j (o:17),grj,erythromycin,Enterobacterales
salmonella group j (o:17),grj,fusidic acid,Enterobacterales
salmonella group j (o:17),grj,linezolid,Enterobacterales
salmonella group j (o:17),grj,oritavancin,Enterobacterales
salmonella group j (o:17),grj,quinupristin/dalfopristin,Enterobacterales
salmonella group j (o:17),grj,teicoplanin,Enterobacterales
salmonella group j (o:17),grj,telavancin,Enterobacterales
salmonella group j (o:17),grj,vancomycin,Enterobacterales
salmonella group k (o:18),grk,clarithromycin,Enterobacterales
salmonella group k (o:18),grk,clindamycin,Enterobacterales
salmonella group k (o:18),grk,daptomycin,Enterobacterales
salmonella group k (o:18),grk,erythromycin,Enterobacterales
salmonella group k (o:18),grk,fusidic acid,Enterobacterales
salmonella group k (o:18),grk,linezolid,Enterobacterales
salmonella group k (o:18),grk,oritavancin,Enterobacterales
salmonella group k (o:18),grk,quinupristin/dalfopristin,Enterobacterales
salmonella group k (o:18),grk,teicoplanin,Enterobacterales
salmonella group k (o:18),grk,telavancin,Enterobacterales
salmonella group k (o:18),grk,vancomycin,Enterobacterales
salmonella group l (o:21),grl,clarithromycin,Enterobacterales
salmonella group l (o:21),grl,clindamycin,Enterobacterales
salmonella group l (o:21),grl,daptomycin,Enterobacterales
salmonella group l (o:21),grl,erythromycin,Enterobacterales
salmonella group l (o:21),grl,fusidic acid,Enterobacterales
salmonella group l (o:21),grl,linezolid,Enterobacterales
salmonella group l (o:21),grl,oritavancin,Enterobacterales
salmonella group l (o:21),grl,quinupristin/dalfopristin,Enterobacterales
salmonella group l (o:21),grl,teicoplanin,Enterobacterales
salmonella group l (o:21),grl,telavancin,Enterobacterales
salmonella group l (o:21),grl,vancomycin,Enterobacterales
salmonella group m (o:28),grm,clarithromycin,Enterobacterales
salmonella group m (o:28),grm,clindamycin,Enterobacterales
salmonella group m (o:28),grm,daptomycin,Enterobacterales
salmonella group m (o:28),grm,erythromycin,Enterobacterales
salmonella group m (o:28),grm,fusidic acid,Enterobacterales
salmonella group m (o:28),grm,linezolid,Enterobacterales
salmonella group m (o:28),grm,oritavancin,Enterobacterales
salmonella group m (o:28),grm,quinupristin/dalfopristin,Enterobacterales
salmonella group m (o:28),grm,teicoplanin,Enterobacterales
salmonella group m (o:28),grm,telavancin,Enterobacterales
salmonella group m (o:28),grm,vancomycin,Enterobacterales
salmonella group n (o:30),grn,clarithromycin,Enterobacterales
salmonella group n (o:30),grn,clindamycin,Enterobacterales
salmonella group n (o:30),grn,daptomycin,Enterobacterales
salmonella group n (o:30),grn,erythromycin,Enterobacterales
salmonella group n (o:30),grn,fusidic acid,Enterobacterales
salmonella group n (o:30),grn,linezolid,Enterobacterales
salmonella group n (o:30),grn,oritavancin,Enterobacterales
salmonella group n (o:30),grn,quinupristin/dalfopristin,Enterobacterales
salmonella group n (o:30),grn,teicoplanin,Enterobacterales
salmonella group n (o:30),grn,telavancin,Enterobacterales
salmonella group n (o:30),grn,vancomycin,Enterobacterales
salmonella group o (o:35),gro,clarithromycin,Enterobacterales
salmonella group o (o:35),gro,clindamycin,Enterobacterales
salmonella group o (o:35),gro,daptomycin,Enterobacterales
salmonella group o (o:35),gro,erythromycin,Enterobacterales
salmonella group o (o:35),gro,fusidic acid,Enterobacterales
salmonella group o (o:35),gro,linezolid,Enterobacterales
salmonella group o (o:35),gro,oritavancin,Enterobacterales
salmonella group o (o:35),gro,quinupristin/dalfopristin,Enterobacterales
salmonella group o (o:35),gro,teicoplanin,Enterobacterales
salmonella group o (o:35),gro,telavancin,Enterobacterales
salmonella group o (o:35),gro,vancomycin,Enterobacterales
salmonella group p (o:38),grp,clarithromycin,Enterobacterales
salmonella group p (o:38),grp,clindamycin,Enterobacterales
salmonella group p (o:38),grp,daptomycin,Enterobacterales
salmonella group p (o:38),grp,erythromycin,Enterobacterales
salmonella group p (o:38),grp,fusidic acid,Enterobacterales
salmonella group p (o:38),grp,linezolid,Enterobacterales
salmonella group p (o:38),grp,oritavancin,Enterobacterales
salmonella group p (o:38),grp,quinupristin/dalfopristin,Enterobacterales
salmonella group p (o:38),grp,teicoplanin,Enterobacterales
salmonella group p (o:38),grp,telavancin,Enterobacterales
salmonella group p (o:38),grp,vancomycin,Enterobacterales
salmonella group q (o:39),grq,clarithromycin,Enterobacterales
salmonella group q (o:39),grq,clindamycin,Enterobacterales
salmonella group q (o:39),grq,daptomycin,Enterobacterales
salmonella group q (o:39),grq,erythromycin,Enterobacterales
salmonella group q (o:39),grq,fusidic acid,Enterobacterales
salmonella group q (o:39),grq,linezolid,Enterobacterales
salmonella group q (o:39),grq,oritavancin,Enterobacterales
salmonella group q (o:39),grq,quinupristin/dalfopristin,Enterobacterales
salmonella group q (o:39),grq,teicoplanin,Enterobacterales
salmonella group q (o:39),grq,telavancin,Enterobacterales
salmonella group q (o:39),grq,vancomycin,Enterobacterales
salmonella group r (o:40),grr,clarithromycin,Enterobacterales
salmonella group r (o:40),grr,clindamycin,Enterobacterales
salmonella group r (o:40),grr,daptomycin,Enterobacterales
salmonella group r (o:40),grr,erythromycin,Enterobacterales
salmonella group r (o:40),grr,fusidic acid,Enterobacterales
salmonella group r (o:40),grr,linezolid,Enterobacterales
salmonella group r (o:40),grr,oritavancin,Enterobacterales
salmonella group r (o:40),grr,quinupristin/dalfopristin,Enterobacterales
salmonella group r (o:40),grr,teicoplanin,Enterobacterales
salmonella group r (o:40),grr,telavancin,Enterobacterales
salmonella group r (o:40),grr,vancomycin,Enterobacterales
salmonella group s (o:41),grs,clarithromycin,Enterobacterales
salmonella group s (o:41),grs,clindamycin,Enterobacterales
salmonella group s (o:41),grs,daptomycin,Enterobacterales
salmonella group s (o:41),grs,erythromycin,Enterobacterales
salmonella group s (o:41),grs,fusidic acid,Enterobacterales
salmonella group s (o:41),grs,linezolid,Enterobacterales
salmonella group s (o:41),grs,oritavancin,Enterobacterales
salmonella group s (o:41),grs,quinupristin/dalfopristin,Enterobacterales
salmonella group s (o:41),grs,teicoplanin,Enterobacterales
salmonella group s (o:41),grs,telavancin,Enterobacterales
salmonella group s (o:41),grs,vancomycin,Enterobacterales
salmonella group t (o:42),grt,clarithromycin,Enterobacterales
salmonella group t (o:42),grt,clindamycin,Enterobacterales
salmonella group t (o:42),grt,daptomycin,Enterobacterales
salmonella group t (o:42),grt,erythromycin,Enterobacterales
salmonella group t (o:42),grt,fusidic acid,Enterobacterales
salmonella group t (o:42),grt,linezolid,Enterobacterales
salmonella group t (o:42),grt,oritavancin,Enterobacterales
salmonella group t (o:42),grt,quinupristin/dalfopristin,Enterobacterales
salmonella group t (o:42),grt,teicoplanin,Enterobacterales
salmonella group t (o:42),grt,telavancin,Enterobacterales
salmonella group t (o:42),grt,vancomycin,Enterobacterales
salmonella group u (o:43),gru,clarithromycin,Enterobacterales
salmonella group u (o:43),gru,clindamycin,Enterobacterales
salmonella group u (o:43),gru,daptomycin,Enterobacterales
salmonella group u (o:43),gru,erythromycin,Enterobacterales
salmonella group u (o:43),gru,fusidic acid,Enterobacterales
salmonella group u (o:43),gru,linezolid,Enterobacterales
salmonella group u (o:43),gru,oritavancin,Enterobacterales
salmonella group u (o:43),gru,quinupristin/dalfopristin,Enterobacterales
salmonella group u (o:43),gru,teicoplanin,Enterobacterales
salmonella group u (o:43),gru,telavancin,Enterobacterales
salmonella group u (o:43),gru,vancomycin,Enterobacterales
salmonella group v (o:44),grv,clarithromycin,Enterobacterales
salmonella group v (o:44),grv,clindamycin,Enterobacterales
salmonella group v (o:44),grv,daptomycin,Enterobacterales
salmonella group v (o:44),grv,erythromycin,Enterobacterales
salmonella group v (o:44),grv,fusidic acid,Enterobacterales
salmonella group v (o:44),grv,linezolid,Enterobacterales
salmonella group v (o:44),grv,oritavancin,Enterobacterales
salmonella group v (o:44),grv,quinupristin/dalfopristin,Enterobacterales
salmonella group v (o:44),grv,teicoplanin,Enterobacterales
salmonella group v (o:44),grv,telavancin,Enterobacterales
salmonella group v (o:44),grv,vancomycin,Enterobacterales
salmonella group w (o:45),grw,clarithromycin,Enterobacterales
salmonella group w (o:45),grw,clindamycin,Enterobacterales
salmonella group w (o:45),grw,daptomycin,Enterobacterales
salmonella group w (o:45),grw,erythromycin,Enterobacterales
salmonella group w (o:45),grw,fusidic acid,Enterobacterales
salmonella group w (o:45),grw,linezolid,Enterobacterales
salmonella group w (o:45),grw,oritavancin,Enterobacterales
salmonella group w (o:45),grw,quinupristin/dalfopristin,Enterobacterales
salmonella group w (o:45),grw,teicoplanin,Enterobacterales
salmonella group w (o:45),grw,telavancin,Enterobacterales
salmonella group w (o:45),grw,vancomycin,Enterobacterales
salmonella group x (o:47),grx,clarithromycin,Enterobacterales
salmonella group x (o:47),grx,clindamycin,Enterobacterales
salmonella group x (o:47),grx,daptomycin,Enterobacterales
salmonella group x (o:47),grx,erythromycin,Enterobacterales
salmonella group x (o:47),grx,fusidic acid,Enterobacterales
salmonella group x (o:47),grx,linezolid,Enterobacterales
salmonella group x (o:47),grx,oritavancin,Enterobacterales
salmonella group x (o:47),grx,quinupristin/dalfopristin,Enterobacterales
salmonella group x (o:47),grx,teicoplanin,Enterobacterales
salmonella group x (o:47),grx,telavancin,Enterobacterales
salmonella group x (o:47),grx,vancomycin,Enterobacterales
salmonella group y (o:48),gry,clarithromycin,Enterobacterales
salmonella group y (o:48),gry,clindamycin,Enterobacterales
salmonella group y (o:48),gry,daptomycin,Enterobacterales
salmonella group y (o:48),gry,erythromycin,Enterobacterales
salmonella group y (o:48),gry,fusidic acid,Enterobacterales
salmonella group y (o:48),gry,linezolid,Enterobacterales
salmonella group y (o:48),gry,oritavancin,Enterobacterales
salmonella group y (o:48),gry,quinupristin/dalfopristin,Enterobacterales
salmonella group y (o:48),gry,teicoplanin,Enterobacterales
salmonella group y (o:48),gry,telavancin,Enterobacterales
salmonella group y (o:48),gry,vancomycin,Enterobacterales
salmonella group z (o:50),grz,clarithromycin,Enterobacterales
salmonella group z (o:50),grz,clindamycin,Enterobacterales
salmonella group z (o:50),grz,daptomycin,Enterobacterales
salmonella group z (o:50),grz,erythromycin,Enterobacterales
salmonella group z (o:50),grz,fusidic acid,Enterobacterales
salmonella group z (o:50),grz,linezolid,Enterobacterales
salmonella group z (o:50),grz,oritavancin,Enterobacterales
salmonella group z (o:50),grz,quinupristin/dalfopristin,Enterobacterales
salmonella group z (o:50),grz,teicoplanin,Enterobacterales
salmonella group z (o:50),grz,telavancin,Enterobacterales
salmonella group z (o:50),grz,vancomycin,Enterobacterales
salmonella hadar,shr,clarithromycin,Enterobacterales
salmonella hadar,shr,clindamycin,Enterobacterales
salmonella hadar,shr,daptomycin,Enterobacterales
salmonella hadar,shr,erythromycin,Enterobacterales
salmonella hadar,shr,fusidic acid,Enterobacterales
salmonella hadar,shr,linezolid,Enterobacterales
salmonella hadar,shr,oritavancin,Enterobacterales
salmonella hadar,shr,quinupristin/dalfopristin,Enterobacterales
salmonella hadar,shr,teicoplanin,Enterobacterales
salmonella hadar,shr,telavancin,Enterobacterales
salmonella hadar,shr,vancomycin,Enterobacterales
salmonella heidelberg,shg,clarithromycin,Enterobacterales
salmonella heidelberg,shg,clindamycin,Enterobacterales
salmonella heidelberg,shg,daptomycin,Enterobacterales
salmonella heidelberg,shg,erythromycin,Enterobacterales
salmonella heidelberg,shg,fusidic acid,Enterobacterales
salmonella heidelberg,shg,linezolid,Enterobacterales
salmonella heidelberg,shg,oritavancin,Enterobacterales
salmonella heidelberg,shg,quinupristin/dalfopristin,Enterobacterales
salmonella heidelberg,shg,teicoplanin,Enterobacterales
salmonella heidelberg,shg,telavancin,Enterobacterales
salmonella heidelberg,shg,vancomycin,Enterobacterales
salmonella hirschfeldii (s. paratyphi c),sac,clarithromycin,Enterobacterales
salmonella hirschfeldii (s. paratyphi c),sac,clindamycin,Enterobacterales
salmonella hirschfeldii (s. paratyphi c),sac,daptomycin,Enterobacterales
salmonella hirschfeldii (s. paratyphi c),sac,erythromycin,Enterobacterales
salmonella hirschfeldii (s. paratyphi c),sac,fusidic acid,Enterobacterales
salmonella hirschfeldii (s. paratyphi c),sac,linezolid,Enterobacterales
salmonella hirschfeldii (s. paratyphi c),sac,oritavancin,Enterobacterales
salmonella hirschfeldii (s. paratyphi c),sac,quinupristin/dalfopristin,Enterobacterales
salmonella hirschfeldii (s. paratyphi c),sac,teicoplanin,Enterobacterales
salmonella hirschfeldii (s. paratyphi c),sac,telavancin,Enterobacterales
salmonella hirschfeldii (s. paratyphi c),sac,vancomycin,Enterobacterales
salmonella indiana,ind,clarithromycin,Enterobacterales
salmonella indiana,ind,clindamycin,Enterobacterales
salmonella indiana,ind,daptomycin,Enterobacterales
salmonella indiana,ind,erythromycin,Enterobacterales
salmonella indiana,ind,fusidic acid,Enterobacterales
salmonella indiana,ind,linezolid,Enterobacterales
salmonella indiana,ind,oritavancin,Enterobacterales
salmonella indiana,ind,quinupristin/dalfopristin,Enterobacterales
salmonella indiana,ind,teicoplanin,Enterobacterales
salmonella indiana,ind,telavancin,Enterobacterales
salmonella indiana,ind,vancomycin,Enterobacterales
salmonella infantis,inf,clarithromycin,Enterobacterales
salmonella infantis,inf,clindamycin,Enterobacterales
salmonella infantis,inf,daptomycin,Enterobacterales
salmonella infantis,inf,erythromycin,Enterobacterales
salmonella infantis,inf,fusidic acid,Enterobacterales
salmonella infantis,inf,linezolid,Enterobacterales
salmonella infantis,inf,oritavancin,Enterobacterales
salmonella infantis,inf,quinupristin/dalfopristin,Enterobacterales
salmonella infantis,inf,teicoplanin,Enterobacterales
salmonella infantis,inf,telavancin,Enterobacterales
salmonella infantis,inf,vancomycin,Enterobacterales
salmonella isangi,isa,clarithromycin,Enterobacterales
salmonella isangi,isa,clindamycin,Enterobacterales
salmonella isangi,isa,daptomycin,Enterobacterales
salmonella isangi,isa,erythromycin,Enterobacterales
salmonella isangi,isa,fusidic acid,Enterobacterales
salmonella isangi,isa,linezolid,Enterobacterales
salmonella isangi,isa,oritavancin,Enterobacterales
salmonella isangi,isa,quinupristin/dalfopristin,Enterobacterales
salmonella isangi,isa,teicoplanin,Enterobacterales
salmonella isangi,isa,telavancin,Enterobacterales
salmonella isangi,isa,vancomycin,Enterobacterales
salmonella java (salmonella paratyphi b),jav,clarithromycin,Enterobacterales
salmonella java (salmonella paratyphi b),jav,clindamycin,Enterobacterales
salmonella java (salmonella paratyphi b),jav,daptomycin,Enterobacterales
salmonella java (salmonella paratyphi b),jav,erythromycin,Enterobacterales
salmonella java (salmonella paratyphi b),jav,fusidic acid,Enterobacterales
salmonella java (salmonella paratyphi b),jav,linezolid,Enterobacterales
salmonella java (salmonella paratyphi b),jav,oritavancin,Enterobacterales
salmonella java (salmonella paratyphi b),jav,quinupristin/dalfopristin,Enterobacterales
salmonella java (salmonella paratyphi b),jav,teicoplanin,Enterobacterales
salmonella java (salmonella paratyphi b),jav,telavancin,Enterobacterales
salmonella java (salmonella paratyphi b),jav,vancomycin,Enterobacterales
salmonella javiana,sjv,clarithromycin,Enterobacterales
salmonella javiana,sjv,clindamycin,Enterobacterales
salmonella javiana,sjv,daptomycin,Enterobacterales
salmonella javiana,sjv,erythromycin,Enterobacterales
salmonella javiana,sjv,fusidic acid,Enterobacterales
salmonella javiana,sjv,linezolid,Enterobacterales
salmonella javiana,sjv,oritavancin,Enterobacterales
salmonella javiana,sjv,quinupristin/dalfopristin,Enterobacterales
salmonella javiana,sjv,teicoplanin,Enterobacterales
salmonella javiana,sjv,telavancin,Enterobacterales
salmonella javiana,sjv,vancomycin,Enterobacterales
salmonella kaapstad,ska,clarithromycin,Enterobacterales
salmonella kaapstad,ska,clindamycin,Enterobacterales
salmonella kaapstad,ska,daptomycin,Enterobacterales
salmonella kaapstad,ska,erythromycin,Enterobacterales
salmonella kaapstad,ska,fusidic acid,Enterobacterales
salmonella kaapstad,ska,linezolid,Enterobacterales
salmonella kaapstad,ska,oritavancin,Enterobacterales
salmonella kaapstad,ska,quinupristin/dalfopristin,Enterobacterales
salmonella kaapstad,ska,teicoplanin,Enterobacterales
salmonella kaapstad,ska,telavancin,Enterobacterales
salmonella kaapstad,ska,vancomycin,Enterobacterales
salmonella kedougou,skd,clarithromycin,Enterobacterales
salmonella kedougou,skd,clindamycin,Enterobacterales
salmonella kedougou,skd,daptomycin,Enterobacterales
salmonella kedougou,skd,erythromycin,Enterobacterales
salmonella kedougou,skd,fusidic acid,Enterobacterales
salmonella kedougou,skd,linezolid,Enterobacterales
salmonella kedougou,skd,oritavancin,Enterobacterales
salmonella kedougou,skd,quinupristin/dalfopristin,Enterobacterales
salmonella kedougou,skd,teicoplanin,Enterobacterales
salmonella kedougou,skd,telavancin,Enterobacterales
salmonella kedougou,skd,vancomycin,Enterobacterales
salmonella kentucky,ske,clarithromycin,Enterobacterales
salmonella kentucky,ske,clindamycin,Enterobacterales
salmonella kentucky,ske,daptomycin,Enterobacterales
salmonella kentucky,ske,erythromycin,Enterobacterales
salmonella kentucky,ske,fusidic acid,Enterobacterales
salmonella kentucky,ske,linezolid,Enterobacterales
salmonella kentucky,ske,oritavancin,Enterobacterales
salmonella kentucky,ske,quinupristin/dalfopristin,Enterobacterales
salmonella kentucky,ske,teicoplanin,Enterobacterales
salmonella kentucky,ske,telavancin,Enterobacterales
salmonella kentucky,ske,vancomycin,Enterobacterales
salmonella kottbus,sko,clarithromycin,Enterobacterales
salmonella kottbus,sko,clindamycin,Enterobacterales
salmonella kottbus,sko,daptomycin,Enterobacterales
salmonella kottbus,sko,erythromycin,Enterobacterales
salmonella kottbus,sko,fusidic acid,Enterobacterales
salmonella kottbus,sko,linezolid,Enterobacterales
salmonella kottbus,sko,oritavancin,Enterobacterales
salmonella kottbus,sko,quinupristin/dalfopristin,Enterobacterales
salmonella kottbus,sko,teicoplanin,Enterobacterales
salmonella kottbus,sko,telavancin,Enterobacterales
salmonella kottbus,sko,vancomycin,Enterobacterales
salmonella krefeld,skr,clarithromycin,Enterobacterales
salmonella krefeld,skr,clindamycin,Enterobacterales
salmonella krefeld,skr,daptomycin,Enterobacterales
salmonella krefeld,skr,erythromycin,Enterobacterales
salmonella krefeld,skr,fusidic acid,Enterobacterales
salmonella krefeld,skr,linezolid,Enterobacterales
salmonella krefeld,skr,oritavancin,Enterobacterales
salmonella krefeld,skr,quinupristin/dalfopristin,Enterobacterales
salmonella krefeld,skr,teicoplanin,Enterobacterales
salmonella krefeld,skr,telavancin,Enterobacterales
salmonella krefeld,skr,vancomycin,Enterobacterales
salmonella larochelle,lar,clarithromycin,Enterobacterales
salmonella larochelle,lar,clindamycin,Enterobacterales
salmonella larochelle,lar,daptomycin,Enterobacterales
salmonella larochelle,lar,erythromycin,Enterobacterales
salmonella larochelle,lar,fusidic acid,Enterobacterales
salmonella larochelle,lar,linezolid,Enterobacterales
salmonella larochelle,lar,oritavancin,Enterobacterales
salmonella larochelle,lar,quinupristin/dalfopristin,Enterobacterales
salmonella larochelle,lar,teicoplanin,Enterobacterales
salmonella larochelle,lar,telavancin,Enterobacterales
salmonella larochelle,lar,vancomycin,Enterobacterales
salmonella lexington,slx,clarithromycin,Enterobacterales
salmonella lexington,slx,clindamycin,Enterobacterales
salmonella lexington,slx,daptomycin,Enterobacterales
salmonella lexington,slx,erythromycin,Enterobacterales
salmonella lexington,slx,fusidic acid,Enterobacterales
salmonella lexington,slx,linezolid,Enterobacterales
salmonella lexington,slx,oritavancin,Enterobacterales
salmonella lexington,slx,quinupristin/dalfopristin,Enterobacterales
salmonella lexington,slx,teicoplanin,Enterobacterales
salmonella lexington,slx,telavancin,Enterobacterales
salmonella lexington,slx,vancomycin,Enterobacterales
salmonella litchfield,sli,clarithromycin,Enterobacterales
salmonella litchfield,sli,clindamycin,Enterobacterales
salmonella litchfield,sli,daptomycin,Enterobacterales
salmonella litchfield,sli,erythromycin,Enterobacterales
salmonella litchfield,sli,fusidic acid,Enterobacterales
salmonella litchfield,sli,linezolid,Enterobacterales
salmonella litchfield,sli,oritavancin,Enterobacterales
salmonella litchfield,sli,quinupristin/dalfopristin,Enterobacterales
salmonella litchfield,sli,teicoplanin,Enterobacterales
salmonella litchfield,sli,telavancin,Enterobacterales
salmonella litchfield,sli,vancomycin,Enterobacterales
salmonella livingstone,slv,clarithromycin,Enterobacterales
salmonella livingstone,slv,clindamycin,Enterobacterales
salmonella livingstone,slv,daptomycin,Enterobacterales
salmonella livingstone,slv,erythromycin,Enterobacterales
salmonella livingstone,slv,fusidic acid,Enterobacterales
salmonella livingstone,slv,linezolid,Enterobacterales
salmonella livingstone,slv,oritavancin,Enterobacterales
salmonella livingstone,slv,quinupristin/dalfopristin,Enterobacterales
salmonella livingstone,slv,teicoplanin,Enterobacterales
salmonella livingstone,slv,telavancin,Enterobacterales
salmonella livingstone,slv,vancomycin,Enterobacterales
salmonella lomita,lom,clarithromycin,Enterobacterales
salmonella lomita,lom,clindamycin,Enterobacterales
salmonella lomita,lom,daptomycin,Enterobacterales
salmonella lomita,lom,erythromycin,Enterobacterales
salmonella lomita,lom,fusidic acid,Enterobacterales
salmonella lomita,lom,linezolid,Enterobacterales
salmonella lomita,lom,oritavancin,Enterobacterales
salmonella lomita,lom,quinupristin/dalfopristin,Enterobacterales
salmonella lomita,lom,teicoplanin,Enterobacterales
salmonella lomita,lom,telavancin,Enterobacterales
salmonella lomita,lom,vancomycin,Enterobacterales
salmonella london,slo,clarithromycin,Enterobacterales
salmonella london,slo,clindamycin,Enterobacterales
salmonella london,slo,daptomycin,Enterobacterales
salmonella london,slo,erythromycin,Enterobacterales
salmonella london,slo,fusidic acid,Enterobacterales
salmonella london,slo,linezolid,Enterobacterales
salmonella london,slo,oritavancin,Enterobacterales
salmonella london,slo,quinupristin/dalfopristin,Enterobacterales
salmonella london,slo,teicoplanin,Enterobacterales
salmonella london,slo,telavancin,Enterobacterales
salmonella london,slo,vancomycin,Enterobacterales
salmonella manhattan,smh,clarithromycin,Enterobacterales
salmonella manhattan,smh,clindamycin,Enterobacterales
salmonella manhattan,smh,daptomycin,Enterobacterales
salmonella manhattan,smh,erythromycin,Enterobacterales
salmonella manhattan,smh,fusidic acid,Enterobacterales
salmonella manhattan,smh,linezolid,Enterobacterales
salmonella manhattan,smh,oritavancin,Enterobacterales
salmonella manhattan,smh,quinupristin/dalfopristin,Enterobacterales
salmonella manhattan,smh,teicoplanin,Enterobacterales
salmonella manhattan,smh,telavancin,Enterobacterales
salmonella manhattan,smh,vancomycin,Enterobacterales
salmonella mbandaka,smb,clarithromycin,Enterobacterales
salmonella mbandaka,smb,clindamycin,Enterobacterales
salmonella mbandaka,smb,daptomycin,Enterobacterales
salmonella mbandaka,smb,erythromycin,Enterobacterales
salmonella mbandaka,smb,fusidic acid,Enterobacterales
salmonella mbandaka,smb,linezolid,Enterobacterales
salmonella mbandaka,smb,oritavancin,Enterobacterales
salmonella mbandaka,smb,quinupristin/dalfopristin,Enterobacterales
salmonella mbandaka,smb,teicoplanin,Enterobacterales
salmonella mbandaka,smb,telavancin,Enterobacterales
salmonella mbandaka,smb,vancomycin,Enterobacterales
salmonella montevideo,smo,clarithromycin,Enterobacterales
salmonella montevideo,smo,clindamycin,Enterobacterales
salmonella montevideo,smo,daptomycin,Enterobacterales
salmonella montevideo,smo,erythromycin,Enterobacterales
salmonella montevideo,smo,fusidic acid,Enterobacterales
salmonella montevideo,smo,linezolid,Enterobacterales
salmonella montevideo,smo,oritavancin,Enterobacterales
salmonella montevideo,smo,quinupristin/dalfopristin,Enterobacterales
salmonella montevideo,smo,teicoplanin,Enterobacterales
salmonella montevideo,smo,telavancin,Enterobacterales
salmonella montevideo,smo,vancomycin,Enterobacterales
salmonella muenchen,smn,clarithromycin,Enterobacterales
salmonella muenchen,smn,clindamycin,Enterobacterales
salmonella muenchen,smn,daptomycin,Enterobacterales
salmonella muenchen,smn,erythromycin,Enterobacterales
salmonella muenchen,smn,fusidic acid,Enterobacterales
salmonella muenchen,smn,linezolid,Enterobacterales
salmonella muenchen,smn,oritavancin,Enterobacterales
salmonella muenchen,smn,quinupristin/dalfopristin,Enterobacterales
salmonella muenchen,smn,teicoplanin,Enterobacterales
salmonella muenchen,smn,telavancin,Enterobacterales
salmonella muenchen,smn,vancomycin,Enterobacterales
salmonella muenster,smr,clarithromycin,Enterobacterales
salmonella muenster,smr,clindamycin,Enterobacterales
salmonella muenster,smr,daptomycin,Enterobacterales
salmonella muenster,smr,erythromycin,Enterobacterales
salmonella muenster,smr,fusidic acid,Enterobacterales
salmonella muenster,smr,linezolid,Enterobacterales
salmonella muenster,smr,oritavancin,Enterobacterales
salmonella muenster,smr,quinupristin/dalfopristin,Enterobacterales
salmonella muenster,smr,teicoplanin,Enterobacterales
salmonella muenster,smr,telavancin,Enterobacterales
salmonella muenster,smr,vancomycin,Enterobacterales
salmonella narashino,sna,clarithromycin,Enterobacterales
salmonella narashino,sna,clindamycin,Enterobacterales
salmonella narashino,sna,daptomycin,Enterobacterales
salmonella narashino,sna,erythromycin,Enterobacterales
salmonella narashino,sna,fusidic acid,Enterobacterales
salmonella narashino,sna,linezolid,Enterobacterales
salmonella narashino,sna,oritavancin,Enterobacterales
salmonella narashino,sna,quinupristin/dalfopristin,Enterobacterales
salmonella narashino,sna,teicoplanin,Enterobacterales
salmonella narashino,sna,telavancin,Enterobacterales
salmonella narashino,sna,vancomycin,Enterobacterales
salmonella newport,sne,clarithromycin,Enterobacterales
salmonella newport,sne,clindamycin,Enterobacterales
salmonella newport,sne,daptomycin,Enterobacterales
salmonella newport,sne,erythromycin,Enterobacterales
salmonella newport,sne,fusidic acid,Enterobacterales
salmonella newport,sne,linezolid,Enterobacterales
salmonella newport,sne,oritavancin,Enterobacterales
salmonella newport,sne,quinupristin/dalfopristin,Enterobacterales
salmonella newport,sne,teicoplanin,Enterobacterales
salmonella newport,sne,telavancin,Enterobacterales
salmonella newport,sne,vancomycin,Enterobacterales
salmonella ohio,soh,clarithromycin,Enterobacterales
salmonella ohio,soh,clindamycin,Enterobacterales
salmonella ohio,soh,daptomycin,Enterobacterales
salmonella ohio,soh,erythromycin,Enterobacterales
salmonella ohio,soh,fusidic acid,Enterobacterales
salmonella ohio,soh,linezolid,Enterobacterales
salmonella ohio,soh,oritavancin,Enterobacterales
salmonella ohio,soh,quinupristin/dalfopristin,Enterobacterales
salmonella ohio,soh,teicoplanin,Enterobacterales
salmonella ohio,soh,telavancin,Enterobacterales
salmonella ohio,soh,vancomycin,Enterobacterales
salmonella oranienburg,sor,clarithromycin,Enterobacterales
salmonella oranienburg,sor,clindamycin,Enterobacterales
salmonella oranienburg,sor,daptomycin,Enterobacterales
salmonella oranienburg,sor,erythromycin,Enterobacterales
salmonella oranienburg,sor,fusidic acid,Enterobacterales
salmonella oranienburg,sor,linezolid,Enterobacterales
salmonella oranienburg,sor,oritavancin,Enterobacterales
salmonella oranienburg,sor,quinupristin/dalfopristin,Enterobacterales
salmonella oranienburg,sor,teicoplanin,Enterobacterales
salmonella oranienburg,sor,telavancin,Enterobacterales
salmonella oranienburg,sor,vancomycin,Enterobacterales
salmonella orion,soi,clarithromycin,Enterobacterales
salmonella orion,soi,clindamycin,Enterobacterales
salmonella orion,soi,daptomycin,Enterobacterales
salmonella orion,soi,erythromycin,Enterobacterales
salmonella orion,soi,fusidic acid,Enterobacterales
salmonella orion,soi,linezolid,Enterobacterales
salmonella orion,soi,oritavancin,Enterobacterales
salmonella orion,soi,quinupristin/dalfopristin,Enterobacterales
salmonella orion,soi,teicoplanin,Enterobacterales
salmonella orion,soi,telavancin,Enterobacterales
salmonella orion,soi,vancomycin,Enterobacterales
salmonella ouakam,sou,clarithromycin,Enterobacterales
salmonella ouakam,sou,clindamycin,Enterobacterales
salmonella ouakam,sou,daptomycin,Enterobacterales
salmonella ouakam,sou,erythromycin,Enterobacterales
salmonella ouakam,sou,fusidic acid,Enterobacterales
salmonella ouakam,sou,linezolid,Enterobacterales
salmonella ouakam,sou,oritavancin,Enterobacterales
salmonella ouakam,sou,quinupristin/dalfopristin,Enterobacterales
salmonella ouakam,sou,teicoplanin,Enterobacterales
salmonella ouakam,sou,telavancin,Enterobacterales
salmonella ouakam,sou,vancomycin,Enterobacterales
salmonella panama,spm,clarithromycin,Enterobacterales
salmonella panama,spm,clindamycin,Enterobacterales
salmonella panama,spm,daptomycin,Enterobacterales
salmonella panama,spm,erythromycin,Enterobacterales
salmonella panama,spm,fusidic acid,Enterobacterales
salmonella panama,spm,linezolid,Enterobacterales
salmonella panama,spm,oritavancin,Enterobacterales
salmonella panama,spm,quinupristin/dalfopristin,Enterobacterales
salmonella panama,spm,teicoplanin,Enterobacterales
salmonella panama,spm,telavancin,Enterobacterales
salmonella panama,spm,vancomycin,Enterobacterales
salmonella paratyphi,pty,clarithromycin,Enterobacterales
salmonella paratyphi,pty,clindamycin,Enterobacterales
salmonella paratyphi,pty,daptomycin,Enterobacterales
salmonella paratyphi,pty,erythromycin,Enterobacterales
salmonella paratyphi,pty,fusidic acid,Enterobacterales
salmonella paratyphi,pty,linezolid,Enterobacterales
salmonella paratyphi,pty,oritavancin,Enterobacterales
salmonella paratyphi,pty,quinupristin/dalfopristin,Enterobacterales
salmonella paratyphi,pty,teicoplanin,Enterobacterales
salmonella paratyphi,pty,telavancin,Enterobacterales
salmonella paratyphi,pty,vancomycin,Enterobacterales
salmonella paratyphi a,saa,clarithromycin,Enterobacterales
salmonella paratyphi a,saa,clindamycin,Enterobacterales
salmonella paratyphi a,saa,daptomycin,Enterobacterales
salmonella paratyphi a,saa,erythromycin,Enterobacterales
salmonella paratyphi a,saa,fusidic acid,Enterobacterales
salmonella paratyphi a,saa,linezolid,Enterobacterales
salmonella paratyphi a,saa,oritavancin,Enterobacterales
salmonella paratyphi a,saa,quinupristin/dalfopristin,Enterobacterales
salmonella paratyphi a,saa,teicoplanin,Enterobacterales
salmonella paratyphi a,saa,telavancin,Enterobacterales
salmonella paratyphi a,saa,vancomycin,Enterobacterales
salmonella paratyphi b,sab,clarithromycin,Enterobacterales
salmonella paratyphi b,sab,clindamycin,Enterobacterales
salmonella paratyphi b,sab,daptomycin,Enterobacterales
salmonella paratyphi b,sab,erythromycin,Enterobacterales
salmonella paratyphi b,sab,fusidic acid,Enterobacterales
salmonella paratyphi b,sab,linezolid,Enterobacterales
salmonella paratyphi b,sab,oritavancin,Enterobacterales
salmonella paratyphi b,sab,quinupristin/dalfopristin,Enterobacterales
salmonella paratyphi b,sab,teicoplanin,Enterobacterales
salmonella paratyphi b,sab,telavancin,Enterobacterales
salmonella paratyphi b,sab,vancomycin,Enterobacterales
salmonella paratyphi b var. java,jav,clarithromycin,Enterobacterales
salmonella paratyphi b var. java,jav,clindamycin,Enterobacterales
salmonella paratyphi b var. java,jav,daptomycin,Enterobacterales
salmonella paratyphi b var. java,jav,erythromycin,Enterobacterales
salmonella paratyphi b var. java,jav,fusidic acid,Enterobacterales
salmonella paratyphi b var. java,jav,linezolid,Enterobacterales
salmonella paratyphi b var. java,jav,oritavancin,Enterobacterales
salmonella paratyphi b var. java,jav,quinupristin/dalfopristin,Enterobacterales
salmonella paratyphi b var. java,jav,teicoplanin,Enterobacterales
salmonella paratyphi b var. java,jav,telavancin,Enterobacterales
salmonella paratyphi b var. java,jav,vancomycin,Enterobacterales
salmonella paratyphi c,sac,clarithromycin,Enterobacterales
salmonella paratyphi c,sac,clindamycin,Enterobacterales
salmonella paratyphi c,sac,daptomycin,Enterobacterales
salmonella paratyphi c,sac,erythromycin,Enterobacterales
salmonella paratyphi c,sac,fusidic acid,Enterobacterales
salmonella paratyphi c,sac,linezolid,Enterobacterales
salmonella paratyphi c,sac,oritavancin,Enterobacterales
salmonella paratyphi c,sac,quinupristin/dalfopristin,Enterobacterales
salmonella paratyphi c,sac,teicoplanin,Enterobacterales
salmonella paratyphi c,sac,telavancin,Enterobacterales
salmonella paratyphi c,sac,vancomycin,Enterobacterales
salmonella poona,spo,clarithromycin,Enterobacterales
salmonella poona,spo,clindamycin,Enterobacterales
salmonella poona,spo,daptomycin,Enterobacterales
salmonella poona,spo,erythromycin,Enterobacterales
salmonella poona,spo,fusidic acid,Enterobacterales
salmonella poona,spo,linezolid,Enterobacterales
salmonella poona,spo,oritavancin,Enterobacterales
salmonella poona,spo,quinupristin/dalfopristin,Enterobacterales
salmonella poona,spo,teicoplanin,Enterobacterales
salmonella poona,spo,telavancin,Enterobacterales
salmonella poona,spo,vancomycin,Enterobacterales
salmonella potsdam,pot,clarithromycin,Enterobacterales
salmonella potsdam,pot,clindamycin,Enterobacterales
salmonella potsdam,pot,daptomycin,Enterobacterales
salmonella potsdam,pot,erythromycin,Enterobacterales
salmonella potsdam,pot,fusidic acid,Enterobacterales
salmonella potsdam,pot,linezolid,Enterobacterales
salmonella potsdam,pot,oritavancin,Enterobacterales
salmonella potsdam,pot,quinupristin/dalfopristin,Enterobacterales
salmonella potsdam,pot,teicoplanin,Enterobacterales
salmonella potsdam,pot,telavancin,Enterobacterales
salmonella potsdam,pot,vancomycin,Enterobacterales
salmonella reading,sre,clarithromycin,Enterobacterales
salmonella reading,sre,clindamycin,Enterobacterales
salmonella reading,sre,daptomycin,Enterobacterales
salmonella reading,sre,erythromycin,Enterobacterales
salmonella reading,sre,fusidic acid,Enterobacterales
salmonella reading,sre,linezolid,Enterobacterales
salmonella reading,sre,oritavancin,Enterobacterales
salmonella reading,sre,quinupristin/dalfopristin,Enterobacterales
salmonella reading,sre,teicoplanin,Enterobacterales
salmonella reading,sre,telavancin,Enterobacterales
salmonella reading,sre,vancomycin,Enterobacterales
salmonella rissen,sri,clarithromycin,Enterobacterales
salmonella rissen,sri,clindamycin,Enterobacterales
salmonella rissen,sri,daptomycin,Enterobacterales
salmonella rissen,sri,erythromycin,Enterobacterales
salmonella rissen,sri,fusidic acid,Enterobacterales
salmonella rissen,sri,linezolid,Enterobacterales
salmonella rissen,sri,oritavancin,Enterobacterales
salmonella rissen,sri,quinupristin/dalfopristin,Enterobacterales
salmonella rissen,sri,teicoplanin,Enterobacterales
salmonella rissen,sri,telavancin,Enterobacterales
salmonella rissen,sri,vancomycin,Enterobacterales
salmonella saintpaul,pau,clarithromycin,Enterobacterales
salmonella saintpaul,pau,clindamycin,Enterobacterales
salmonella saintpaul,pau,daptomycin,Enterobacterales
salmonella saintpaul,pau,erythromycin,Enterobacterales
salmonella saintpaul,pau,fusidic acid,Enterobacterales
salmonella saintpaul,pau,linezolid,Enterobacterales
salmonella saintpaul,pau,oritavancin,Enterobacterales
salmonella saintpaul,pau,quinupristin/dalfopristin,Enterobacterales
salmonella saintpaul,pau,teicoplanin,Enterobacterales
salmonella saintpaul,pau,telavancin,Enterobacterales
salmonella saintpaul,pau,vancomycin,Enterobacterales
salmonella sandiego,ssd,clarithromycin,Enterobacterales
salmonella sandiego,ssd,clindamycin,Enterobacterales
salmonella sandiego,ssd,daptomycin,Enterobacterales
salmonella sandiego,ssd,erythromycin,Enterobacterales
salmonella sandiego,ssd,fusidic acid,Enterobacterales
salmonella sandiego,ssd,linezolid,Enterobacterales
salmonella sandiego,ssd,oritavancin,Enterobacterales
salmonella sandiego,ssd,quinupristin/dalfopristin,Enterobacterales
salmonella sandiego,ssd,teicoplanin,Enterobacterales
salmonella sandiego,ssd,telavancin,Enterobacterales
salmonella sandiego,ssd,vancomycin,Enterobacterales
salmonella schottmuelleri (s. paratyphi b),sab,clarithromycin,Enterobacterales
salmonella schottmuelleri (s. paratyphi b),sab,clindamycin,Enterobacterales
salmonella schottmuelleri (s. paratyphi b),sab,daptomycin,Enterobacterales
salmonella schottmuelleri (s. paratyphi b),sab,erythromycin,Enterobacterales
salmonella schottmuelleri (s. paratyphi b),sab,fusidic acid,Enterobacterales
salmonella schottmuelleri (s. paratyphi b),sab,linezolid,Enterobacterales
salmonella schottmuelleri (s. paratyphi b),sab,oritavancin,Enterobacterales
salmonella schottmuelleri (s. paratyphi b),sab,quinupristin/dalfopristin,Enterobacterales
salmonella schottmuelleri (s. paratyphi b),sab,teicoplanin,Enterobacterales
salmonella schottmuelleri (s. paratyphi b),sab,telavancin,Enterobacterales
salmonella schottmuelleri (s. paratyphi b),sab,vancomycin,Enterobacterales
salmonella schwarzengrund,ssw,clarithromycin,Enterobacterales
salmonella schwarzengrund,ssw,clindamycin,Enterobacterales
salmonella schwarzengrund,ssw,daptomycin,Enterobacterales
salmonella schwarzengrund,ssw,erythromycin,Enterobacterales
salmonella schwarzengrund,ssw,fusidic acid,Enterobacterales
salmonella schwarzengrund,ssw,linezolid,Enterobacterales
salmonella schwarzengrund,ssw,oritavancin,Enterobacterales
salmonella schwarzengrund,ssw,quinupristin/dalfopristin,Enterobacterales
salmonella schwarzengrund,ssw,teicoplanin,Enterobacterales
salmonella schwarzengrund,ssw,telavancin,Enterobacterales
salmonella schwarzengrund,ssw,vancomycin,Enterobacterales
salmonella senftenberg,sse,clarithromycin,Enterobacterales
salmonella senftenberg,sse,clindamycin,Enterobacterales
salmonella senftenberg,sse,daptomycin,Enterobacterales
salmonella senftenberg,sse,erythromycin,Enterobacterales
salmonella senftenberg,sse,fusidic acid,Enterobacterales
salmonella senftenberg,sse,linezolid,Enterobacterales
salmonella senftenberg,sse,oritavancin,Enterobacterales
salmonella senftenberg,sse,quinupristin/dalfopristin,Enterobacterales
salmonella senftenberg,sse,teicoplanin,Enterobacterales
salmonella senftenberg,sse,telavancin,Enterobacterales
salmonella senftenberg,sse,vancomycin,Enterobacterales
salmonella sp.,sal,clarithromycin,Enterobacterales
salmonella sp.,sal,clindamycin,Enterobacterales
salmonella sp.,sal,daptomycin,Enterobacterales
salmonella sp.,sal,erythromycin,Enterobacterales
salmonella sp.,sal,fusidic acid,Enterobacterales
salmonella sp.,sal,linezolid,Enterobacterales
salmonella sp.,sal,oritavancin,Enterobacterales
salmonella sp.,sal,quinupristin/dalfopristin,Enterobacterales
salmonella sp.,sal,teicoplanin,Enterobacterales
salmonella sp.,sal,telavancin,Enterobacterales
salmonella sp.,sal,vancomycin,Enterobacterales
salmonella sp. (rough),sro,clarithromycin,Enterobacterales
salmonella sp. (rough),sro,clindamycin,Enterobacterales
salmonella sp. (rough),sro,daptomycin,Enterobacterales
salmonella sp. (rough),sro,erythromycin,Enterobacterales
salmonella sp. (rough),sro,fusidic acid,Enterobacterales
salmonella sp. (rough),sro,linezolid,Enterobacterales
salmonella sp. (rough),sro,oritavancin,Enterobacterales
salmonella sp. (rough),sro,quinupristin/dalfopristin,Enterobacterales
salmonella sp. (rough),sro,teicoplanin,Enterobacterales
salmonella sp. (rough),sro,telavancin,Enterobacterales
salmonella sp. (rough),sro,vancomycin,Enterobacterales
"salmonella sp., non-typhi",snt,clarithromycin,Enterobacterales
"salmonella sp., non-typhi",snt,clindamycin,Enterobacterales
"salmonella sp., non-typhi",snt,daptomycin,Enterobacterales
"salmonella sp., non-typhi",snt,erythromycin,Enterobacterales
"salmonella sp., non-typhi",snt,fusidic acid,Enterobacterales
"salmonella sp., non-typhi",snt,linezolid,Enterobacterales
"salmonella sp., non-typhi",snt,oritavancin,Enterobacterales
"salmonella sp., non-typhi",snt,quinupristin/dalfopristin,Enterobacterales
"salmonella sp., non-typhi",snt,teicoplanin,Enterobacterales
"salmonella sp., non-typhi",snt,telavancin,Enterobacterales
"salmonella sp., non-typhi",snt,vancomycin,Enterobacterales
"salmonella sp., non-typhi/non-paratyphi",xtp,clarithromycin,Enterobacterales
"salmonella sp., non-typhi/non-paratyphi",xtp,clindamycin,Enterobacterales
"salmonella sp., non-typhi/non-paratyphi",xtp,daptomycin,Enterobacterales
"salmonella sp., non-typhi/non-paratyphi",xtp,erythromycin,Enterobacterales
"salmonella sp., non-typhi/non-paratyphi",xtp,fusidic acid,Enterobacterales
"salmonella sp., non-typhi/non-paratyphi",xtp,linezolid,Enterobacterales
"salmonella sp., non-typhi/non-paratyphi",xtp,oritavancin,Enterobacterales
"salmonella sp., non-typhi/non-paratyphi",xtp,quinupristin/dalfopristin,Enterobacterales
"salmonella sp., non-typhi/non-paratyphi",xtp,teicoplanin,Enterobacterales
"salmonella sp., non-typhi/non-paratyphi",xtp,telavancin,Enterobacterales
"salmonella sp., non-typhi/non-paratyphi",xtp,vancomycin,Enterobacterales
"salmonella sp., non-typhoidal",xtp,clarithromycin,Enterobacterales
"salmonella sp., non-typhoidal",xtp,clindamycin,Enterobacterales
"salmonella sp., non-typhoidal",xtp,daptomycin,Enterobacterales
"salmonella sp., non-typhoidal",xtp,erythromycin,Enterobacterales
"salmonella sp., non-typhoidal",xtp,fusidic acid,Enterobacterales
"salmonella sp., non-typhoidal",xtp,linezolid,Enterobacterales
"salmonella sp., non-typhoidal",xtp,oritavancin,Enterobacterales
"salmonella sp., non-typhoidal",xtp,quinupristin/dalfopristin,Enterobacterales
"salmonella sp., non-typhoidal",xtp,teicoplanin,Enterobacterales
"salmonella sp., non-typhoidal",xtp,telavancin,Enterobacterales
"salmonella sp., non-typhoidal",xtp,vancomycin,Enterobacterales
"salmonella sp., nontypable",sno,clarithromycin,Enterobacterales
"salmonella sp., nontypable",sno,clindamycin,Enterobacterales
"salmonella sp., nontypable",sno,daptomycin,Enterobacterales
"salmonella sp., nontypable",sno,erythromycin,Enterobacterales
"salmonella sp., nontypable",sno,fusidic acid,Enterobacterales
"salmonella sp., nontypable",sno,linezolid,Enterobacterales
"salmonella sp., nontypable",sno,oritavancin,Enterobacterales
"salmonella sp., nontypable",sno,quinupristin/dalfopristin,Enterobacterales
"salmonella sp., nontypable",sno,teicoplanin,Enterobacterales
"salmonella sp., nontypable",sno,telavancin,Enterobacterales
"salmonella sp., nontypable",sno,vancomycin,Enterobacterales
"salmonella sp., typhoidal",sty,clarithromycin,Enterobacterales
"salmonella sp., typhoidal",sty,clindamycin,Enterobacterales
"salmonella sp., typhoidal",sty,daptomycin,Enterobacterales
"salmonella sp., typhoidal",sty,erythromycin,Enterobacterales
"salmonella sp., typhoidal",sty,fusidic acid,Enterobacterales
"salmonella sp., typhoidal",sty,linezolid,Enterobacterales
"salmonella sp., typhoidal",sty,oritavancin,Enterobacterales
"salmonella sp., typhoidal",sty,quinupristin/dalfopristin,Enterobacterales
"salmonella sp., typhoidal",sty,teicoplanin,Enterobacterales
"salmonella sp., typhoidal",sty,telavancin,Enterobacterales
"salmonella sp., typhoidal",sty,vancomycin,Enterobacterales
"salmonella sp., unnamed",sun,clarithromycin,Enterobacterales
"salmonella sp., unnamed",sun,clindamycin,Enterobacterales
"salmonella sp., unnamed",sun,daptomycin,Enterobacterales
"salmonella sp., unnamed",sun,erythromycin,Enterobacterales
"salmonella sp., unnamed",sun,fusidic acid,Enterobacterales
"salmonella sp., unnamed",sun,linezolid,Enterobacterales
"salmonella sp., unnamed",sun,oritavancin,Enterobacterales
"salmonella sp., unnamed",sun,quinupristin/dalfopristin,Enterobacterales
"salmonella sp., unnamed",sun,teicoplanin,Enterobacterales
"salmonella sp., unnamed",sun,telavancin,Enterobacterales
"salmonella sp., unnamed",sun,vancomycin,Enterobacterales
salmonella stanley,ssy,clarithromycin,Enterobacterales
salmonella stanley,ssy,clindamycin,Enterobacterales
salmonella stanley,ssy,daptomycin,Enterobacterales
salmonella stanley,ssy,erythromycin,Enterobacterales
salmonella stanley,ssy,fusidic acid,Enterobacterales
salmonella stanley,ssy,linezolid,Enterobacterales
salmonella stanley,ssy,oritavancin,Enterobacterales
salmonella stanley,ssy,quinupristin/dalfopristin,Enterobacterales
salmonella stanley,ssy,teicoplanin,Enterobacterales
salmonella stanley,ssy,telavancin,Enterobacterales
salmonella stanley,ssy,vancomycin,Enterobacterales
salmonella subgroup 1,sec,clarithromycin,Enterobacterales
salmonella subgroup 1,sec,clindamycin,Enterobacterales
salmonella subgroup 1,sec,daptomycin,Enterobacterales
salmonella subgroup 1,sec,erythromycin,Enterobacterales
salmonella subgroup 1,sec,fusidic acid,Enterobacterales
salmonella subgroup 1,sec,linezolid,Enterobacterales
salmonella subgroup 1,sec,oritavancin,Enterobacterales
salmonella subgroup 1,sec,quinupristin/dalfopristin,Enterobacterales
salmonella subgroup 1,sec,teicoplanin,Enterobacterales
salmonella subgroup 1,sec,telavancin,Enterobacterales
salmonella subgroup 1,sec,vancomycin,Enterobacterales
salmonella subgroup 2,ssl,clarithromycin,Enterobacterales
salmonella subgroup 2,ssl,clindamycin,Enterobacterales
salmonella subgroup 2,ssl,daptomycin,Enterobacterales
salmonella subgroup 2,ssl,erythromycin,Enterobacterales
salmonella subgroup 2,ssl,fusidic acid,Enterobacterales
salmonella subgroup 2,ssl,linezolid,Enterobacterales
salmonella subgroup 2,ssl,oritavancin,Enterobacterales
salmonella subgroup 2,ssl,quinupristin/dalfopristin,Enterobacterales
salmonella subgroup 2,ssl,teicoplanin,Enterobacterales
salmonella subgroup 2,ssl,telavancin,Enterobacterales
salmonella subgroup 2,ssl,vancomycin,Enterobacterales
salmonella subgroup 3a,ari,clarithromycin,Enterobacterales
salmonella subgroup 3a,ari,clindamycin,Enterobacterales
salmonella subgroup 3a,ari,daptomycin,Enterobacterales
salmonella subgroup 3a,ari,erythromycin,Enterobacterales
salmonella subgroup 3a,ari,fusidic acid,Enterobacterales
salmonella subgroup 3a,ari,linezolid,Enterobacterales
salmonella subgroup 3a,ari,oritavancin,Enterobacterales
salmonella subgroup 3a,ari,quinupristin/dalfopristin,Enterobacterales
salmonella subgroup 3a,ari,teicoplanin,Enterobacterales
salmonella subgroup 3a,ari,telavancin,Enterobacterales
salmonella subgroup 3a,ari,vancomycin,Enterobacterales
salmonella subgroup 3b,sdi,clarithromycin,Enterobacterales
salmonella subgroup 3b,sdi,clindamycin,Enterobacterales
salmonella subgroup 3b,sdi,daptomycin,Enterobacterales
salmonella subgroup 3b,sdi,erythromycin,Enterobacterales
salmonella subgroup 3b,sdi,fusidic acid,Enterobacterales
salmonella subgroup 3b,sdi,linezolid,Enterobacterales
salmonella subgroup 3b,sdi,oritavancin,Enterobacterales
salmonella subgroup 3b,sdi,quinupristin/dalfopristin,Enterobacterales
salmonella subgroup 3b,sdi,teicoplanin,Enterobacterales
salmonella subgroup 3b,sdi,telavancin,Enterobacterales
salmonella subgroup 3b,sdi,vancomycin,Enterobacterales
salmonella subgroup 4,sht,clarithromycin,Enterobacterales
salmonella subgroup 4,sht,clindamycin,Enterobacterales
salmonella subgroup 4,sht,daptomycin,Enterobacterales
salmonella subgroup 4,sht,erythromycin,Enterobacterales
salmonella subgroup 4,sht,fusidic acid,Enterobacterales
salmonella subgroup 4,sht,linezolid,Enterobacterales
salmonella subgroup 4,sht,oritavancin,Enterobacterales
salmonella subgroup 4,sht,quinupristin/dalfopristin,Enterobacterales
salmonella subgroup 4,sht,teicoplanin,Enterobacterales
salmonella subgroup 4,sht,telavancin,Enterobacterales
salmonella subgroup 4,sht,vancomycin,Enterobacterales
salmonella subgroup 5,sbg,clarithromycin,Enterobacterales
salmonella subgroup 5,sbg,clindamycin,Enterobacterales
salmonella subgroup 5,sbg,daptomycin,Enterobacterales
salmonella subgroup 5,sbg,erythromycin,Enterobacterales
salmonella subgroup 5,sbg,fusidic acid,Enterobacterales
salmonella subgroup 5,sbg,linezolid,Enterobacterales
salmonella subgroup 5,sbg,oritavancin,Enterobacterales
salmonella subgroup 5,sbg,quinupristin/dalfopristin,Enterobacterales
salmonella subgroup 5,sbg,teicoplanin,Enterobacterales
salmonella subgroup 5,sbg,telavancin,Enterobacterales
salmonella subgroup 5,sbg,vancomycin,Enterobacterales
salmonella subgroup 6,sii,clarithromycin,Enterobacterales
salmonella subgroup 6,sii,clindamycin,Enterobacterales
salmonella subgroup 6,sii,daptomycin,Enterobacterales
salmonella subgroup 6,sii,erythromycin,Enterobacterales
salmonella subgroup 6,sii,fusidic acid,Enterobacterales
salmonella subgroup 6,sii,linezolid,Enterobacterales
salmonella subgroup 6,sii,oritavancin,Enterobacterales
salmonella subgroup 6,sii,quinupristin/dalfopristin,Enterobacterales
salmonella subgroup 6,sii,teicoplanin,Enterobacterales
salmonella subgroup 6,sii,telavancin,Enterobacterales
salmonella subgroup 6,sii,vancomycin,Enterobacterales
salmonella subterranea,sbt,clarithromycin,Enterobacterales
salmonella subterranea,sbt,clindamycin,Enterobacterales
salmonella subterranea,sbt,daptomycin,Enterobacterales
salmonella subterranea,sbt,erythromycin,Enterobacterales
salmonella subterranea,sbt,fusidic acid,Enterobacterales
salmonella subterranea,sbt,linezolid,Enterobacterales
salmonella subterranea,sbt,oritavancin,Enterobacterales
salmonella subterranea,sbt,quinupristin/dalfopristin,Enterobacterales
salmonella subterranea,sbt,teicoplanin,Enterobacterales
salmonella subterranea,sbt,telavancin,Enterobacterales
salmonella subterranea,sbt,vancomycin,Enterobacterales
salmonella tennessee,tns,clarithromycin,Enterobacterales
salmonella tennessee,tns,clindamycin,Enterobacterales
salmonella tennessee,tns,daptomycin,Enterobacterales
salmonella tennessee,tns,erythromycin,Enterobacterales
salmonella tennessee,tns,fusidic acid,Enterobacterales
salmonella tennessee,tns,linezolid,Enterobacterales
salmonella tennessee,tns,oritavancin,Enterobacterales
salmonella tennessee,tns,quinupristin/dalfopristin,Enterobacterales
salmonella tennessee,tns,teicoplanin,Enterobacterales
salmonella tennessee,tns,telavancin,Enterobacterales
salmonella tennessee,tns,vancomycin,Enterobacterales
salmonella thompson,thm,clarithromycin,Enterobacterales
salmonella thompson,thm,clindamycin,Enterobacterales
salmonella thompson,thm,daptomycin,Enterobacterales
salmonella thompson,thm,erythromycin,Enterobacterales
salmonella thompson,thm,fusidic acid,Enterobacterales
salmonella thompson,thm,linezolid,Enterobacterales
salmonella thompson,thm,oritavancin,Enterobacterales
salmonella thompson,thm,quinupristin/dalfopristin,Enterobacterales
salmonella thompson,thm,teicoplanin,Enterobacterales
salmonella thompson,thm,telavancin,Enterobacterales
salmonella thompson,thm,vancomycin,Enterobacterales
salmonella typhi,sat,clarithromycin,Enterobacterales
salmonella typhi,sat,clindamycin,Enterobacterales
salmonella typhi,sat,daptomycin,Enterobacterales
salmonella typhi,sat,erythromycin,Enterobacterales
salmonella typhi,sat,fusidic acid,Enterobacterales
salmonella typhi,sat,linezolid,Enterobacterales
salmonella typhi,sat,oritavancin,Enterobacterales
salmonella typhi,sat,quinupristin/dalfopristin,Enterobacterales
salmonella typhi,sat,teicoplanin,Enterobacterales
salmonella typhi,sat,telavancin,Enterobacterales
salmonella typhi,sat,vancomycin,Enterobacterales
salmonella typhimurium,sam,clarithromycin,Enterobacterales
salmonella typhimurium,sam,clindamycin,Enterobacterales
salmonella typhimurium,sam,daptomycin,Enterobacterales
salmonella typhimurium,sam,erythromycin,Enterobacterales
salmonella typhimurium,sam,fusidic acid,Enterobacterales
salmonella typhimurium,sam,linezolid,Enterobacterales
salmonella typhimurium,sam,oritavancin,Enterobacterales
salmonella typhimurium,sam,quinupristin/dalfopristin,Enterobacterales
salmonella typhimurium,sam,teicoplanin,Enterobacterales
salmonella typhimurium,sam,telavancin,Enterobacterales
salmonella typhimurium,sam,vancomycin,Enterobacterales
salmonella typhimurium dt 104,104,clarithromycin,Enterobacterales
salmonella typhimurium dt 104,104,clindamycin,Enterobacterales
salmonella typhimurium dt 104,104,daptomycin,Enterobacterales
salmonella typhimurium dt 104,104,erythromycin,Enterobacterales
salmonella typhimurium dt 104,104,fusidic acid,Enterobacterales
salmonella typhimurium dt 104,104,linezolid,Enterobacterales
salmonella typhimurium dt 104,104,oritavancin,Enterobacterales
salmonella typhimurium dt 104,104,quinupristin/dalfopristin,Enterobacterales
salmonella typhimurium dt 104,104,teicoplanin,Enterobacterales
salmonella typhimurium dt 104,104,telavancin,Enterobacterales
salmonella typhimurium dt 104,104,vancomycin,Enterobacterales
salmonella typhimurium var. copenhagen,svc,clarithromycin,Enterobacterales
salmonella typhimurium var. copenhagen,svc,clindamycin,Enterobacterales
salmonella typhimurium var. copenhagen,svc,daptomycin,Enterobacterales
salmonella typhimurium var. copenhagen,svc,erythromycin,Enterobacterales
salmonella typhimurium var. copenhagen,svc,fusidic acid,Enterobacterales
salmonella typhimurium var. copenhagen,svc,linezolid,Enterobacterales
salmonella typhimurium var. copenhagen,svc,oritavancin,Enterobacterales
salmonella typhimurium var. copenhagen,svc,quinupristin/dalfopristin,Enterobacterales
salmonella typhimurium var. copenhagen,svc,teicoplanin,Enterobacterales
salmonella typhimurium var. copenhagen,svc,telavancin,Enterobacterales
salmonella typhimurium var. copenhagen,svc,vancomycin,Enterobacterales
salmonella typhisuis,sts,clarithromycin,Enterobacterales
salmonella typhisuis,sts,clindamycin,Enterobacterales
salmonella typhisuis,sts,daptomycin,Enterobacterales
salmonella typhisuis,sts,erythromycin,Enterobacterales
salmonella typhisuis,sts,fusidic acid,Enterobacterales
salmonella typhisuis,sts,linezolid,Enterobacterales
salmonella typhisuis,sts,oritavancin,Enterobacterales
salmonella typhisuis,sts,quinupristin/dalfopristin,Enterobacterales
salmonella typhisuis,sts,teicoplanin,Enterobacterales
salmonella typhisuis,sts,telavancin,Enterobacterales
salmonella typhisuis,sts,vancomycin,Enterobacterales
salmonella virchow,svr,clarithromycin,Enterobacterales
salmonella virchow,svr,clindamycin,Enterobacterales
salmonella virchow,svr,daptomycin,Enterobacterales
salmonella virchow,svr,erythromycin,Enterobacterales
salmonella virchow,svr,fusidic acid,Enterobacterales
salmonella virchow,svr,linezolid,Enterobacterales
salmonella virchow,svr,oritavancin,Enterobacterales
salmonella virchow,svr,quinupristin/dalfopristin,Enterobacterales
salmonella virchow,svr,teicoplanin,Enterobacterales
salmonella virchow,svr,telavancin,Enterobacterales
salmonella virchow,svr,vancomycin,Enterobacterales
salmonella virginia,svg,clarithromycin,Enterobacterales
salmonella virginia,svg,clindamycin,Enterobacterales
salmonella virginia,svg,daptomycin,Enterobacterales
salmonella virginia,svg,erythromycin,Enterobacterales
salmonella virginia,svg,fusidic acid,Enterobacterales
salmonella virginia,svg,linezolid,Enterobacterales
salmonella virginia,svg,oritavancin,Enterobacterales
salmonella virginia,svg,quinupristin/dalfopristin,Enterobacterales
salmonella virginia,svg,teicoplanin,Enterobacterales
salmonella virginia,svg,telavancin,Enterobacterales
salmonella virginia,svg,vancomycin,Enterobacterales
salmonella wandsworth,swd,clarithromycin,Enterobacterales
salmonella wandsworth,swd,clindamycin,Enterobacterales
salmonella wandsworth,swd,daptomycin,Enterobacterales
salmonella wandsworth,swd,erythromycin,Enterobacterales
salmonella wandsworth,swd,fusidic acid,Enterobacterales
salmonella wandsworth,swd,linezolid,Enterobacterales
salmonella wandsworth,swd,oritavancin,Enterobacterales
salmonella wandsworth,swd,quinupristin/dalfopristin,Enterobacterales
salmonella wandsworth,swd,teicoplanin,Enterobacterales
salmonella wandsworth,swd,telavancin,Enterobacterales
salmonella wandsworth,swd,vancomycin,Enterobacterales
salmonella weltevreden,swe,clarithromycin,Enterobacterales
salmonella weltevreden,swe,clindamycin,Enterobacterales
salmonella weltevreden,swe,daptomycin,Enterobacterales
salmonella weltevreden,swe,erythromycin,Enterobacterales
salmonella weltevreden,swe,fusidic acid,Enterobacterales
salmonella weltevreden,swe,linezolid,Enterobacterales
salmonella weltevreden,swe,oritavancin,Enterobacterales
salmonella weltevreden,swe,quinupristin/dalfopristin,Enterobacterales
salmonella weltevreden,swe,teicoplanin,Enterobacterales
salmonella weltevreden,swe,telavancin,Enterobacterales
salmonella weltevreden,swe,vancomycin,Enterobacterales
salmonella weybridge,swy,clarithromycin,Enterobacterales
salmonella weybridge,swy,clindamycin,Enterobacterales
salmonella weybridge,swy,daptomycin,Enterobacterales
salmonella weybridge,swy,erythromycin,Enterobacterales
salmonella weybridge,swy,fusidic acid,Enterobacterales
salmonella weybridge,swy,linezolid,Enterobacterales
salmonella weybridge,swy,oritavancin,Enterobacterales
salmonella weybridge,swy,quinupristin/dalfopristin,Enterobacterales
salmonella weybridge,swy,teicoplanin,Enterobacterales
salmonella weybridge,swy,telavancin,Enterobacterales
salmonella weybridge,swy,vancomycin,Enterobacterales
salmonella worthington,swo,clarithromycin,Enterobacterales
salmonella worthington,swo,clindamycin,Enterobacterales
salmonella worthington,swo,daptomycin,Enterobacterales
salmonella worthington,swo,erythromycin,Enterobacterales
salmonella worthington,swo,fusidic acid,Enterobacterales
salmonella worthington,swo,linezolid,Enterobacterales
salmonella worthington,swo,oritavancin,Enterobacterales
salmonella worthington,swo,quinupristin/dalfopristin,Enterobacterales
salmonella worthington,swo,teicoplanin,Enterobacterales
salmonella worthington,swo,telavancin,Enterobacterales
salmonella worthington,swo,vancomycin,Enterobacterales
serratia entomophila,sem,azithromycin,Enterobacterales
serratia entomophila,sem,clarithromycin,Enterobacterales
serratia entomophila,sem,clindamycin,Enterobacterales
serratia entomophila,sem,daptomycin,Enterobacterales
serratia entomophila,sem,erythromycin,Enterobacterales
serratia entomophila,sem,fusidic acid,Enterobacterales
serratia entomophila,sem,linezolid,Enterobacterales
serratia entomophila,sem,oritavancin,Enterobacterales
serratia entomophila,sem,quinupristin/dalfopristin,Enterobacterales
serratia entomophila,sem,teicoplanin,Enterobacterales
serratia entomophila,sem,telavancin,Enterobacterales
serratia entomophila,sem,vancomycin,Enterobacterales
serratia ficaria,sfi,azithromycin,Enterobacterales
serratia ficaria,sfi,clarithromycin,Enterobacterales
serratia ficaria,sfi,clindamycin,Enterobacterales
serratia ficaria,sfi,daptomycin,Enterobacterales
serratia ficaria,sfi,erythromycin,Enterobacterales
serratia ficaria,sfi,fusidic acid,Enterobacterales
serratia ficaria,sfi,linezolid,Enterobacterales
serratia ficaria,sfi,oritavancin,Enterobacterales
serratia ficaria,sfi,quinupristin/dalfopristin,Enterobacterales
serratia ficaria,sfi,teicoplanin,Enterobacterales
serratia ficaria,sfi,telavancin,Enterobacterales
serratia ficaria,sfi,vancomycin,Enterobacterales
serratia fonticola,sfo,azithromycin,Enterobacterales
serratia fonticola,sfo,clarithromycin,Enterobacterales
serratia fonticola,sfo,clindamycin,Enterobacterales
serratia fonticola,sfo,daptomycin,Enterobacterales
serratia fonticola,sfo,erythromycin,Enterobacterales
serratia fonticola,sfo,fusidic acid,Enterobacterales
serratia fonticola,sfo,linezolid,Enterobacterales
serratia fonticola,sfo,oritavancin,Enterobacterales
serratia fonticola,sfo,quinupristin/dalfopristin,Enterobacterales
serratia fonticola,sfo,teicoplanin,Enterobacterales
serratia fonticola,sfo,telavancin,Enterobacterales
serratia fonticola,sfo,vancomycin,Enterobacterales
serratia grimesii,sgr,azithromycin,Enterobacterales
serratia grimesii,sgr,clarithromycin,Enterobacterales
serratia grimesii,sgr,clindamycin,Enterobacterales
serratia grimesii,sgr,daptomycin,Enterobacterales
serratia grimesii,sgr,erythromycin,Enterobacterales
serratia grimesii,sgr,fusidic acid,Enterobacterales
serratia grimesii,sgr,linezolid,Enterobacterales
serratia grimesii,sgr,oritavancin,Enterobacterales
serratia grimesii,sgr,quinupristin/dalfopristin,Enterobacterales
serratia grimesii,sgr,teicoplanin,Enterobacterales
serratia grimesii,sgr,telavancin,Enterobacterales
serratia grimesii,sgr,vancomycin,Enterobacterales
serratia liquefaciens,slq,azithromycin,Enterobacterales
serratia liquefaciens,slq,clarithromycin,Enterobacterales
serratia liquefaciens,slq,clindamycin,Enterobacterales
serratia liquefaciens,slq,daptomycin,Enterobacterales
serratia liquefaciens,slq,erythromycin,Enterobacterales
serratia liquefaciens,slq,fusidic acid,Enterobacterales
serratia liquefaciens,slq,linezolid,Enterobacterales
serratia liquefaciens,slq,oritavancin,Enterobacterales
serratia liquefaciens,slq,quinupristin/dalfopristin,Enterobacterales
serratia liquefaciens,slq,teicoplanin,Enterobacterales
serratia liquefaciens,slq,telavancin,Enterobacterales
serratia liquefaciens,slq,vancomycin,Enterobacterales
serratia marcescens,sma,amoxicillin/clavulanic acid,Enterobacterales
serratia marcescens,sma,ampicillin,Enterobacterales
serratia marcescens,sma,ampicillin/sulbactam,Enterobacterales
serratia marcescens,sma,azithromycin,Enterobacterales
serratia marcescens,sma,cefazolin,Enterobacterales
serratia marcescens,sma,cefotetan,Enterobacterales
serratia marcescens,sma,cefoxitin,Enterobacterales
serratia marcescens,sma,cefuroxime,Enterobacterales
serratia marcescens,sma,cephalothin,Enterobacterales
serratia marcescens,sma,clarithromycin,Enterobacterales
serratia marcescens,sma,clindamycin,Enterobacterales
serratia marcescens,sma,colistin,Enterobacterales
serratia marcescens,sma,daptomycin,Enterobacterales
serratia marcescens,sma,erythromycin,Enterobacterales
serratia marcescens,sma,fusidic acid,Enterobacterales
serratia marcescens,sma,linezolid,Enterobacterales
serratia marcescens,sma,nitrofurantoin,Enterobacterales
serratia marcescens,sma,oritavancin,Enterobacterales
serratia marcescens,sma,polymyxin b,Enterobacterales
serratia marcescens,sma,quinupristin/dalfopristin,Enterobacterales
serratia marcescens,sma,teicoplanin,Enterobacterales
serratia marcescens,sma,telavancin,Enterobacterales
serratia marcescens,sma,vancomycin,Enterobacterales
serratia odorifera,sod,azithromycin,Enterobacterales
serratia odorifera,sod,clarithromycin,Enterobacterales
serratia odorifera,sod,clindamycin,Enterobacterales
serratia odorifera,sod,daptomycin,Enterobacterales
serratia odorifera,sod,erythromycin,Enterobacterales
serratia odorifera,sod,fusidic acid,Enterobacterales
serratia odorifera,sod,linezolid,Enterobacterales
serratia odorifera,sod,oritavancin,Enterobacterales
serratia odorifera,sod,quinupristin/dalfopristin,Enterobacterales
serratia odorifera,sod,teicoplanin,Enterobacterales
serratia odorifera,sod,telavancin,Enterobacterales
serratia odorifera,sod,vancomycin,Enterobacterales
serratia odorifera 1,so1,azithromycin,Enterobacterales
serratia odorifera 1,so1,clarithromycin,Enterobacterales
serratia odorifera 1,so1,clindamycin,Enterobacterales
serratia odorifera 1,so1,daptomycin,Enterobacterales
serratia odorifera 1,so1,erythromycin,Enterobacterales
serratia odorifera 1,so1,fusidic acid,Enterobacterales
serratia odorifera 1,so1,linezolid,Enterobacterales
serratia odorifera 1,so1,oritavancin,Enterobacterales
serratia odorifera 1,so1,quinupristin/dalfopristin,Enterobacterales
serratia odorifera 1,so1,teicoplanin,Enterobacterales
serratia odorifera 1,so1,telavancin,Enterobacterales
serratia odorifera 1,so1,vancomycin,Enterobacterales
serratia odorifera 2,so2,azithromycin,Enterobacterales
serratia odorifera 2,so2,clarithromycin,Enterobacterales
serratia odorifera 2,so2,clindamycin,Enterobacterales
serratia odorifera 2,so2,daptomycin,Enterobacterales
serratia odorifera 2,so2,erythromycin,Enterobacterales
serratia odorifera 2,so2,fusidic acid,Enterobacterales
serratia odorifera 2,so2,linezolid,Enterobacterales
serratia odorifera 2,so2,oritavancin,Enterobacterales
serratia odorifera 2,so2,quinupristin/dalfopristin,Enterobacterales
serratia odorifera 2,so2,teicoplanin,Enterobacterales
serratia odorifera 2,so2,telavancin,Enterobacterales
serratia odorifera 2,so2,vancomycin,Enterobacterales
serratia plymuthica,spl,azithromycin,Enterobacterales
serratia plymuthica,spl,clarithromycin,Enterobacterales
serratia plymuthica,spl,clindamycin,Enterobacterales
serratia plymuthica,spl,daptomycin,Enterobacterales
serratia plymuthica,spl,erythromycin,Enterobacterales
serratia plymuthica,spl,fusidic acid,Enterobacterales
serratia plymuthica,spl,linezolid,Enterobacterales
serratia plymuthica,spl,oritavancin,Enterobacterales
serratia plymuthica,spl,quinupristin/dalfopristin,Enterobacterales
serratia plymuthica,spl,teicoplanin,Enterobacterales
serratia plymuthica,spl,telavancin,Enterobacterales
serratia plymuthica,spl,vancomycin,Enterobacterales
serratia proteamaculans,spc,azithromycin,Enterobacterales
serratia proteamaculans,spc,clarithromycin,Enterobacterales
serratia proteamaculans,spc,clindamycin,Enterobacterales
serratia proteamaculans,spc,daptomycin,Enterobacterales
serratia proteamaculans,spc,erythromycin,Enterobacterales
serratia proteamaculans,spc,fusidic acid,Enterobacterales
serratia proteamaculans,spc,linezolid,Enterobacterales
serratia proteamaculans,spc,oritavancin,Enterobacterales
serratia proteamaculans,spc,quinupristin/dalfopristin,Enterobacterales
serratia proteamaculans,spc,teicoplanin,Enterobacterales
serratia proteamaculans,spc,telavancin,Enterobacterales
serratia proteamaculans,spc,vancomycin,Enterobacterales
serratia proteamaculans ss. proteamaculans,spc,azithromycin,Enterobacterales
serratia proteamaculans ss. proteamaculans,spc,clarithromycin,Enterobacterales
serratia proteamaculans ss. proteamaculans,spc,clindamycin,Enterobacterales
serratia proteamaculans ss. proteamaculans,spc,daptomycin,Enterobacterales
serratia proteamaculans ss. proteamaculans,spc,erythromycin,Enterobacterales
serratia proteamaculans ss. proteamaculans,spc,fusidic acid,Enterobacterales
serratia proteamaculans ss. proteamaculans,spc,linezolid,Enterobacterales
serratia proteamaculans ss. proteamaculans,spc,oritavancin,Enterobacterales
serratia proteamaculans ss. proteamaculans,spc,quinupristin/dalfopristin,Enterobacterales
serratia proteamaculans ss. proteamaculans,spc,teicoplanin,Enterobacterales
serratia proteamaculans ss. proteamaculans,spc,telavancin,Enterobacterales
serratia proteamaculans ss. proteamaculans,spc,vancomycin,Enterobacterales
serratia proteamaculans ss. quinovora,sqv,azithromycin,Enterobacterales
serratia proteamaculans ss. quinovora,sqv,clarithromycin,Enterobacterales
serratia proteamaculans ss. quinovora,sqv,clindamycin,Enterobacterales
serratia proteamaculans ss. quinovora,sqv,daptomycin,Enterobacterales
serratia proteamaculans ss. quinovora,sqv,erythromycin,Enterobacterales
serratia proteamaculans ss. quinovora,sqv,fusidic acid,Enterobacterales
serratia proteamaculans ss. quinovora,sqv,linezolid,Enterobacterales
serratia proteamaculans ss. quinovora,sqv,oritavancin,Enterobacterales
serratia proteamaculans ss. quinovora,sqv,quinupristin/dalfopristin,Enterobacterales
serratia proteamaculans ss. quinovora,sqv,teicoplanin,Enterobacterales
serratia proteamaculans ss. quinovora,sqv,telavancin,Enterobacterales
serratia proteamaculans ss. quinovora,sqv,vancomycin,Enterobacterales
serratia quinivorans,sqv,azithromycin,Enterobacterales
serratia quinivorans,sqv,clarithromycin,Enterobacterales
serratia quinivorans,sqv,clindamycin,Enterobacterales
serratia quinivorans,sqv,daptomycin,Enterobacterales
serratia quinivorans,sqv,erythromycin,Enterobacterales
serratia quinivorans,sqv,fusidic acid,Enterobacterales
serratia quinivorans,sqv,linezolid,Enterobacterales
serratia quinivorans,sqv,oritavancin,Enterobacterales
serratia quinivorans,sqv,quinupristin/dalfopristin,Enterobacterales
serratia quinivorans,sqv,teicoplanin,Enterobacterales
serratia quinivorans,sqv,telavancin,Enterobacterales
serratia quinivorans,sqv,vancomycin,Enterobacterales
serratia rubidaea,sru,azithromycin,Enterobacterales
serratia rubidaea,sru,clarithromycin,Enterobacterales
serratia rubidaea,sru,clindamycin,Enterobacterales
serratia rubidaea,sru,daptomycin,Enterobacterales
serratia rubidaea,sru,erythromycin,Enterobacterales
serratia rubidaea,sru,fusidic acid,Enterobacterales
serratia rubidaea,sru,linezolid,Enterobacterales
serratia rubidaea,sru,oritavancin,Enterobacterales
serratia rubidaea,sru,quinupristin/dalfopristin,Enterobacterales
serratia rubidaea,sru,teicoplanin,Enterobacterales
serratia rubidaea,sru,telavancin,Enterobacterales
serratia rubidaea,sru,vancomycin,Enterobacterales
serratia sp.,se-,azithromycin,Enterobacterales
serratia sp.,se-,clarithromycin,Enterobacterales
serratia sp.,se-,clindamycin,Enterobacterales
serratia sp.,se-,daptomycin,Enterobacterales
serratia sp.,se-,erythromycin,Enterobacterales
serratia sp.,se-,fusidic acid,Enterobacterales
serratia sp.,se-,linezolid,Enterobacterales
serratia sp.,se-,oritavancin,Enterobacterales
serratia sp.,se-,quinupristin/dalfopristin,Enterobacterales
serratia sp.,se-,teicoplanin,Enterobacterales
serratia sp.,se-,telavancin,Enterobacterales
serratia sp.,se-,vancomycin,Enterobacterales
shigella boydii,shc,clarithromycin,Enterobacterales
shigella boydii,shc,clindamycin,Enterobacterales
shigella boydii,shc,daptomycin,Enterobacterales
shigella boydii,shc,erythromycin,Enterobacterales
shigella boydii,shc,fusidic acid,Enterobacterales
shigella boydii,shc,linezolid,Enterobacterales
shigella boydii,shc,oritavancin,Enterobacterales
shigella boydii,shc,quinupristin/dalfopristin,Enterobacterales
shigella boydii,shc,teicoplanin,Enterobacterales
shigella boydii,shc,telavancin,Enterobacterales
shigella boydii,shc,vancomycin,Enterobacterales
shigella boydii serotype 1,b01,clarithromycin,Enterobacterales
shigella boydii serotype 1,b01,clindamycin,Enterobacterales
shigella boydii serotype 1,b01,daptomycin,Enterobacterales
shigella boydii serotype 1,b01,erythromycin,Enterobacterales
shigella boydii serotype 1,b01,fusidic acid,Enterobacterales
shigella boydii serotype 1,b01,linezolid,Enterobacterales
shigella boydii serotype 1,b01,oritavancin,Enterobacterales
shigella boydii serotype 1,b01,quinupristin/dalfopristin,Enterobacterales
shigella boydii serotype 1,b01,teicoplanin,Enterobacterales
shigella boydii serotype 1,b01,telavancin,Enterobacterales
shigella boydii serotype 1,b01,vancomycin,Enterobacterales
shigella boydii serotype 10,b10,clarithromycin,Enterobacterales
shigella boydii serotype 10,b10,clindamycin,Enterobacterales
shigella boydii serotype 10,b10,daptomycin,Enterobacterales
shigella boydii serotype 10,b10,erythromycin,Enterobacterales
shigella boydii serotype 10,b10,fusidic acid,Enterobacterales
shigella boydii serotype 10,b10,linezolid,Enterobacterales
shigella boydii serotype 10,b10,oritavancin,Enterobacterales
shigella boydii serotype 10,b10,quinupristin/dalfopristin,Enterobacterales
shigella boydii serotype 10,b10,teicoplanin,Enterobacterales
shigella boydii serotype 10,b10,telavancin,Enterobacterales
shigella boydii serotype 10,b10,vancomycin,Enterobacterales
shigella boydii serotype 11,b11,clarithromycin,Enterobacterales
shigella boydii serotype 11,b11,clindamycin,Enterobacterales
shigella boydii serotype 11,b11,daptomycin,Enterobacterales
shigella boydii serotype 11,b11,erythromycin,Enterobacterales
shigella boydii serotype 11,b11,fusidic acid,Enterobacterales
shigella boydii serotype 11,b11,linezolid,Enterobacterales
shigella boydii serotype 11,b11,oritavancin,Enterobacterales
shigella boydii serotype 11,b11,quinupristin/dalfopristin,Enterobacterales
shigella boydii serotype 11,b11,teicoplanin,Enterobacterales
shigella boydii serotype 11,b11,telavancin,Enterobacterales
shigella boydii serotype 11,b11,vancomycin,Enterobacterales
shigella boydii serotype 12,b12,clarithromycin,Enterobacterales
shigella boydii serotype 12,b12,clindamycin,Enterobacterales
shigella boydii serotype 12,b12,daptomycin,Enterobacterales
shigella boydii serotype 12,b12,erythromycin,Enterobacterales
shigella boydii serotype 12,b12,fusidic acid,Enterobacterales
shigella boydii serotype 12,b12,linezolid,Enterobacterales
shigella boydii serotype 12,b12,oritavancin,Enterobacterales
shigella boydii serotype 12,b12,quinupristin/dalfopristin,Enterobacterales
shigella boydii serotype 12,b12,teicoplanin,Enterobacterales
shigella boydii serotype 12,b12,telavancin,Enterobacterales
shigella boydii serotype 12,b12,vancomycin,Enterobacterales
shigella boydii serotype 13,b13,clarithromycin,Enterobacterales
shigella boydii serotype 13,b13,clindamycin,Enterobacterales
shigella boydii serotype 13,b13,daptomycin,Enterobacterales
shigella boydii serotype 13,b13,erythromycin,Enterobacterales
shigella boydii serotype 13,b13,fusidic acid,Enterobacterales
shigella boydii serotype 13,b13,linezolid,Enterobacterales
shigella boydii serotype 13,b13,oritavancin,Enterobacterales
shigella boydii serotype 13,b13,quinupristin/dalfopristin,Enterobacterales
shigella boydii serotype 13,b13,teicoplanin,Enterobacterales
shigella boydii serotype 13,b13,telavancin,Enterobacterales
shigella boydii serotype 13,b13,vancomycin,Enterobacterales
shigella boydii serotype 14,b14,clarithromycin,Enterobacterales
shigella boydii serotype 14,b14,clindamycin,Enterobacterales
shigella boydii serotype 14,b14,daptomycin,Enterobacterales
shigella boydii serotype 14,b14,erythromycin,Enterobacterales
shigella boydii serotype 14,b14,fusidic acid,Enterobacterales
shigella boydii serotype 14,b14,linezolid,Enterobacterales
shigella boydii serotype 14,b14,oritavancin,Enterobacterales
shigella boydii serotype 14,b14,quinupristin/dalfopristin,Enterobacterales
shigella boydii serotype 14,b14,teicoplanin,Enterobacterales
shigella boydii serotype 14,b14,telavancin,Enterobacterales
shigella boydii serotype 14,b14,vancomycin,Enterobacterales
shigella boydii serotype 15,b15,clarithromycin,Enterobacterales
shigella boydii serotype 15,b15,clindamycin,Enterobacterales
shigella boydii serotype 15,b15,daptomycin,Enterobacterales
shigella boydii serotype 15,b15,erythromycin,Enterobacterales
shigella boydii serotype 15,b15,fusidic acid,Enterobacterales
shigella boydii serotype 15,b15,linezolid,Enterobacterales
shigella boydii serotype 15,b15,oritavancin,Enterobacterales
shigella boydii serotype 15,b15,quinupristin/dalfopristin,Enterobacterales
shigella boydii serotype 15,b15,teicoplanin,Enterobacterales
shigella boydii serotype 15,b15,telavancin,Enterobacterales
shigella boydii serotype 15,b15,vancomycin,Enterobacterales
shigella boydii serotype 16,b16,clarithromycin,Enterobacterales
shigella boydii serotype 16,b16,clindamycin,Enterobacterales
shigella boydii serotype 16,b16,daptomycin,Enterobacterales
shigella boydii serotype 16,b16,erythromycin,Enterobacterales
shigella boydii serotype 16,b16,fusidic acid,Enterobacterales
shigella boydii serotype 16,b16,linezolid,Enterobacterales
shigella boydii serotype 16,b16,oritavancin,Enterobacterales
shigella boydii serotype 16,b16,quinupristin/dalfopristin,Enterobacterales
shigella boydii serotype 16,b16,teicoplanin,Enterobacterales
shigella boydii serotype 16,b16,telavancin,Enterobacterales
shigella boydii serotype 16,b16,vancomycin,Enterobacterales
shigella boydii serotype 17,b17,clarithromycin,Enterobacterales
shigella boydii serotype 17,b17,clindamycin,Enterobacterales
shigella boydii serotype 17,b17,daptomycin,Enterobacterales
shigella boydii serotype 17,b17,erythromycin,Enterobacterales
shigella boydii serotype 17,b17,fusidic acid,Enterobacterales
shigella boydii serotype 17,b17,linezolid,Enterobacterales
shigella boydii serotype 17,b17,oritavancin,Enterobacterales
shigella boydii serotype 17,b17,quinupristin/dalfopristin,Enterobacterales
shigella boydii serotype 17,b17,teicoplanin,Enterobacterales
shigella boydii serotype 17,b17,telavancin,Enterobacterales
shigella boydii serotype 17,b17,vancomycin,Enterobacterales
shigella boydii serotype 18,b18,clarithromycin,Enterobacterales
shigella boydii serotype 18,b18,clindamycin,Enterobacterales
shigella boydii serotype 18,b18,daptomycin,Enterobacterales
shigella boydii serotype 18,b18,erythromycin,Enterobacterales
shigella boydii serotype 18,b18,fusidic acid,Enterobacterales
shigella boydii serotype 18,b18,linezolid,Enterobacterales
shigella boydii serotype 18,b18,oritavancin,Enterobacterales
shigella boydii serotype 18,b18,quinupristin/dalfopristin,Enterobacterales
shigella boydii serotype 18,b18,teicoplanin,Enterobacterales
shigella boydii serotype 18,b18,telavancin,Enterobacterales
shigella boydii serotype 18,b18,vancomycin,Enterobacterales
shigella boydii serotype 2,b02,clarithromycin,Enterobacterales
shigella boydii serotype 2,b02,clindamycin,Enterobacterales
shigella boydii serotype 2,b02,daptomycin,Enterobacterales
shigella boydii serotype 2,b02,erythromycin,Enterobacterales
shigella boydii serotype 2,b02,fusidic acid,Enterobacterales
shigella boydii serotype 2,b02,linezolid,Enterobacterales
shigella boydii serotype 2,b02,oritavancin,Enterobacterales
shigella boydii serotype 2,b02,quinupristin/dalfopristin,Enterobacterales
shigella boydii serotype 2,b02,teicoplanin,Enterobacterales
shigella boydii serotype 2,b02,telavancin,Enterobacterales
shigella boydii serotype 2,b02,vancomycin,Enterobacterales
shigella boydii serotype 3,b03,clarithromycin,Enterobacterales
shigella boydii serotype 3,b03,clindamycin,Enterobacterales
shigella boydii serotype 3,b03,daptomycin,Enterobacterales
shigella boydii serotype 3,b03,erythromycin,Enterobacterales
shigella boydii serotype 3,b03,fusidic acid,Enterobacterales
shigella boydii serotype 3,b03,linezolid,Enterobacterales
shigella boydii serotype 3,b03,oritavancin,Enterobacterales
shigella boydii serotype 3,b03,quinupristin/dalfopristin,Enterobacterales
shigella boydii serotype 3,b03,teicoplanin,Enterobacterales
shigella boydii serotype 3,b03,telavancin,Enterobacterales
shigella boydii serotype 3,b03,vancomycin,Enterobacterales
shigella boydii serotype 4,b04,clarithromycin,Enterobacterales
shigella boydii serotype 4,b04,clindamycin,Enterobacterales
shigella boydii serotype 4,b04,daptomycin,Enterobacterales
shigella boydii serotype 4,b04,erythromycin,Enterobacterales
shigella boydii serotype 4,b04,fusidic acid,Enterobacterales
shigella boydii serotype 4,b04,linezolid,Enterobacterales
shigella boydii serotype 4,b04,oritavancin,Enterobacterales
shigella boydii serotype 4,b04,quinupristin/dalfopristin,Enterobacterales
shigella boydii serotype 4,b04,teicoplanin,Enterobacterales
shigella boydii serotype 4,b04,telavancin,Enterobacterales
shigella boydii serotype 4,b04,vancomycin,Enterobacterales
shigella boydii serotype 5,b05,clarithromycin,Enterobacterales
shigella boydii serotype 5,b05,clindamycin,Enterobacterales
shigella boydii serotype 5,b05,daptomycin,Enterobacterales
shigella boydii serotype 5,b05,erythromycin,Enterobacterales
shigella boydii serotype 5,b05,fusidic acid,Enterobacterales
shigella boydii serotype 5,b05,linezolid,Enterobacterales
shigella boydii serotype 5,b05,oritavancin,Enterobacterales
shigella boydii serotype 5,b05,quinupristin/dalfopristin,Enterobacterales
shigella boydii serotype 5,b05,teicoplanin,Enterobacterales
shigella boydii serotype 5,b05,telavancin,Enterobacterales
shigella boydii serotype 5,b05,vancomycin,Enterobacterales
shigella boydii serotype 6,b06,clarithromycin,Enterobacterales
shigella boydii serotype 6,b06,clindamycin,Enterobacterales
shigella boydii serotype 6,b06,daptomycin,Enterobacterales
shigella boydii serotype 6,b06,erythromycin,Enterobacterales
shigella boydii serotype 6,b06,fusidic acid,Enterobacterales
shigella boydii serotype 6,b06,linezolid,Enterobacterales
shigella boydii serotype 6,b06,oritavancin,Enterobacterales
shigella boydii serotype 6,b06,quinupristin/dalfopristin,Enterobacterales
shigella boydii serotype 6,b06,teicoplanin,Enterobacterales
shigella boydii serotype 6,b06,telavancin,Enterobacterales
shigella boydii serotype 6,b06,vancomycin,Enterobacterales
shigella boydii serotype 7,b07,clarithromycin,Enterobacterales
shigella boydii serotype 7,b07,clindamycin,Enterobacterales
shigella boydii serotype 7,b07,daptomycin,Enterobacterales
shigella boydii serotype 7,b07,erythromycin,Enterobacterales
shigella boydii serotype 7,b07,fusidic acid,Enterobacterales
shigella boydii serotype 7,b07,linezolid,Enterobacterales
shigella boydii serotype 7,b07,oritavancin,Enterobacterales
shigella boydii serotype 7,b07,quinupristin/dalfopristin,Enterobacterales
shigella boydii serotype 7,b07,teicoplanin,Enterobacterales
shigella boydii serotype 7,b07,telavancin,Enterobacterales
shigella boydii serotype 7,b07,vancomycin,Enterobacterales
shigella boydii serotype 8,b08,clarithromycin,Enterobacterales
shigella boydii serotype 8,b08,clindamycin,Enterobacterales
shigella boydii serotype 8,b08,daptomycin,Enterobacterales
shigella boydii serotype 8,b08,erythromycin,Enterobacterales
shigella boydii serotype 8,b08,fusidic acid,Enterobacterales
shigella boydii serotype 8,b08,linezolid,Enterobacterales
shigella boydii serotype 8,b08,oritavancin,Enterobacterales
shigella boydii serotype 8,b08,quinupristin/dalfopristin,Enterobacterales
shigella boydii serotype 8,b08,teicoplanin,Enterobacterales
shigella boydii serotype 8,b08,telavancin,Enterobacterales
shigella boydii serotype 8,b08,vancomycin,Enterobacterales
shigella boydii serotype 9,b09,clarithromycin,Enterobacterales
shigella boydii serotype 9,b09,clindamycin,Enterobacterales
shigella boydii serotype 9,b09,daptomycin,Enterobacterales
shigella boydii serotype 9,b09,erythromycin,Enterobacterales
shigella boydii serotype 9,b09,fusidic acid,Enterobacterales
shigella boydii serotype 9,b09,linezolid,Enterobacterales
shigella boydii serotype 9,b09,oritavancin,Enterobacterales
shigella boydii serotype 9,b09,quinupristin/dalfopristin,Enterobacterales
shigella boydii serotype 9,b09,teicoplanin,Enterobacterales
shigella boydii serotype 9,b09,telavancin,Enterobacterales
shigella boydii serotype 9,b09,vancomycin,Enterobacterales
"shigella boydii, nontypable",bxx,clarithromycin,Enterobacterales
"shigella boydii, nontypable",bxx,clindamycin,Enterobacterales
"shigella boydii, nontypable",bxx,daptomycin,Enterobacterales
"shigella boydii, nontypable",bxx,erythromycin,Enterobacterales
"shigella boydii, nontypable",bxx,fusidic acid,Enterobacterales
"shigella boydii, nontypable",bxx,linezolid,Enterobacterales
"shigella boydii, nontypable",bxx,oritavancin,Enterobacterales
"shigella boydii, nontypable",bxx,quinupristin/dalfopristin,Enterobacterales
"shigella boydii, nontypable",bxx,teicoplanin,Enterobacterales
"shigella boydii, nontypable",bxx,telavancin,Enterobacterales
"shigella boydii, nontypable",bxx,vancomycin,Enterobacterales
shigella dysenteriae,sha,clarithromycin,Enterobacterales
shigella dysenteriae,sha,clindamycin,Enterobacterales
shigella dysenteriae,sha,daptomycin,Enterobacterales
shigella dysenteriae,sha,erythromycin,Enterobacterales
shigella dysenteriae,sha,fusidic acid,Enterobacterales
shigella dysenteriae,sha,linezolid,Enterobacterales
shigella dysenteriae,sha,oritavancin,Enterobacterales
shigella dysenteriae,sha,quinupristin/dalfopristin,Enterobacterales
shigella dysenteriae,sha,teicoplanin,Enterobacterales
shigella dysenteriae,sha,telavancin,Enterobacterales
shigella dysenteriae,sha,vancomycin,Enterobacterales
shigella dysenteriae serotype 1,d01,clarithromycin,Enterobacterales
shigella dysenteriae serotype 1,d01,clindamycin,Enterobacterales
shigella dysenteriae serotype 1,d01,daptomycin,Enterobacterales
shigella dysenteriae serotype 1,d01,erythromycin,Enterobacterales
shigella dysenteriae serotype 1,d01,fusidic acid,Enterobacterales
shigella dysenteriae serotype 1,d01,linezolid,Enterobacterales
shigella dysenteriae serotype 1,d01,oritavancin,Enterobacterales
shigella dysenteriae serotype 1,d01,quinupristin/dalfopristin,Enterobacterales
shigella dysenteriae serotype 1,d01,teicoplanin,Enterobacterales
shigella dysenteriae serotype 1,d01,telavancin,Enterobacterales
shigella dysenteriae serotype 1,d01,vancomycin,Enterobacterales
shigella dysenteriae serotype 10,d10,clarithromycin,Enterobacterales
shigella dysenteriae serotype 10,d10,clindamycin,Enterobacterales
shigella dysenteriae serotype 10,d10,daptomycin,Enterobacterales
shigella dysenteriae serotype 10,d10,erythromycin,Enterobacterales
shigella dysenteriae serotype 10,d10,fusidic acid,Enterobacterales
shigella dysenteriae serotype 10,d10,linezolid,Enterobacterales
shigella dysenteriae serotype 10,d10,oritavancin,Enterobacterales
shigella dysenteriae serotype 10,d10,quinupristin/dalfopristin,Enterobacterales
shigella dysenteriae serotype 10,d10,teicoplanin,Enterobacterales
shigella dysenteriae serotype 10,d10,telavancin,Enterobacterales
shigella dysenteriae serotype 10,d10,vancomycin,Enterobacterales
shigella dysenteriae serotype 11,d11,clarithromycin,Enterobacterales
shigella dysenteriae serotype 11,d11,clindamycin,Enterobacterales
shigella dysenteriae serotype 11,d11,daptomycin,Enterobacterales
shigella dysenteriae serotype 11,d11,erythromycin,Enterobacterales
shigella dysenteriae serotype 11,d11,fusidic acid,Enterobacterales
shigella dysenteriae serotype 11,d11,linezolid,Enterobacterales
shigella dysenteriae serotype 11,d11,oritavancin,Enterobacterales
shigella dysenteriae serotype 11,d11,quinupristin/dalfopristin,Enterobacterales
shigella dysenteriae serotype 11,d11,teicoplanin,Enterobacterales
shigella dysenteriae serotype 11,d11,telavancin,Enterobacterales
shigella dysenteriae serotype 11,d11,vancomycin,Enterobacterales
shigella dysenteriae serotype 12,d12,clarithromycin,Enterobacterales
shigella dysenteriae serotype 12,d12,clindamycin,Enterobacterales
shigella dysenteriae serotype 12,d12,daptomycin,Enterobacterales
shigella dysenteriae serotype 12,d12,erythromycin,Enterobacterales
shigella dysenteriae serotype 12,d12,fusidic acid,Enterobacterales
shigella dysenteriae serotype 12,d12,linezolid,Enterobacterales
shigella dysenteriae serotype 12,d12,oritavancin,Enterobacterales
shigella dysenteriae serotype 12,d12,quinupristin/dalfopristin,Enterobacterales
shigella dysenteriae serotype 12,d12,teicoplanin,Enterobacterales
shigella dysenteriae serotype 12,d12,telavancin,Enterobacterales
shigella dysenteriae serotype 12,d12,vancomycin,Enterobacterales
shigella dysenteriae serotype 13,d13,clarithromycin,Enterobacterales
shigella dysenteriae serotype 13,d13,clindamycin,Enterobacterales
shigella dysenteriae serotype 13,d13,daptomycin,Enterobacterales
shigella dysenteriae serotype 13,d13,erythromycin,Enterobacterales
shigella dysenteriae serotype 13,d13,fusidic acid,Enterobacterales
shigella dysenteriae serotype 13,d13,linezolid,Enterobacterales
shigella dysenteriae serotype 13,d13,oritavancin,Enterobacterales
shigella dysenteriae serotype 13,d13,quinupristin/dalfopristin,Enterobacterales
shigella dysenteriae serotype 13,d13,teicoplanin,Enterobacterales
shigella dysenteriae serotype 13,d13,telavancin,Enterobacterales
shigella dysenteriae serotype 13,d13,vancomycin,Enterobacterales
shigella dysenteriae serotype 14,d14,clarithromycin,Enterobacterales
shigella dysenteriae serotype 14,d14,clindamycin,Enterobacterales
shigella dysenteriae serotype 14,d14,daptomycin,Enterobacterales
shigella dysenteriae serotype 14,d14,erythromycin,Enterobacterales
shigella dysenteriae serotype 14,d14,fusidic acid,Enterobacterales
shigella dysenteriae serotype 14,d14,linezolid,Enterobacterales
shigella dysenteriae serotype 14,d14,oritavancin,Enterobacterales
shigella dysenteriae serotype 14,d14,quinupristin/dalfopristin,Enterobacterales
shigella dysenteriae serotype 14,d14,teicoplanin,Enterobacterales
shigella dysenteriae serotype 14,d14,telavancin,Enterobacterales
shigella dysenteriae serotype 14,d14,vancomycin,Enterobacterales
shigella dysenteriae serotype 15,d15,clarithromycin,Enterobacterales
shigella dysenteriae serotype 15,d15,clindamycin,Enterobacterales
shigella dysenteriae serotype 15,d15,daptomycin,Enterobacterales
shigella dysenteriae serotype 15,d15,erythromycin,Enterobacterales
shigella dysenteriae serotype 15,d15,fusidic acid,Enterobacterales
shigella dysenteriae serotype 15,d15,linezolid,Enterobacterales
shigella dysenteriae serotype 15,d15,oritavancin,Enterobacterales
shigella dysenteriae serotype 15,d15,quinupristin/dalfopristin,Enterobacterales
shigella dysenteriae serotype 15,d15,teicoplanin,Enterobacterales
shigella dysenteriae serotype 15,d15,telavancin,Enterobacterales
shigella dysenteriae serotype 15,d15,vancomycin,Enterobacterales
shigella dysenteriae serotype 2,d02,clarithromycin,Enterobacterales
shigella dysenteriae serotype 2,d02,clindamycin,Enterobacterales
shigella dysenteriae serotype 2,d02,daptomycin,Enterobacterales
shigella dysenteriae serotype 2,d02,erythromycin,Enterobacterales
shigella dysenteriae serotype 2,d02,fusidic acid,Enterobacterales
shigella dysenteriae serotype 2,d02,linezolid,Enterobacterales
shigella dysenteriae serotype 2,d02,oritavancin,Enterobacterales
shigella dysenteriae serotype 2,d02,quinupristin/dalfopristin,Enterobacterales
shigella dysenteriae serotype 2,d02,teicoplanin,Enterobacterales
shigella dysenteriae serotype 2,d02,telavancin,Enterobacterales
shigella dysenteriae serotype 2,d02,vancomycin,Enterobacterales
shigella dysenteriae serotype 3,d03,clarithromycin,Enterobacterales
shigella dysenteriae serotype 3,d03,clindamycin,Enterobacterales
shigella dysenteriae serotype 3,d03,daptomycin,Enterobacterales
shigella dysenteriae serotype 3,d03,erythromycin,Enterobacterales
shigella dysenteriae serotype 3,d03,fusidic acid,Enterobacterales
shigella dysenteriae serotype 3,d03,linezolid,Enterobacterales
shigella dysenteriae serotype 3,d03,oritavancin,Enterobacterales
shigella dysenteriae serotype 3,d03,quinupristin/dalfopristin,Enterobacterales
shigella dysenteriae serotype 3,d03,teicoplanin,Enterobacterales
shigella dysenteriae serotype 3,d03,telavancin,Enterobacterales
shigella dysenteriae serotype 3,d03,vancomycin,Enterobacterales
shigella dysenteriae serotype 4,d04,clarithromycin,Enterobacterales
shigella dysenteriae serotype 4,d04,clindamycin,Enterobacterales
shigella dysenteriae serotype 4,d04,daptomycin,Enterobacterales
shigella dysenteriae serotype 4,d04,erythromycin,Enterobacterales
shigella dysenteriae serotype 4,d04,fusidic acid,Enterobacterales
shigella dysenteriae serotype 4,d04,linezolid,Enterobacterales
shigella dysenteriae serotype 4,d04,oritavancin,Enterobacterales
shigella dysenteriae serotype 4,d04,quinupristin/dalfopristin,Enterobacterales
shigella dysenteriae serotype 4,d04,teicoplanin,Enterobacterales
shigella dysenteriae serotype 4,d04,telavancin,Enterobacterales
shigella dysenteriae serotype 4,d04,vancomycin,Enterobacterales
shigella dysenteriae serotype 5,d05,clarithromycin,Enterobacterales
shigella dysenteriae serotype 5,d05,clindamycin,Enterobacterales
shigella dysenteriae serotype 5,d05,daptomycin,Enterobacterales
shigella dysenteriae serotype 5,d05,erythromycin,Enterobacterales
shigella dysenteriae serotype 5,d05,fusidic acid,Enterobacterales
shigella dysenteriae serotype 5,d05,linezolid,Enterobacterales
shigella dysenteriae serotype 5,d05,oritavancin,Enterobacterales
shigella dysenteriae serotype 5,d05,quinupristin/dalfopristin,Enterobacterales
shigella dysenteriae serotype 5,d05,teicoplanin,Enterobacterales
shigella dysenteriae serotype 5,d05,telavancin,Enterobacterales
shigella dysenteriae serotype 5,d05,vancomycin,Enterobacterales
shigella dysenteriae serotype 6,d06,clarithromycin,Enterobacterales
shigella dysenteriae serotype 6,d06,clindamycin,Enterobacterales
shigella dysenteriae serotype 6,d06,daptomycin,Enterobacterales
shigella dysenteriae serotype 6,d06,erythromycin,Enterobacterales
shigella dysenteriae serotype 6,d06,fusidic acid,Enterobacterales
shigella dysenteriae serotype 6,d06,linezolid,Enterobacterales
shigella dysenteriae serotype 6,d06,oritavancin,Enterobacterales
shigella dysenteriae serotype 6,d06,quinupristin/dalfopristin,Enterobacterales
shigella dysenteriae serotype 6,d06,teicoplanin,Enterobacterales
shigella dysenteriae serotype 6,d06,telavancin,Enterobacterales
shigella dysenteriae serotype 6,d06,vancomycin,Enterobacterales
shigella dysenteriae serotype 7,d07,clarithromycin,Enterobacterales
shigella dysenteriae serotype 7,d07,clindamycin,Enterobacterales
shigella dysenteriae serotype 7,d07,daptomycin,Enterobacterales
shigella dysenteriae serotype 7,d07,erythromycin,Enterobacterales
shigella dysenteriae serotype 7,d07,fusidic acid,Enterobacterales
shigella dysenteriae serotype 7,d07,linezolid,Enterobacterales
shigella dysenteriae serotype 7,d07,oritavancin,Enterobacterales
shigella dysenteriae serotype 7,d07,quinupristin/dalfopristin,Enterobacterales
shigella dysenteriae serotype 7,d07,teicoplanin,Enterobacterales
shigella dysenteriae serotype 7,d07,telavancin,Enterobacterales
shigella dysenteriae serotype 7,d07,vancomycin,Enterobacterales
shigella dysenteriae serotype 8,d08,clarithromycin,Enterobacterales
shigella dysenteriae serotype 8,d08,clindamycin,Enterobacterales
shigella dysenteriae serotype 8,d08,daptomycin,Enterobacterales
shigella dysenteriae serotype 8,d08,erythromycin,Enterobacterales
shigella dysenteriae serotype 8,d08,fusidic acid,Enterobacterales
shigella dysenteriae serotype 8,d08,linezolid,Enterobacterales
shigella dysenteriae serotype 8,d08,oritavancin,Enterobacterales
shigella dysenteriae serotype 8,d08,quinupristin/dalfopristin,Enterobacterales
shigella dysenteriae serotype 8,d08,teicoplanin,Enterobacterales
shigella dysenteriae serotype 8,d08,telavancin,Enterobacterales
shigella dysenteriae serotype 8,d08,vancomycin,Enterobacterales
shigella dysenteriae serotype 9,d09,clarithromycin,Enterobacterales
shigella dysenteriae serotype 9,d09,clindamycin,Enterobacterales
shigella dysenteriae serotype 9,d09,daptomycin,Enterobacterales
shigella dysenteriae serotype 9,d09,erythromycin,Enterobacterales
shigella dysenteriae serotype 9,d09,fusidic acid,Enterobacterales
shigella dysenteriae serotype 9,d09,linezolid,Enterobacterales
shigella dysenteriae serotype 9,d09,oritavancin,Enterobacterales
shigella dysenteriae serotype 9,d09,quinupristin/dalfopristin,Enterobacterales
shigella dysenteriae serotype 9,d09,teicoplanin,Enterobacterales
shigella dysenteriae serotype 9,d09,telavancin,Enterobacterales
shigella dysenteriae serotype 9,d09,vancomycin,Enterobacterales
shigella dysenteriae type 1,sd1,clarithromycin,Enterobacterales
shigella dysenteriae type 1,sd1,clindamycin,Enterobacterales
shigella dysenteriae type 1,sd1,daptomycin,Enterobacterales
shigella dysenteriae type 1,sd1,erythromycin,Enterobacterales
shigella dysenteriae type 1,sd1,fusidic acid,Enterobacterales
shigella dysenteriae type 1,sd1,linezolid,Enterobacterales
shigella dysenteriae type 1,sd1,oritavancin,Enterobacterales
shigella dysenteriae type 1,sd1,quinupristin/dalfopristin,Enterobacterales
shigella dysenteriae type 1,sd1,teicoplanin,Enterobacterales
shigella dysenteriae type 1,sd1,telavancin,Enterobacterales
shigella dysenteriae type 1,sd1,vancomycin,Enterobacterales
"shigella dysenteriae, nontypable",dxx,clarithromycin,Enterobacterales
"shigella dysenteriae, nontypable",dxx,clindamycin,Enterobacterales
"shigella dysenteriae, nontypable",dxx,daptomycin,Enterobacterales
"shigella dysenteriae, nontypable",dxx,erythromycin,Enterobacterales
"shigella dysenteriae, nontypable",dxx,fusidic acid,Enterobacterales
"shigella dysenteriae, nontypable",dxx,linezolid,Enterobacterales
"shigella dysenteriae, nontypable",dxx,oritavancin,Enterobacterales
"shigella dysenteriae, nontypable",dxx,quinupristin/dalfopristin,Enterobacterales
"shigella dysenteriae, nontypable",dxx,teicoplanin,Enterobacterales
"shigella dysenteriae, nontypable",dxx,telavancin,Enterobacterales
"shigella dysenteriae, nontypable",dxx,vancomycin,Enterobacterales
"shigella dysenteriae, not type 1",sn1,clarithromycin,Enterobacterales
"shigella dysenteriae, not type 1",sn1,clindamycin,Enterobacterales
"shigella dysenteriae, not type 1",sn1,daptomycin,Enterobacterales
"shigella dysenteriae, not type 1",sn1,erythromycin,Enterobacterales
"shigella dysenteriae, not type 1",sn1,fusidic acid,Enterobacterales
"shigella dysenteriae, not type 1",sn1,linezolid,Enterobacterales
"shigella dysenteriae, not type 1",sn1,oritavancin,Enterobacterales
"shigella dysenteriae, not type 1",sn1,quinupristin/dalfopristin,Enterobacterales
"shigella dysenteriae, not type 1",sn1,teicoplanin,Enterobacterales
"shigella dysenteriae, not type 1",sn1,telavancin,Enterobacterales
"shigella dysenteriae, not type 1",sn1,vancomycin,Enterobacterales
shigella flexneri,shb,clarithromycin,Enterobacterales
shigella flexneri,shb,clindamycin,Enterobacterales
shigella flexneri,shb,daptomycin,Enterobacterales
shigella flexneri,shb,erythromycin,Enterobacterales
shigella flexneri,shb,fusidic acid,Enterobacterales
shigella flexneri,shb,linezolid,Enterobacterales
shigella flexneri,shb,oritavancin,Enterobacterales
shigella flexneri,shb,quinupristin/dalfopristin,Enterobacterales
shigella flexneri,shb,teicoplanin,Enterobacterales
shigella flexneri,shb,telavancin,Enterobacterales
shigella flexneri,shb,vancomycin,Enterobacterales
shigella flexneri serotype 1,f01,clarithromycin,Enterobacterales
shigella flexneri serotype 1,f01,clindamycin,Enterobacterales
shigella flexneri serotype 1,f01,daptomycin,Enterobacterales
shigella flexneri serotype 1,f01,erythromycin,Enterobacterales
shigella flexneri serotype 1,f01,fusidic acid,Enterobacterales
shigella flexneri serotype 1,f01,linezolid,Enterobacterales
shigella flexneri serotype 1,f01,oritavancin,Enterobacterales
shigella flexneri serotype 1,f01,quinupristin/dalfopristin,Enterobacterales
shigella flexneri serotype 1,f01,teicoplanin,Enterobacterales
shigella flexneri serotype 1,f01,telavancin,Enterobacterales
shigella flexneri serotype 1,f01,vancomycin,Enterobacterales
shigella flexneri serotype 1a,f1a,clarithromycin,Enterobacterales
shigella flexneri serotype 1a,f1a,clindamycin,Enterobacterales
shigella flexneri serotype 1a,f1a,daptomycin,Enterobacterales
shigella flexneri serotype 1a,f1a,erythromycin,Enterobacterales
shigella flexneri serotype 1a,f1a,fusidic acid,Enterobacterales
shigella flexneri serotype 1a,f1a,linezolid,Enterobacterales
shigella flexneri serotype 1a,f1a,oritavancin,Enterobacterales
shigella flexneri serotype 1a,f1a,quinupristin/dalfopristin,Enterobacterales
shigella flexneri serotype 1a,f1a,teicoplanin,Enterobacterales
shigella flexneri serotype 1a,f1a,telavancin,Enterobacterales
shigella flexneri serotype 1a,f1a,vancomycin,Enterobacterales
shigella flexneri serotype 1b,f1b,clarithromycin,Enterobacterales
shigella flexneri serotype 1b,f1b,clindamycin,Enterobacterales
shigella flexneri serotype 1b,f1b,daptomycin,Enterobacterales
shigella flexneri serotype 1b,f1b,erythromycin,Enterobacterales
shigella flexneri serotype 1b,f1b,fusidic acid,Enterobacterales
shigella flexneri serotype 1b,f1b,linezolid,Enterobacterales
shigella flexneri serotype 1b,f1b,oritavancin,Enterobacterales
shigella flexneri serotype 1b,f1b,quinupristin/dalfopristin,Enterobacterales
shigella flexneri serotype 1b,f1b,teicoplanin,Enterobacterales
shigella flexneri serotype 1b,f1b,telavancin,Enterobacterales
shigella flexneri serotype 1b,f1b,vancomycin,Enterobacterales
shigella flexneri serotype 2,f02,clarithromycin,Enterobacterales
shigella flexneri serotype 2,f02,clindamycin,Enterobacterales
shigella flexneri serotype 2,f02,daptomycin,Enterobacterales
shigella flexneri serotype 2,f02,erythromycin,Enterobacterales
shigella flexneri serotype 2,f02,fusidic acid,Enterobacterales
shigella flexneri serotype 2,f02,linezolid,Enterobacterales
shigella flexneri serotype 2,f02,oritavancin,Enterobacterales
shigella flexneri serotype 2,f02,quinupristin/dalfopristin,Enterobacterales
shigella flexneri serotype 2,f02,teicoplanin,Enterobacterales
shigella flexneri serotype 2,f02,telavancin,Enterobacterales
shigella flexneri serotype 2,f02,vancomycin,Enterobacterales
shigella flexneri serotype 2a,f2a,clarithromycin,Enterobacterales
shigella flexneri serotype 2a,f2a,clindamycin,Enterobacterales
shigella flexneri serotype 2a,f2a,daptomycin,Enterobacterales
shigella flexneri serotype 2a,f2a,erythromycin,Enterobacterales
shigella flexneri serotype 2a,f2a,fusidic acid,Enterobacterales
shigella flexneri serotype 2a,f2a,linezolid,Enterobacterales
shigella flexneri serotype 2a,f2a,oritavancin,Enterobacterales
shigella flexneri serotype 2a,f2a,quinupristin/dalfopristin,Enterobacterales
shigella flexneri serotype 2a,f2a,teicoplanin,Enterobacterales
shigella flexneri serotype 2a,f2a,telavancin,Enterobacterales
shigella flexneri serotype 2a,f2a,vancomycin,Enterobacterales
shigella flexneri serotype 2b,f2b,clarithromycin,Enterobacterales
shigella flexneri serotype 2b,f2b,clindamycin,Enterobacterales
shigella flexneri serotype 2b,f2b,daptomycin,Enterobacterales
shigella flexneri serotype 2b,f2b,erythromycin,Enterobacterales
shigella flexneri serotype 2b,f2b,fusidic acid,Enterobacterales
shigella flexneri serotype 2b,f2b,linezolid,Enterobacterales
shigella flexneri serotype 2b,f2b,oritavancin,Enterobacterales
shigella flexneri serotype 2b,f2b,quinupristin/dalfopristin,Enterobacterales
shigella flexneri serotype 2b,f2b,teicoplanin,Enterobacterales
shigella flexneri serotype 2b,f2b,telavancin,Enterobacterales
shigella flexneri serotype 2b,f2b,vancomycin,Enterobacterales
shigella flexneri serotype 3,f03,clarithromycin,Enterobacterales
shigella flexneri serotype 3,f03,clindamycin,Enterobacterales
shigella flexneri serotype 3,f03,daptomycin,Enterobacterales
shigella flexneri serotype 3,f03,erythromycin,Enterobacterales
shigella flexneri serotype 3,f03,fusidic acid,Enterobacterales
shigella flexneri serotype 3,f03,linezolid,Enterobacterales
shigella flexneri serotype 3,f03,oritavancin,Enterobacterales
shigella flexneri serotype 3,f03,quinupristin/dalfopristin,Enterobacterales
shigella flexneri serotype 3,f03,teicoplanin,Enterobacterales
shigella flexneri serotype 3,f03,telavancin,Enterobacterales
shigella flexneri serotype 3,f03,vancomycin,Enterobacterales
shigella flexneri serotype 3a,f3a,clarithromycin,Enterobacterales
shigella flexneri serotype 3a,f3a,clindamycin,Enterobacterales
shigella flexneri serotype 3a,f3a,daptomycin,Enterobacterales
shigella flexneri serotype 3a,f3a,erythromycin,Enterobacterales
shigella flexneri serotype 3a,f3a,fusidic acid,Enterobacterales
shigella flexneri serotype 3a,f3a,linezolid,Enterobacterales
shigella flexneri serotype 3a,f3a,oritavancin,Enterobacterales
shigella flexneri serotype 3a,f3a,quinupristin/dalfopristin,Enterobacterales
shigella flexneri serotype 3a,f3a,teicoplanin,Enterobacterales
shigella flexneri serotype 3a,f3a,telavancin,Enterobacterales
shigella flexneri serotype 3a,f3a,vancomycin,Enterobacterales
shigella flexneri serotype 3b,f3b,clarithromycin,Enterobacterales
shigella flexneri serotype 3b,f3b,clindamycin,Enterobacterales
shigella flexneri serotype 3b,f3b,daptomycin,Enterobacterales
shigella flexneri serotype 3b,f3b,erythromycin,Enterobacterales
shigella flexneri serotype 3b,f3b,fusidic acid,Enterobacterales
shigella flexneri serotype 3b,f3b,linezolid,Enterobacterales
shigella flexneri serotype 3b,f3b,oritavancin,Enterobacterales
shigella flexneri serotype 3b,f3b,quinupristin/dalfopristin,Enterobacterales
shigella flexneri serotype 3b,f3b,teicoplanin,Enterobacterales
shigella flexneri serotype 3b,f3b,telavancin,Enterobacterales
shigella flexneri serotype 3b,f3b,vancomycin,Enterobacterales
shigella flexneri serotype 4,f04,clarithromycin,Enterobacterales
shigella flexneri serotype 4,f04,clindamycin,Enterobacterales
shigella flexneri serotype 4,f04,daptomycin,Enterobacterales
shigella flexneri serotype 4,f04,erythromycin,Enterobacterales
shigella flexneri serotype 4,f04,fusidic acid,Enterobacterales
shigella flexneri serotype 4,f04,linezolid,Enterobacterales
shigella flexneri serotype 4,f04,oritavancin,Enterobacterales
shigella flexneri serotype 4,f04,quinupristin/dalfopristin,Enterobacterales
shigella flexneri serotype 4,f04,teicoplanin,Enterobacterales
shigella flexneri serotype 4,f04,telavancin,Enterobacterales
shigella flexneri serotype 4,f04,vancomycin,Enterobacterales
shigella flexneri serotype 4a,f4a,clarithromycin,Enterobacterales
shigella flexneri serotype 4a,f4a,clindamycin,Enterobacterales
shigella flexneri serotype 4a,f4a,daptomycin,Enterobacterales
shigella flexneri serotype 4a,f4a,erythromycin,Enterobacterales
shigella flexneri serotype 4a,f4a,fusidic acid,Enterobacterales
shigella flexneri serotype 4a,f4a,linezolid,Enterobacterales
shigella flexneri serotype 4a,f4a,oritavancin,Enterobacterales
shigella flexneri serotype 4a,f4a,quinupristin/dalfopristin,Enterobacterales
shigella flexneri serotype 4a,f4a,teicoplanin,Enterobacterales
shigella flexneri serotype 4a,f4a,telavancin,Enterobacterales
shigella flexneri serotype 4a,f4a,vancomycin,Enterobacterales
shigella flexneri serotype 4b,f4b,clarithromycin,Enterobacterales
shigella flexneri serotype 4b,f4b,clindamycin,Enterobacterales
shigella flexneri serotype 4b,f4b,daptomycin,Enterobacterales
shigella flexneri serotype 4b,f4b,erythromycin,Enterobacterales
shigella flexneri serotype 4b,f4b,fusidic acid,Enterobacterales
shigella flexneri serotype 4b,f4b,linezolid,Enterobacterales
shigella flexneri serotype 4b,f4b,oritavancin,Enterobacterales
shigella flexneri serotype 4b,f4b,quinupristin/dalfopristin,Enterobacterales
shigella flexneri serotype 4b,f4b,teicoplanin,Enterobacterales
shigella flexneri serotype 4b,f4b,telavancin,Enterobacterales
shigella flexneri serotype 4b,f4b,vancomycin,Enterobacterales
shigella flexneri serotype 4c,f4c,clarithromycin,Enterobacterales
shigella flexneri serotype 4c,f4c,clindamycin,Enterobacterales
shigella flexneri serotype 4c,f4c,daptomycin,Enterobacterales
shigella flexneri serotype 4c,f4c,erythromycin,Enterobacterales
shigella flexneri serotype 4c,f4c,fusidic acid,Enterobacterales
shigella flexneri serotype 4c,f4c,linezolid,Enterobacterales
shigella flexneri serotype 4c,f4c,oritavancin,Enterobacterales
shigella flexneri serotype 4c,f4c,quinupristin/dalfopristin,Enterobacterales
shigella flexneri serotype 4c,f4c,teicoplanin,Enterobacterales
shigella flexneri serotype 4c,f4c,telavancin,Enterobacterales
shigella flexneri serotype 4c,f4c,vancomycin,Enterobacterales
shigella flexneri serotype 5,f05,clarithromycin,Enterobacterales
shigella flexneri serotype 5,f05,clindamycin,Enterobacterales
shigella flexneri serotype 5,f05,daptomycin,Enterobacterales
shigella flexneri serotype 5,f05,erythromycin,Enterobacterales
shigella flexneri serotype 5,f05,fusidic acid,Enterobacterales
shigella flexneri serotype 5,f05,linezolid,Enterobacterales
shigella flexneri serotype 5,f05,oritavancin,Enterobacterales
shigella flexneri serotype 5,f05,quinupristin/dalfopristin,Enterobacterales
shigella flexneri serotype 5,f05,teicoplanin,Enterobacterales
shigella flexneri serotype 5,f05,telavancin,Enterobacterales
shigella flexneri serotype 5,f05,vancomycin,Enterobacterales
shigella flexneri serotype 5a,f5a,clarithromycin,Enterobacterales
shigella flexneri serotype 5a,f5a,clindamycin,Enterobacterales
shigella flexneri serotype 5a,f5a,daptomycin,Enterobacterales
shigella flexneri serotype 5a,f5a,erythromycin,Enterobacterales
shigella flexneri serotype 5a,f5a,fusidic acid,Enterobacterales
shigella flexneri serotype 5a,f5a,linezolid,Enterobacterales
shigella flexneri serotype 5a,f5a,oritavancin,Enterobacterales
shigella flexneri serotype 5a,f5a,quinupristin/dalfopristin,Enterobacterales
shigella flexneri serotype 5a,f5a,teicoplanin,Enterobacterales
shigella flexneri serotype 5a,f5a,telavancin,Enterobacterales
shigella flexneri serotype 5a,f5a,vancomycin,Enterobacterales
shigella flexneri serotype 5b,f5b,clarithromycin,Enterobacterales
shigella flexneri serotype 5b,f5b,clindamycin,Enterobacterales
shigella flexneri serotype 5b,f5b,daptomycin,Enterobacterales
shigella flexneri serotype 5b,f5b,erythromycin,Enterobacterales
shigella flexneri serotype 5b,f5b,fusidic acid,Enterobacterales
shigella flexneri serotype 5b,f5b,linezolid,Enterobacterales
shigella flexneri serotype 5b,f5b,oritavancin,Enterobacterales
shigella flexneri serotype 5b,f5b,quinupristin/dalfopristin,Enterobacterales
shigella flexneri serotype 5b,f5b,teicoplanin,Enterobacterales
shigella flexneri serotype 5b,f5b,telavancin,Enterobacterales
shigella flexneri serotype 5b,f5b,vancomycin,Enterobacterales
shigella flexneri serotype 6,f06,clarithromycin,Enterobacterales
shigella flexneri serotype 6,f06,clindamycin,Enterobacterales
shigella flexneri serotype 6,f06,daptomycin,Enterobacterales
shigella flexneri serotype 6,f06,erythromycin,Enterobacterales
shigella flexneri serotype 6,f06,fusidic acid,Enterobacterales
shigella flexneri serotype 6,f06,linezolid,Enterobacterales
shigella flexneri serotype 6,f06,oritavancin,Enterobacterales
shigella flexneri serotype 6,f06,quinupristin/dalfopristin,Enterobacterales
shigella flexneri serotype 6,f06,teicoplanin,Enterobacterales
shigella flexneri serotype 6,f06,telavancin,Enterobacterales
shigella flexneri serotype 6,f06,vancomycin,Enterobacterales
"shigella flexneri, nontypable",fxx,clarithromycin,Enterobacterales
"shigella flexneri, nontypable",fxx,clindamycin,Enterobacterales
"shigella flexneri, nontypable",fxx,daptomycin,Enterobacterales
"shigella flexneri, nontypable",fxx,erythromycin,Enterobacterales
"shigella flexneri, nontypable",fxx,fusidic acid,Enterobacterales
"shigella flexneri, nontypable",fxx,linezolid,Enterobacterales
"shigella flexneri, nontypable",fxx,oritavancin,Enterobacterales
"shigella flexneri, nontypable",fxx,quinupristin/dalfopristin,Enterobacterales
"shigella flexneri, nontypable",fxx,teicoplanin,Enterobacterales
"shigella flexneri, nontypable",fxx,telavancin,Enterobacterales
"shigella flexneri, nontypable",fxx,vancomycin,Enterobacterales
"shigella flexneri, serogroup aa479",479,clarithromycin,Enterobacterales
"shigella flexneri, serogroup aa479",479,clindamycin,Enterobacterales
"shigella flexneri, serogroup aa479",479,daptomycin,Enterobacterales
"shigella flexneri, serogroup aa479",479,erythromycin,Enterobacterales
"shigella flexneri, serogroup aa479",479,fusidic acid,Enterobacterales
"shigella flexneri, serogroup aa479",479,linezolid,Enterobacterales
"shigella flexneri, serogroup aa479",479,oritavancin,Enterobacterales
"shigella flexneri, serogroup aa479",479,quinupristin/dalfopristin,Enterobacterales
"shigella flexneri, serogroup aa479",479,teicoplanin,Enterobacterales
"shigella flexneri, serogroup aa479",479,telavancin,Enterobacterales
"shigella flexneri, serogroup aa479",479,vancomycin,Enterobacterales
"shigella flexneri, variant x",fvx,clarithromycin,Enterobacterales
"shigella flexneri, variant x",fvx,clindamycin,Enterobacterales
"shigella flexneri, variant x",fvx,daptomycin,Enterobacterales
"shigella flexneri, variant x",fvx,erythromycin,Enterobacterales
"shigella flexneri, variant x",fvx,fusidic acid,Enterobacterales
"shigella flexneri, variant x",fvx,linezolid,Enterobacterales
"shigella flexneri, variant x",fvx,oritavancin,Enterobacterales
"shigella flexneri, variant x",fvx,quinupristin/dalfopristin,Enterobacterales
"shigella flexneri, variant x",fvx,teicoplanin,Enterobacterales
"shigella flexneri, variant x",fvx,telavancin,Enterobacterales
"shigella flexneri, variant x",fvx,vancomycin,Enterobacterales
"shigella flexneri, variant y",fvy,clarithromycin,Enterobacterales
"shigella flexneri, variant y",fvy,clindamycin,Enterobacterales
"shigella flexneri, variant y",fvy,daptomycin,Enterobacterales
"shigella flexneri, variant y",fvy,erythromycin,Enterobacterales
"shigella flexneri, variant y",fvy,fusidic acid,Enterobacterales
"shigella flexneri, variant y",fvy,linezolid,Enterobacterales
"shigella flexneri, variant y",fvy,oritavancin,Enterobacterales
"shigella flexneri, variant y",fvy,quinupristin/dalfopristin,Enterobacterales
"shigella flexneri, variant y",fvy,teicoplanin,Enterobacterales
"shigella flexneri, variant y",fvy,telavancin,Enterobacterales
"shigella flexneri, variant y",fvy,vancomycin,Enterobacterales
shigella sonnei,shd,clarithromycin,Enterobacterales
shigella sonnei,shd,clindamycin,Enterobacterales
shigella sonnei,shd,daptomycin,Enterobacterales
shigella sonnei,shd,erythromycin,Enterobacterales
shigella sonnei,shd,fusidic acid,Enterobacterales
shigella sonnei,shd,linezolid,Enterobacterales
shigella sonnei,shd,oritavancin,Enterobacterales
shigella sonnei,shd,quinupristin/dalfopristin,Enterobacterales
shigella sonnei,shd,teicoplanin,Enterobacterales
shigella sonnei,shd,telavancin,Enterobacterales
shigella sonnei,shd,vancomycin,Enterobacterales
shigella sonnei form i,s01,clarithromycin,Enterobacterales
shigella sonnei form i,s01,clindamycin,Enterobacterales
shigella sonnei form i,s01,daptomycin,Enterobacterales
shigella sonnei form i,s01,erythromycin,Enterobacterales
shigella sonnei form i,s01,fusidic acid,Enterobacterales
shigella sonnei form i,s01,linezolid,Enterobacterales
shigella sonnei form i,s01,oritavancin,Enterobacterales
shigella sonnei form i,s01,quinupristin/dalfopristin,Enterobacterales
shigella sonnei form i,s01,teicoplanin,Enterobacterales
shigella sonnei form i,s01,telavancin,Enterobacterales
shigella sonnei form i,s01,vancomycin,Enterobacterales
shigella sonnei form ii,s02,clarithromycin,Enterobacterales
shigella sonnei form ii,s02,clindamycin,Enterobacterales
shigella sonnei form ii,s02,daptomycin,Enterobacterales
shigella sonnei form ii,s02,erythromycin,Enterobacterales
shigella sonnei form ii,s02,fusidic acid,Enterobacterales
shigella sonnei form ii,s02,linezolid,Enterobacterales
shigella sonnei form ii,s02,oritavancin,Enterobacterales
shigella sonnei form ii,s02,quinupristin/dalfopristin,Enterobacterales
shigella sonnei form ii,s02,teicoplanin,Enterobacterales
shigella sonnei form ii,s02,telavancin,Enterobacterales
shigella sonnei form ii,s02,vancomycin,Enterobacterales
shigella sp.,shi,clarithromycin,Enterobacterales
shigella sp.,shi,clindamycin,Enterobacterales
shigella sp.,shi,daptomycin,Enterobacterales
shigella sp.,shi,erythromycin,Enterobacterales
shigella sp.,shi,fusidic acid,Enterobacterales
shigella sp.,shi,linezolid,Enterobacterales
shigella sp.,shi,oritavancin,Enterobacterales
shigella sp.,shi,quinupristin/dalfopristin,Enterobacterales
shigella sp.,shi,teicoplanin,Enterobacterales
shigella sp.,shi,telavancin,Enterobacterales
shigella sp.,shi,vancomycin,Enterobacterales
"shigella, non-dysenteriae",snd,clarithromycin,Enterobacterales
"shigella, non-dysenteriae",snd,clindamycin,Enterobacterales
"shigella, non-dysenteriae",snd,daptomycin,Enterobacterales
"shigella, non-dysenteriae",snd,erythromycin,Enterobacterales
"shigella, non-dysenteriae",snd,fusidic acid,Enterobacterales
"shigella, non-dysenteriae",snd,linezolid,Enterobacterales
"shigella, non-dysenteriae",snd,oritavancin,Enterobacterales
"shigella, non-dysenteriae",snd,quinupristin/dalfopristin,Enterobacterales
"shigella, non-dysenteriae",snd,teicoplanin,Enterobacterales
"shigella, non-dysenteriae",snd,telavancin,Enterobacterales
"shigella, non-dysenteriae",snd,vancomycin,Enterobacterales
shimwellia blattae,ebl,azithromycin,Enterobacterales
shimwellia blattae,ebl,clarithromycin,Enterobacterales
shimwellia blattae,ebl,clindamycin,Enterobacterales
shimwellia blattae,ebl,daptomycin,Enterobacterales
shimwellia blattae,ebl,erythromycin,Enterobacterales
shimwellia blattae,ebl,fusidic acid,Enterobacterales
shimwellia blattae,ebl,linezolid,Enterobacterales
shimwellia blattae,ebl,oritavancin,Enterobacterales
shimwellia blattae,ebl,quinupristin/dalfopristin,Enterobacterales
shimwellia blattae,ebl,teicoplanin,Enterobacterales
shimwellia blattae,ebl,telavancin,Enterobacterales
shimwellia blattae,ebl,vancomycin,Enterobacterales
staphylococcus albus,sep,aztreonam,Staphylococci
staphylococcus albus,sep,colistin,Staphylococci
staphylococcus albus,sep,nalidixic acid,Staphylococci
staphylococcus albus,sep,polymyxin b,Staphylococci
staphylococcus aureus,sau,aztreonam,Staphylococci
staphylococcus aureus,sau,colistin,Staphylococci
staphylococcus aureus,sau,nalidixic acid,Staphylococci
staphylococcus aureus,sau,polymyxin b,Staphylococci
staphylococcus aureus ss. aureus,sau,aztreonam,Staphylococci
staphylococcus aureus ss. aureus,sau,colistin,Staphylococci
staphylococcus aureus ss. aureus,sau,nalidixic acid,Staphylococci
staphylococcus aureus ss. aureus,sau,polymyxin b,Staphylococci
staphylococcus capitis,sca,aztreonam,Staphylococci
staphylococcus capitis,sca,colistin,Staphylococci
staphylococcus capitis,sca,fosfomycin,Staphylococci
staphylococcus capitis,sca,nalidixic acid,Staphylococci
staphylococcus capitis,sca,polymyxin b,Staphylococci
staphylococcus capitis ss. capitis,sca,aztreonam,Staphylococci
staphylococcus capitis ss. capitis,sca,colistin,Staphylococci
staphylococcus capitis ss. capitis,sca,fosfomycin,Staphylococci
staphylococcus capitis ss. capitis,sca,nalidixic acid,Staphylococci
staphylococcus capitis ss. capitis,sca,polymyxin b,Staphylococci
staphylococcus cohnii,stc,aztreonam,Staphylococci
staphylococcus cohnii,stc,colistin,Staphylococci
staphylococcus cohnii,stc,nalidixic acid,Staphylococci
staphylococcus cohnii,stc,polymyxin b,Staphylococci
staphylococcus cohnii ss. cohnii,stc,aztreonam,Staphylococci
staphylococcus cohnii ss. cohnii,stc,colistin,Staphylococci
staphylococcus cohnii ss. cohnii,stc,nalidixic acid,Staphylococci
staphylococcus cohnii ss. cohnii,stc,polymyxin b,Staphylococci
staphylococcus epidermidis,sep,aztreonam,Staphylococci
staphylococcus epidermidis,sep,colistin,Staphylococci
staphylococcus epidermidis,sep,nalidixic acid,Staphylococci
staphylococcus epidermidis,sep,polymyxin b,Staphylococci
staphylococcus haemolyticus,shl,aztreonam,Staphylococci
staphylococcus haemolyticus,shl,colistin,Staphylococci
staphylococcus haemolyticus,shl,nalidixic acid,Staphylococci
staphylococcus haemolyticus,shl,polymyxin b,Staphylococci
staphylococcus lugdunensis,slu,aztreonam,Staphylococci
staphylococcus lugdunensis,slu,colistin,Staphylococci
staphylococcus lugdunensis,slu,nalidixic acid,Staphylococci
staphylococcus lugdunensis,slu,polymyxin b,Staphylococci
staphylococcus saprophyticus,sap,aztreonam,Staphylococci
staphylococcus saprophyticus,sap,colistin,Staphylococci
staphylococcus saprophyticus,sap,fosfomycin,Staphylococci
staphylococcus saprophyticus,sap,fusidic acid,Staphylococci
staphylococcus saprophyticus,sap,nalidixic acid,Staphylococci
staphylococcus saprophyticus,sap,polymyxin b,Staphylococci
staphylococcus saprophyticus ss. saprophyticus,sap,aztreonam,Staphylococci
staphylococcus saprophyticus ss. saprophyticus,sap,colistin,Staphylococci
staphylococcus saprophyticus ss. saprophyticus,sap,fosfomycin,Staphylococci
staphylococcus saprophyticus ss. saprophyticus,sap,fusidic acid,Staphylococci
staphylococcus saprophyticus ss. saprophyticus,sap,nalidixic acid,Staphylococci
staphylococcus saprophyticus ss. saprophyticus,sap,polymyxin b,Staphylococci
staphylococcus xylosus,sxy,aztreonam,Staphylococci
staphylococcus xylosus,sxy,colistin,Staphylococci
staphylococcus xylosus,sxy,nalidixic acid,Staphylococci
staphylococcus xylosus,sxy,polymyxin b,Staphylococci
stenotrophomonas maltophilia,pma,amikacin,Non-Enterobacterales
stenotrophomonas maltophilia,pma,amoxicillin,Non-Enterobacterales
stenotrophomonas maltophilia,pma,amoxicillin/clavulanic acid,Non-Enterobacterales
stenotrophomonas maltophilia,pma,ampicillin,Non-Enterobacterales
stenotrophomonas maltophilia,pma,ampicillin/sulbactam,Non-Enterobacterales
stenotrophomonas maltophilia,pma,azithromycin,Non-Enterobacterales
stenotrophomonas maltophilia,pma,aztreonam,Non-Enterobacterales
stenotrophomonas maltophilia,pma,cefazolin,Non-Enterobacterales
stenotrophomonas maltophilia,pma,cefotaxime,Non-Enterobacterales
stenotrophomonas maltophilia,pma,cefotetan,Non-Enterobacterales
stenotrophomonas maltophilia,pma,cefoxitin,Non-Enterobacterales
stenotrophomonas maltophilia,pma,ceftriaxone,Non-Enterobacterales
stenotrophomonas maltophilia,pma,cefuroxime,Non-Enterobacterales
stenotrophomonas maltophilia,pma,cephalothin,Non-Enterobacterales
stenotrophomonas maltophilia,pma,clarithromycin,Non-Enterobacterales
stenotrophomonas maltophilia,pma,clindamycin,Non-Enterobacterales
stenotrophomonas maltophilia,pma,daptomycin,Non-Enterobacterales
stenotrophomonas maltophilia,pma,ertapenem,Non-Enterobacterales
stenotrophomonas maltophilia,pma,erythromycin,Non-Enterobacterales
stenotrophomonas maltophilia,pma,fosfomycin,Non-Enterobacterales
stenotrophomonas maltophilia,pma,fusidic acid,Non-Enterobacterales
stenotrophomonas maltophilia,pma,gentamicin,Non-Enterobacterales
stenotrophomonas maltophilia,pma,gentamicin-high,Non-Enterobacterales
stenotrophomonas maltophilia,pma,imipenem,Non-Enterobacterales
stenotrophomonas maltophilia,pma,kanamycin,Non-Enterobacterales
stenotrophomonas maltophilia,pma,kanamycin-high,Non-Enterobacterales
stenotrophomonas maltophilia,pma,linezolid,Non-Enterobacterales
stenotrophomonas maltophilia,pma,meropenem,Non-Enterobacterales
stenotrophomonas maltophilia,pma,neomycin,Non-Enterobacterales
stenotrophomonas maltophilia,pma,netilmicin,Non-Enterobacterales
stenotrophomonas maltophilia,pma,penicillin g,Non-Enterobacterales
stenotrophomonas maltophilia,pma,piperacillin,Non-Enterobacterales
stenotrophomonas maltophilia,pma,piperacillin/tazobactam,Non-Enterobacterales
stenotrophomonas maltophilia,pma,plazomicin,Non-Enterobacterales
stenotrophomonas maltophilia,pma,quinupristin/dalfopristin,Non-Enterobacterales
stenotrophomonas maltophilia,pma,streptomycin,Non-Enterobacterales
stenotrophomonas maltophilia,pma,streptomycin-high,Non-Enterobacterales
stenotrophomonas maltophilia,pma,tetracycline,Non-Enterobacterales
stenotrophomonas maltophilia,pma,ticarcillin,Non-Enterobacterales
stenotrophomonas maltophilia,pma,tobramycin,Non-Enterobacterales
stenotrophomonas maltophilia,pma,trimethoprim,Non-Enterobacterales
stenotrophomonas maltophilia,pma,vancomycin,Non-Enterobacterales
streptococcus faecalis,efa,amikacin,Enterococcus spp.
streptococcus faecalis,efa,aztreonam,Enterococcus spp.
streptococcus faecalis,efa,cefaclor,Enterococcus spp.
streptococcus faecalis,efa,cefadroxil,Enterococcus spp.
streptococcus faecalis,efa,cefamandole,Enterococcus spp.
streptococcus faecalis,efa,cefazolin,Enterococcus spp.
streptococcus faecalis,efa,cefdinir,Enterococcus spp.
streptococcus faecalis,efa,cefditoren,Enterococcus spp.
streptococcus faecalis,efa,cefepime,Enterococcus spp.
streptococcus faecalis,efa,cefetamet,Enterococcus spp.
streptococcus faecalis,efa,cefixime,Enterococcus spp.
streptococcus faecalis,efa,cefmetazole,Enterococcus spp.
streptococcus faecalis,efa,cefonicid,Enterococcus spp.
streptococcus faecalis,efa,cefoperazone,Enterococcus spp.
streptococcus faecalis,efa,cefotaxime,Enterococcus spp.
streptococcus faecalis,efa,cefotaxime/clavulanic acid,Enterococcus spp.
streptococcus faecalis,efa,cefotetan,Enterococcus spp.
streptococcus faecalis,efa,cefoxitin,Enterococcus spp.
streptococcus faecalis,efa,cefpodoxime,Enterococcus spp.
streptococcus faecalis,efa,cefprozil,Enterococcus spp.
streptococcus faecalis,efa,ceftaroline,Enterococcus spp.
streptococcus faecalis,efa,ceftazidime,Enterococcus spp.
streptococcus faecalis,efa,ceftazidime/clavulanic acid,Enterococcus spp.
streptococcus faecalis,efa,ceftibuten,Enterococcus spp.
streptococcus faecalis,efa,ceftizoxime,Enterococcus spp.
streptococcus faecalis,efa,ceftobiprole,Enterococcus spp.
streptococcus faecalis,efa,ceftolozane/tazobactam,Enterococcus spp.
streptococcus faecalis,efa,ceftriaxone,Enterococcus spp.
streptococcus faecalis,efa,cefuroxime,Enterococcus spp.
streptococcus faecalis,efa,cefuroxime axetil,Enterococcus spp.
streptococcus faecalis,efa,cephalexin,Enterococcus spp.
streptococcus faecalis,efa,cephalothin,Enterococcus spp.
streptococcus faecalis,efa,clindamycin,Enterococcus spp.
streptococcus faecalis,efa,colistin,Enterococcus spp.
streptococcus faecalis,efa,faropenem,Enterococcus spp.
streptococcus faecalis,efa,fusidic acid,Enterococcus spp.
streptococcus faecalis,efa,gentamicin,Enterococcus spp.
streptococcus faecalis,efa,kanamycin,Enterococcus spp.
streptococcus faecalis,efa,loracarbef,Enterococcus spp.
streptococcus faecalis,efa,moxalactam (latamoxef),Enterococcus spp.
streptococcus faecalis,efa,nalidixic acid,Enterococcus spp.
streptococcus faecalis,efa,neomycin,Enterococcus spp.
streptococcus faecalis,efa,netilmicin,Enterococcus spp.
streptococcus faecalis,efa,plazomicin,Enterococcus spp.
streptococcus faecalis,efa,polymyxin b,Enterococcus spp.
streptococcus faecalis,efa,quinupristin/dalfopristin,Enterococcus spp.
streptococcus faecalis,efa,ridinilazole,Enterococcus spp.
streptococcus faecalis,efa,streptomycin,Enterococcus spp.
streptococcus faecalis,efa,tobramycin,Enterococcus spp.
streptococcus faecalis,efa,trimethoprim,Enterococcus spp.
streptococcus faecalis,efa,trimethoprim/sulfamethoxazole,Enterococcus spp.
streptococcus faecium,efm,amikacin,Enterococcus spp.
streptococcus faecium,efm,aztreonam,Enterococcus spp.
streptococcus faecium,efm,cefaclor,Enterococcus spp.
streptococcus faecium,efm,cefadroxil,Enterococcus spp.
streptococcus faecium,efm,cefamandole,Enterococcus spp.
streptococcus faecium,efm,cefazolin,Enterococcus spp.
streptococcus faecium,efm,cefdinir,Enterococcus spp.
streptococcus faecium,efm,cefditoren,Enterococcus spp.
streptococcus faecium,efm,cefepime,Enterococcus spp.
streptococcus faecium,efm,cefetamet,Enterococcus spp.
streptococcus faecium,efm,cefixime,Enterococcus spp.
streptococcus faecium,efm,cefmetazole,Enterococcus spp.
streptococcus faecium,efm,cefonicid,Enterococcus spp.
streptococcus faecium,efm,cefoperazone,Enterococcus spp.
streptococcus faecium,efm,cefotaxime,Enterococcus spp.
streptococcus faecium,efm,cefotaxime/clavulanic acid,Enterococcus spp.
streptococcus faecium,efm,cefotetan,Enterococcus spp.
streptococcus faecium,efm,cefoxitin,Enterococcus spp.
streptococcus faecium,efm,cefpodoxime,Enterococcus spp.
streptococcus faecium,efm,cefprozil,Enterococcus spp.
streptococcus faecium,efm,ceftaroline,Enterococcus spp.
streptococcus faecium,efm,ceftazidime,Enterococcus spp.
streptococcus faecium,efm,ceftazidime/clavulanic acid,Enterococcus spp.
streptococcus faecium,efm,ceftibuten,Enterococcus spp.
streptococcus faecium,efm,ceftizoxime,Enterococcus spp.
streptococcus faecium,efm,ceftobiprole,Enterococcus spp.
streptococcus faecium,efm,ceftolozane/tazobactam,Enterococcus spp.
streptococcus faecium,efm,ceftriaxone,Enterococcus spp.
streptococcus faecium,efm,cefuroxime,Enterococcus spp.
streptococcus faecium,efm,cefuroxime axetil,Enterococcus spp.
streptococcus faecium,efm,cephalexin,Enterococcus spp.
streptococcus faecium,efm,cephalothin,Enterococcus spp.
streptococcus faecium,efm,clindamycin,Enterococcus spp.
streptococcus faecium,efm,colistin,Enterococcus spp.
streptococcus faecium,efm,faropenem,Enterococcus spp.
streptococcus faecium,efm,fusidic acid,Enterococcus spp.
streptococcus faecium,efm,gentamicin,Enterococcus spp.
streptococcus faecium,efm,kanamycin,Enterococcus spp.
streptococcus faecium,efm,loracarbef,Enterococcus spp.
streptococcus faecium,efm,moxalactam (latamoxef),Enterococcus spp.
streptococcus faecium,efm,nalidixic acid,Enterococcus spp.
streptococcus faecium,efm,neomycin,Enterococcus spp.
streptococcus faecium,efm,netilmicin,Enterococcus spp.
streptococcus faecium,efm,plazomicin,Enterococcus spp.
streptococcus faecium,efm,polymyxin b,Enterococcus spp.
streptococcus faecium,efm,ridinilazole,Enterococcus spp.
streptococcus faecium,efm,streptomycin,Enterococcus spp.
streptococcus faecium,efm,tobramycin,Enterococcus spp.
streptococcus faecium,efm,trimethoprim,Enterococcus spp.
streptococcus faecium,efm,trimethoprim/sulfamethoxazole,Enterococcus spp.
tatumella ptyseos,tpt,azithromycin,Enterobacterales
tatumella ptyseos,tpt,clarithromycin,Enterobacterales
tatumella ptyseos,tpt,clindamycin,Enterobacterales
tatumella ptyseos,tpt,daptomycin,Enterobacterales
tatumella ptyseos,tpt,erythromycin,Enterobacterales
tatumella ptyseos,tpt,fusidic acid,Enterobacterales
tatumella ptyseos,tpt,linezolid,Enterobacterales
tatumella ptyseos,tpt,oritavancin,Enterobacterales
tatumella ptyseos,tpt,quinupristin/dalfopristin,Enterobacterales
tatumella ptyseos,tpt,teicoplanin,Enterobacterales
tatumella ptyseos,tpt,telavancin,Enterobacterales
tatumella ptyseos,tpt,vancomycin,Enterobacterales
tatumella sp.,tat,azithromycin,Enterobacterales
tatumella sp.,tat,clarithromycin,Enterobacterales
tatumella sp.,tat,clindamycin,Enterobacterales
tatumella sp.,tat,daptomycin,Enterobacterales
tatumella sp.,tat,erythromycin,Enterobacterales
tatumella sp.,tat,fusidic acid,Enterobacterales
tatumella sp.,tat,linezolid,Enterobacterales
tatumella sp.,tat,oritavancin,Enterobacterales
tatumella sp.,tat,quinupristin/dalfopristin,Enterobacterales
tatumella sp.,tat,teicoplanin,Enterobacterales
tatumella sp.,tat,telavancin,Enterobacterales
tatumella sp.,tat,vancomycin,Enterobacterales
trabulsiella guamensis (cdc enteric group 90),tgu,azithromycin,Enterobacterales
trabulsiella guamensis (cdc enteric group 90),tgu,clarithromycin,Enterobacterales
trabulsiella guamensis (cdc enteric group 90),tgu,clindamycin,Enterobacterales
trabulsiella guamensis (cdc enteric group 90),tgu,daptomycin,Enterobacterales
trabulsiella guamensis (cdc enteric group 90),tgu,erythromycin,Enterobacterales
trabulsiella guamensis (cdc enteric group 90),tgu,fusidic acid,Enterobacterales
trabulsiella guamensis (cdc enteric group 90),tgu,linezolid,Enterobacterales
trabulsiella guamensis (cdc enteric group 90),tgu,oritavancin,Enterobacterales
trabulsiella guamensis (cdc enteric group 90),tgu,quinupristin/dalfopristin,Enterobacterales
trabulsiella guamensis (cdc enteric group 90),tgu,teicoplanin,Enterobacterales
trabulsiella guamensis (cdc enteric group 90),tgu,telavancin,Enterobacterales
trabulsiella guamensis (cdc enteric group 90),tgu,vancomycin,Enterobacterales
trabulsiella sp.,trb,azithromycin,Enterobacterales
trabulsiella sp.,trb,clarithromycin,Enterobacterales
trabulsiella sp.,trb,clindamycin,Enterobacterales
trabulsiella sp.,trb,daptomycin,Enterobacterales
trabulsiella sp.,trb,erythromycin,Enterobacterales
trabulsiella sp.,trb,fusidic acid,Enterobacterales
trabulsiella sp.,trb,linezolid,Enterobacterales
trabulsiella sp.,trb,oritavancin,Enterobacterales
trabulsiella sp.,trb,quinupristin/dalfopristin,Enterobacterales
trabulsiella sp.,trb,teicoplanin,Enterobacterales
trabulsiella sp.,trb,telavancin,Enterobacterales
trabulsiella sp.,trb,vancomycin,Enterobacterales
vibrio fetus,cfe,fusidic acid,Other gram-negatives (Vet)
vibrio fetus,cfe,nalidixic acid,Other gram-negatives (Vet)
vibrio fetus,cfe,quinupristin/dalfopristin,Other gram-negatives (Vet)
vibrio fetus,cfe,trimethoprim,Other gram-negatives (Vet)
xanthomonas maltophilia,pma,amikacin,Non-Enterobacterales
xanthomonas maltophilia,pma,amoxicillin,Non-Enterobacterales
xanthomonas maltophilia,pma,amoxicillin/clavulanic acid,Non-Enterobacterales
xanthomonas maltophilia,pma,ampicillin,Non-Enterobacterales
xanthomonas maltophilia,pma,ampicillin/sulbactam,Non-Enterobacterales
xanthomonas maltophilia,pma,azithromycin,Non-Enterobacterales
xanthomonas maltophilia,pma,aztreonam,Non-Enterobacterales
xanthomonas maltophilia,pma,cefazolin,Non-Enterobacterales
xanthomonas maltophilia,pma,cefotaxime,Non-Enterobacterales
xanthomonas maltophilia,pma,cefotetan,Non-Enterobacterales
xanthomonas maltophilia,pma,cefoxitin,Non-Enterobacterales
xanthomonas maltophilia,pma,ceftriaxone,Non-Enterobacterales
xanthomonas maltophilia,pma,cefuroxime,Non-Enterobacterales
xanthomonas maltophilia,pma,cephalothin,Non-Enterobacterales
xanthomonas maltophilia,pma,clarithromycin,Non-Enterobacterales
xanthomonas maltophilia,pma,clindamycin,Non-Enterobacterales
xanthomonas maltophilia,pma,daptomycin,Non-Enterobacterales
xanthomonas maltophilia,pma,ertapenem,Non-Enterobacterales
xanthomonas maltophilia,pma,erythromycin,Non-Enterobacterales
xanthomonas maltophilia,pma,fosfomycin,Non-Enterobacterales
xanthomonas maltophilia,pma,fusidic acid,Non-Enterobacterales
xanthomonas maltophilia,pma,gentamicin,Non-Enterobacterales
xanthomonas maltophilia,pma,gentamicin-high,Non-Enterobacterales
xanthomonas maltophilia,pma,imipenem,Non-Enterobacterales
xanthomonas maltophilia,pma,kanamycin,Non-Enterobacterales
xanthomonas maltophilia,pma,kanamycin-high,Non-Enterobacterales
xanthomonas maltophilia,pma,linezolid,Non-Enterobacterales
xanthomonas maltophilia,pma,meropenem,Non-Enterobacterales
xanthomonas maltophilia,pma,neomycin,Non-Enterobacterales
xanthomonas maltophilia,pma,netilmicin,Non-Enterobacterales
xanthomonas maltophilia,pma,penicillin g,Non-Enterobacterales
xanthomonas maltophilia,pma,piperacillin,Non-Enterobacterales
xanthomonas maltophilia,pma,piperacillin/tazobactam,Non-Enterobacterales
xanthomonas maltophilia,pma,plazomicin,Non-Enterobacterales
xanthomonas maltophilia,pma,quinupristin/dalfopristin,Non-Enterobacterales
xanthomonas maltophilia,pma,streptomycin,Non-Enterobacterales
xanthomonas maltophilia,pma,streptomycin-high,Non-Enterobacterales
xanthomonas maltophilia,pma,tetracycline,Non-Enterobacterales
xanthomonas maltophilia,pma,ticarcillin,Non-Enterobacterales
xanthomonas maltophilia,pma,tobramycin,Non-Enterobacterales
xanthomonas maltophilia,pma,trimethoprim,Non-Enterobacterales
xanthomonas maltophilia,pma,vancomycin,Non-Enterobacterales
yersinia aldovae,yal,azithromycin,Enterobacterales
yersinia aldovae,yal,clarithromycin,Enterobacterales
yersinia aldovae,yal,clindamycin,Enterobacterales
yersinia aldovae,yal,daptomycin,Enterobacterales
yersinia aldovae,yal,erythromycin,Enterobacterales
yersinia aldovae,yal,fusidic acid,Enterobacterales
yersinia aldovae,yal,linezolid,Enterobacterales
yersinia aldovae,yal,oritavancin,Enterobacterales
yersinia aldovae,yal,quinupristin/dalfopristin,Enterobacterales
yersinia aldovae,yal,teicoplanin,Enterobacterales
yersinia aldovae,yal,telavancin,Enterobacterales
yersinia aldovae,yal,vancomycin,Enterobacterales
yersinia bercovieri,ybe,azithromycin,Enterobacterales
yersinia bercovieri,ybe,clarithromycin,Enterobacterales
yersinia bercovieri,ybe,clindamycin,Enterobacterales
yersinia bercovieri,ybe,daptomycin,Enterobacterales
yersinia bercovieri,ybe,erythromycin,Enterobacterales
yersinia bercovieri,ybe,fusidic acid,Enterobacterales
yersinia bercovieri,ybe,linezolid,Enterobacterales
yersinia bercovieri,ybe,oritavancin,Enterobacterales
yersinia bercovieri,ybe,quinupristin/dalfopristin,Enterobacterales
yersinia bercovieri,ybe,teicoplanin,Enterobacterales
yersinia bercovieri,ybe,telavancin,Enterobacterales
yersinia bercovieri,ybe,vancomycin,Enterobacterales
yersinia enterocolitica,yen,amoxicillin/clavulanic acid,Enterobacterales
yersinia enterocolitica,yen,ampicillin,Enterobacterales
yersinia enterocolitica,yen,azithromycin,Enterobacterales
yersinia enterocolitica,yen,cefazolin,Enterobacterales
yersinia enterocolitica,yen,cephalothin,Enterobacterales
yersinia enterocolitica,yen,clarithromycin,Enterobacterales
yersinia enterocolitica,yen,clindamycin,Enterobacterales
yersinia enterocolitica,yen,daptomycin,Enterobacterales
yersinia enterocolitica,yen,erythromycin,Enterobacterales
yersinia enterocolitica,yen,fusidic acid,Enterobacterales
yersinia enterocolitica,yen,linezolid,Enterobacterales
yersinia enterocolitica,yen,oritavancin,Enterobacterales
yersinia enterocolitica,yen,quinupristin/dalfopristin,Enterobacterales
yersinia enterocolitica,yen,teicoplanin,Enterobacterales
yersinia enterocolitica,yen,telavancin,Enterobacterales
yersinia enterocolitica,yen,ticarcillin,Enterobacterales
yersinia enterocolitica,yen,vancomycin,Enterobacterales
yersinia frederiksenii,yfr,azithromycin,Enterobacterales
yersinia frederiksenii,yfr,clarithromycin,Enterobacterales
yersinia frederiksenii,yfr,clindamycin,Enterobacterales
yersinia frederiksenii,yfr,daptomycin,Enterobacterales
yersinia frederiksenii,yfr,erythromycin,Enterobacterales
yersinia frederiksenii,yfr,fusidic acid,Enterobacterales
yersinia frederiksenii,yfr,linezolid,Enterobacterales
yersinia frederiksenii,yfr,oritavancin,Enterobacterales
yersinia frederiksenii,yfr,quinupristin/dalfopristin,Enterobacterales
yersinia frederiksenii,yfr,teicoplanin,Enterobacterales
yersinia frederiksenii,yfr,telavancin,Enterobacterales
yersinia frederiksenii,yfr,vancomycin,Enterobacterales
yersinia intermedia,yin,azithromycin,Enterobacterales
yersinia intermedia,yin,clarithromycin,Enterobacterales
yersinia intermedia,yin,clindamycin,Enterobacterales
yersinia intermedia,yin,daptomycin,Enterobacterales
yersinia intermedia,yin,erythromycin,Enterobacterales
yersinia intermedia,yin,fusidic acid,Enterobacterales
yersinia intermedia,yin,linezolid,Enterobacterales
yersinia intermedia,yin,oritavancin,Enterobacterales
yersinia intermedia,yin,quinupristin/dalfopristin,Enterobacterales
yersinia intermedia,yin,teicoplanin,Enterobacterales
yersinia intermedia,yin,telavancin,Enterobacterales
yersinia intermedia,yin,vancomycin,Enterobacterales
yersinia kristensenii,ykr,azithromycin,Enterobacterales
yersinia kristensenii,ykr,clarithromycin,Enterobacterales
yersinia kristensenii,ykr,clindamycin,Enterobacterales
yersinia kristensenii,ykr,daptomycin,Enterobacterales
yersinia kristensenii,ykr,erythromycin,Enterobacterales
yersinia kristensenii,ykr,fusidic acid,Enterobacterales
yersinia kristensenii,ykr,linezolid,Enterobacterales
yersinia kristensenii,ykr,oritavancin,Enterobacterales
yersinia kristensenii,ykr,quinupristin/dalfopristin,Enterobacterales
yersinia kristensenii,ykr,teicoplanin,Enterobacterales
yersinia kristensenii,ykr,telavancin,Enterobacterales
yersinia kristensenii,ykr,vancomycin,Enterobacterales
yersinia mollaretii,ymo,azithromycin,Enterobacterales
yersinia mollaretii,ymo,clarithromycin,Enterobacterales
yersinia mollaretii,ymo,clindamycin,Enterobacterales
yersinia mollaretii,ymo,daptomycin,Enterobacterales
yersinia mollaretii,ymo,erythromycin,Enterobacterales
yersinia mollaretii,ymo,fusidic acid,Enterobacterales
yersinia mollaretii,ymo,linezolid,Enterobacterales
yersinia mollaretii,ymo,oritavancin,Enterobacterales
yersinia mollaretii,ymo,quinupristin/dalfopristin,Enterobacterales
yersinia mollaretii,ymo,teicoplanin,Enterobacterales
yersinia mollaretii,ymo,telavancin,Enterobacterales
yersinia mollaretii,ymo,vancomycin,Enterobacterales
yersinia pestis,yep,azithromycin,Enterobacterales
yersinia pestis,yep,clarithromycin,Enterobacterales
yersinia pestis,yep,clindamycin,Enterobacterales
yersinia pestis,yep,daptomycin,Enterobacterales
yersinia pestis,yep,erythromycin,Enterobacterales
yersinia pestis,yep,fusidic acid,Enterobacterales
yersinia pestis,yep,linezolid,Enterobacterales
yersinia pestis,yep,oritavancin,Enterobacterales
yersinia pestis,yep,quinupristin/dalfopristin,Enterobacterales
yersinia pestis,yep,teicoplanin,Enterobacterales
yersinia pestis,yep,telavancin,Enterobacterales
yersinia pestis,yep,vancomycin,Enterobacterales
yersinia pseudotuberculosis,yes,azithromycin,Enterobacterales
yersinia pseudotuberculosis,yes,clarithromycin,Enterobacterales
yersinia pseudotuberculosis,yes,clindamycin,Enterobacterales
yersinia pseudotuberculosis,yes,colistin,Enterobacterales
yersinia pseudotuberculosis,yes,daptomycin,Enterobacterales
yersinia pseudotuberculosis,yes,erythromycin,Enterobacterales
yersinia pseudotuberculosis,yes,fusidic acid,Enterobacterales
yersinia pseudotuberculosis,yes,linezolid,Enterobacterales
yersinia pseudotuberculosis,yes,oritavancin,Enterobacterales
yersinia pseudotuberculosis,yes,polymyxin b,Enterobacterales
yersinia pseudotuberculosis,yes,quinupristin/dalfopristin,Enterobacterales
yersinia pseudotuberculosis,yes,teicoplanin,Enterobacterales
yersinia pseudotuberculosis,yes,telavancin,Enterobacterales
yersinia pseudotuberculosis,yes,vancomycin,Enterobacterales
yersinia rohdei,yro,azithromycin,Enterobacterales
yersinia rohdei,yro,clarithromycin,Enterobacterales
yersinia rohdei,yro,clindamycin,Enterobacterales
yersinia rohdei,yro,daptomycin,Enterobacterales
yersinia rohdei,yro,erythromycin,Enterobacterales
yersinia rohdei,yro,fusidic acid,Enterobacterales
yersinia rohdei,yro,linezolid,Enterobacterales
yersinia rohdei,yro,oritavancin,Enterobacterales
yersinia rohdei,yro,quinupristin/dalfopristin,Enterobacterales
yersinia rohdei,yro,teicoplanin,Enterobacterales
yersinia rohdei,yro,telavancin,Enterobacterales
yersinia rohdei,yro,vancomycin,Enterobacterales
yersinia ruckeri,yru,azithromycin,Enterobacterales
yersinia ruckeri,yru,clarithromycin,Enterobacterales
yersinia ruckeri,yru,clindamycin,Enterobacterales
yersinia ruckeri,yru,daptomycin,Enterobacterales
yersinia ruckeri,yru,erythromycin,Enterobacterales
yersinia ruckeri,yru,fusidic acid,Enterobacterales
yersinia ruckeri,yru,linezolid,Enterobacterales
yersinia ruckeri,yru,oritavancin,Enterobacterales
yersinia ruckeri,yru,quinupristin/dalfopristin,Enterobacterales
yersinia ruckeri,yru,teicoplanin,Enterobacterales
yersinia ruckeri,yru,telavancin,Enterobacterales
yersinia ruckeri,yru,vancomycin,Enterobacterales
yersinia sp.,yer,azithromycin,Enterobacterales
yersinia sp.,yer,clarithromycin,Enterobacterales
yersinia sp.,yer,clindamycin,Enterobacterales
yersinia sp.,yer,daptomycin,Enterobacterales
yersinia sp.,yer,erythromycin,Enterobacterales
yersinia sp.,yer,fusidic acid,Enterobacterales
yersinia sp.,yer,linezolid,Enterobacterales
yersinia sp.,yer,oritavancin,Enterobacterales
yersinia sp.,yer,quinupristin/dalfopristin,Enterobacterales
yersinia sp.,yer,teicoplanin,Enterobacterales
yersinia sp.,yer,telavancin,Enterobacterales
yersinia sp.,yer,vancomycin,Enterobacterales
yokenella regensburgei (kos. trabulsii),yre,azithromycin,Enterobacterales
yokenella regensburgei (kos. trabulsii),yre,clarithromycin,Enterobacterales
yokenella regensburgei (kos. trabulsii),yre,clindamycin,Enterobacterales
yokenella regensburgei (kos. trabulsii),yre,daptomycin,Enterobacterales
yokenella regensburgei (kos. trabulsii),yre,erythromycin,Enterobacterales
yokenella regensburgei (kos. trabulsii),yre,fusidic acid,Enterobacterales
yokenella regensburgei (kos. trabulsii),yre,linezolid,Enterobacterales
yokenella regensburgei (kos. trabulsii),yre,oritavancin,Enterobacterales
yokenella regensburgei (kos. trabulsii),yre,quinupristin/dalfopristin,Enterobacterales
yokenella regensburgei (kos. trabulsii),yre,teicoplanin,Enterobacterales
yokenella regensburgei (kos. trabulsii),yre,telavancin,Enterobacterales
yokenella regensburgei (kos. trabulsii),yre,vancomycin,Enterobacterales
yokenella sp.,yok,azithromycin,Enterobacterales
yokenella sp.,yok,clarithromycin,Enterobacterales
yokenella sp.,yok,clindamycin,Enterobacterales
yokenella sp.,yok,daptomycin,Enterobacterales
yokenella sp.,yok,erythromycin,Enterobacterales
yokenella sp.,yok,fusidic acid,Enterobacterales
yokenella sp.,yok,linezolid,Enterobacterales
yokenella sp.,yok,oritavancin,Enterobacterales
yokenella sp.,yok,quinupristin/dalfopristin,Enterobacterales
yokenella sp.,yok,teicoplanin,Enterobacterales
yokenella sp.,yok,telavancin,Enterobacterales
yokenella sp.,yok,vancomycin,Enterobacterales
